This is XeTeX, Version 3.141592653-2.6-0.999998 (TeX Live 2026) (preloaded format=xelatex 2026.6.26)  25 AUG 2026 16:28
entering extended mode
 \write18 enabled.
 %&-line parsing enabled.
**main.tex
(./main.tex
LaTeX2e <2026-06-01>
L3 programming layer <2026-06-18>

LaTeX Info: File `output.xmpdata' already exists on the system.
            Not generating it from this source.

(./uom_eee_dissertation_casson.cls
Document Class: uom_eee_dissertation_casson 2025/03/28 - Alex Casson - University of Manchester MSc and BEng dissertation format
(/usr/local/texlive/2026/texmf-dist/tex/latex/base/article.cls
Document Class: article 2025/01/22 v1.4n Standard LaTeX document class
(/usr/local/texlive/2026/texmf-dist/tex/latex/base/size10.clo
File: size10.clo 2025/01/22 v1.4n Standard LaTeX file (size option)
)
\c@part=\count273
\c@section=\count274
\c@subsection=\count275
\c@subsubsection=\count276
\c@paragraph=\count277
\c@subparagraph=\count278
\c@figure=\count279
\c@table=\count280
\abovecaptionskip=\skip49
\belowcaptionskip=\skip50
\bibindent=\dimen150
) (/usr/local/texlive/2026/texmf-dist/tex/latex/pdfx/pdfx.sty
Package: pdfx 2024/06/24 v1.6.5f PDF/X and PDF/A support (CVR/HTH/RRM/PS)
\pdfx@minorversion=\count281
\pdfx@majorversion=\count282
\pdfmajorversion=\count283
\pdfminorversion=\count284
(/usr/local/texlive/2026/texmf-dist/tex/generic/iftex/ifluatex.sty
Package: ifluatex 2019/10/25 v1.5 ifluatex legacy package. Use iftex instead.
(/usr/local/texlive/2026/texmf-dist/tex/generic/iftex/iftex.sty
Package: iftex 2024/12/12 v1.0g TeX engine tests
)) (/usr/local/texlive/2026/texmf-dist/tex/generic/iftex/ifpdf.sty
Package: ifpdf 2019/10/25 v3.4 ifpdf legacy package. Use iftex instead.
) (/usr/local/texlive/2026/texmf-dist/tex/generic/iftex/ifxetex.sty
Package: ifxetex 2019/10/25 v0.7 ifxetex legacy package. Use iftex instead.
) (/usr/local/texlive/2026/texmf-dist/tex/latex/everyshi/everyshi.sty
Package: everyshi 2020/11/18 v4.00 EveryShipout Package
) (/usr/local/texlive/2026/texmf-dist/tex/latex/pdfx/l8u-penc.def
File: l8u-penc.def 2017/06/23 v0.8 Custom LaTeX file, for UTF8 encoded letters and symbols
LaTeX Encoding Info:    Redeclaring text command \textdoubletilde (encoding L8U) on input line 210.
LaTeX Encoding Info:    Redeclaring text command \texttipaG (encoding L8U) on input line 256.
LaTeX Encoding Info:    Redeclaring text command \texttipam (encoding L8U) on input line 257.
LaTeX Encoding Info:    Redeclaring text command \texttipaM (encoding L8U) on input line 258.
LaTeX Encoding Info:    Redeclaring text command \b (encoding L8U) on input line 278.
LaTeX Encoding Info:    Text composite with undeclared \b in encoding L8U on input line 278.
LaTeX Encoding Info:    Redeclaring text command \textacutemacron (encoding L8U) on input line 323.
LaTeX Encoding Info:    Redeclaring text command \textgravemacron (encoding L8U) on input line 334.
LaTeX Encoding Info:    Redeclaring text command \textacutemacron (encoding L8U) on input line 336.
LaTeX Encoding Info:    Redeclaring text command \textellipsis (encoding L8U) on input line 2514.
LaTeX Encoding Info:    Redeclaring text command \textfractionsolidus (encoding L8U) on input line 2529.
LaTeX Encoding Info:    Redeclaring text command \texthinferior (encoding L8U) on input line 2618.
LaTeX Encoding Info:    Redeclaring text command \texthslash (encoding L8U) on input line 2678.
LaTeX Encoding Info:    Redeclaring text command \texttrademark (encoding L8U) on input line 2687.
LaTeX Encoding Info:    Redeclaring text command \textupstep (encoding L8U) on input line 3739.
LaTeX Encoding Info:    Redeclaring text command \textdownstep (encoding L8U) on input line 3740.
LaTeX Encoding Info:    Redeclaring text command \textcopyleft (encoding L8U) on input line 3810.
)
\pdfxsafeforxmp@toks=\toks17
(/usr/local/texlive/2026/texmf-dist/tex/latex/xcolor/xcolor.sty
Package: xcolor 2024/09/29 v3.02 LaTeX color extensions (UK)
(/usr/local/texlive/2026/texmf-dist/tex/latex/graphics-cfg/color.cfg
File: color.cfg 2016/01/02 v1.6 sample color configuration
)

Package xcolor Warning: Package option `hyperref' is obsolete and ignored on input line 265.

Package xcolor Info: Driver file: xetex.def on input line 274.
(/usr/local/texlive/2026/texmf-dist/tex/latex/graphics-def/xetex.def
File: xetex.def 2025/11/01 v5.0p Graphics/color driver for xetex
) (/usr/local/texlive/2026/texmf-dist/tex/latex/graphics/mathcolor.ltx)
Package xcolor Info: Model `cmy' substituted by `cmy0' on input line 1349.
Package xcolor Info: Model `RGB' extended on input line 1365.
Package xcolor Info: Model `HTML' substituted by `rgb' on input line 1367.
Package xcolor Info: Model `Hsb' substituted by `hsb' on input line 1368.
Package xcolor Info: Model `tHsb' substituted by `hsb' on input line 1369.
Package xcolor Info: Model `HSB' substituted by `hsb' on input line 1370.
Package xcolor Info: Model `Gray' substituted by `gray' on input line 1371.
Package xcolor Info: Model `wave' substituted by `hsb' on input line 1372.
)
\pdfx@tmptoks=\toks18
(/usr/local/texlive/2026/texmf-dist/tex/latex/hyperref/hyperref.sty
Package: hyperref 2026-06-17 v7.01r Hypertext links for LaTeX
(/usr/local/texlive/2026/texmf-dist/tex/latex/graphics/keyval.sty
Package: keyval 2026-05-17 v1.15 key=value parser (DPC)
\KV@toks@=\toks19
) (/usr/local/texlive/2026/texmf-dist/tex/latex/kvsetkeys/kvsetkeys.sty
Package: kvsetkeys 2022-10-05 v1.19 Key value parser (HO)
) (/usr/local/texlive/2026/texmf-dist/tex/generic/kvdefinekeys/kvdefinekeys.sty
Package: kvdefinekeys 2019-12-19 v1.6 Define keys (HO)
) (/usr/local/texlive/2026/texmf-dist/tex/generic/pdfescape/pdfescape.sty
Package: pdfescape 2019/12/09 v1.15 Implements pdfTeX's escape features (HO)
(/usr/local/texlive/2026/texmf-dist/tex/generic/ltxcmds/ltxcmds.sty
Package: ltxcmds 2023-12-04 v1.26 LaTeX kernel commands for general use (HO)
) (/usr/local/texlive/2026/texmf-dist/tex/generic/pdftexcmds/pdftexcmds.sty
Package: pdftexcmds 2020-06-27 v0.33 Utility functions of pdfTeX for LuaTeX (HO)
(/usr/local/texlive/2026/texmf-dist/tex/generic/infwarerr/infwarerr.sty
Package: infwarerr 2019/12/03 v1.5 Providing info/warning/error messages (HO)
)
Package pdftexcmds Info: \pdf@primitive is available.
Package pdftexcmds Info: \pdf@ifprimitive is available.
Package pdftexcmds Info: \pdfdraftmode not found.
)) (/usr/local/texlive/2026/texmf-dist/tex/latex/hycolor/hycolor.sty
Package: hycolor 2020-01-27 v1.10 Color options for hyperref/bookmark (HO)
) (/usr/local/texlive/2026/texmf-dist/tex/latex/hyperref/nameref.sty
Package: nameref 2026-01-29 v2.58 Cross-referencing by name of section
(/usr/local/texlive/2026/texmf-dist/tex/latex/refcount/refcount.sty
Package: refcount 2019/12/15 v3.6 Data extraction from label references (HO)
) (/usr/local/texlive/2026/texmf-dist/tex/generic/gettitlestring/gettitlestring.sty
Package: gettitlestring 2019/12/15 v1.6 Cleanup title references (HO)
(/usr/local/texlive/2026/texmf-dist/tex/latex/kvoptions/kvoptions.sty
Package: kvoptions 2022-06-15 v3.15 Key value format for package options (HO)
))
\c@section@level=\count285
) (/usr/local/texlive/2026/texmf-dist/tex/latex/etoolbox/etoolbox.sty
Package: etoolbox 2025/10/02 v2.5m e-TeX tools for LaTeX (JAW)
\etb@tempcnta=\count286
) (/usr/local/texlive/2026/texmf-dist/tex/generic/stringenc/stringenc.sty
Package: stringenc 2019/11/29 v1.12 Convert strings between diff. encodings (HO)
)
\@linkdim=\dimen151
\Hy@linkcounter=\count287
\Hy@pagecounter=\count288
(/usr/local/texlive/2026/texmf-dist/tex/latex/hyperref/pd1enc.def
File: pd1enc.def 2026-06-17 v7.01r Hyperref: PDFDocEncoding definition (HO)
) (/usr/local/texlive/2026/texmf-dist/tex/generic/intcalc/intcalc.sty
Package: intcalc 2019/12/15 v1.3 Expandable calculations with integers (HO)
)
\Hy@SavedSpaceFactor=\count289
(/usr/local/texlive/2026/texmf-dist/tex/latex/hyperref/puenc.def
File: puenc.def 2026-06-17 v7.01r Hyperref: PDF Unicode definition (HO)
)
Package hyperref Info: Option `pdfa' set `true' on input line 4070.
Package hyperref Info: Hyper figures OFF on input line 4199.
Package hyperref Info: Link nesting OFF on input line 4204.
Package hyperref Info: Hyper index ON on input line 4207.
Package hyperref Info: Plain pages OFF on input line 4214.
Package hyperref Info: Backreferencing OFF on input line 4219.
Package hyperref Info: Implicit mode ON; LaTeX internals redefined.
Package hyperref Info: Bookmarks ON on input line 4466.
\c@Hy@tempcnt=\count290
(/usr/local/texlive/2026/texmf-dist/tex/latex/url/url.sty
\Urlmuskip=\muskip17
Package: url 2013/09/16  ver 3.4  Verb mode for urls, etc.
)
LaTeX Info: Redefining \url on input line 4805.
\XeTeXLinkMargin=\dimen152
(/usr/local/texlive/2026/texmf-dist/tex/generic/bitset/bitset.sty
Package: bitset 2019/12/09 v1.3 Handle bit-vector datatype (HO)
(/usr/local/texlive/2026/texmf-dist/tex/generic/bigintcalc/bigintcalc.sty
Package: bigintcalc 2019/12/15 v1.5 Expandable calculations on big integers (HO)
))
\Fld@menulength=\count291
\Field@Width=\dimen153
\Fld@charsize=\dimen154
Package hyperref Info: Hyper figures OFF on input line 6091.
Package hyperref Info: Link nesting OFF on input line 6096.
Package hyperref Info: Hyper index ON on input line 6099.
Package hyperref Info: backreferencing OFF on input line 6106.
Package hyperref Info: Link coloring OFF on input line 6111.
Package hyperref Info: Link coloring with OCG OFF on input line 6116.
Package hyperref Info: PDF/A mode ON on input line 6119.
\Hy@abspage=\count292
\c@Item=\count293
\c@Hfootnote=\count294
)
Package hyperref Info: Driver: hxetex.
(/usr/local/texlive/2026/texmf-dist/tex/latex/hyperref/hxetex.def
File: hxetex.def 2026-06-17 v7.01r Hyperref driver for XeTeX
\pdfm@box=\box53
\c@Hy@AnnotLevel=\count295
\HyField@AnnotCount=\count296
\Fld@listcount=\count297
\c@bookmark@seq@number=\count298
(/usr/local/texlive/2026/texmf-dist/tex/latex/rerunfilecheck/rerunfilecheck.sty
Package: rerunfilecheck 2025-06-21 v1.11 Rerun checks for auxiliary files (HO)
(/usr/local/texlive/2026/texmf-dist/tex/generic/uniquecounter/uniquecounter.sty
Package: uniquecounter 2019/12/15 v1.4 Provide unlimited unique counter (HO)
)
Package uniquecounter Info: New unique counter `rerunfilecheck' on input line 284.
)
\Hy@SectionHShift=\skip51
)
Package hyperref Info: Option `psdextra' set `true' on input line 1535.
(/usr/local/texlive/2026/texmf-dist/tex/latex/hyperref/psdextra.def
File: psdextra.def 2026-06-17 v7.01r Hyperref: Additions to PDF string support
) (/usr/local/texlive/2026/texmf-dist/tex/generic/colorprofiles/colorprofiles.sty
Package: colorprofiles 2018/11/01 v1.0.1 color profiles for PDF/X and PDF/A support
(/usr/local/texlive/2026/texmf-dist/tex/generic/colorprofiles/colorprofiles.tex)) (/usr/local/texlive/2026/texmf-dist/tex/latex/pdfx/AdobeColorProfiles.tex)
** pdfx: Metadata file output.xmpdata read successfully.
(./output.xmpdata) (/usr/local/texlive/2026/texmf-dist/tex/latex/base/ifthen.sty
Package: ifthen 2024/03/16 v1.1e Standard LaTeX ifthen package (DPC)
) (/usr/local/texlive/2026/texmf-dist/tex/latex/xmpincl/xmpincl.sty
Package: xmpincl 2021/09/22 v2.4 Include XMP data in pdflatex
)
Using XMP template file: pdfa.xmp
\xmpinclWrite=\write3
\xmpinclRead=\read2
\openout3 = `pdfa.xmpi'.


Package pdfx Warning: Setting all color commands to rgb,
consistent with the Color Model for PDF/A  on input line 3126.

)
Package hyperref Info: Option `colorlinks' set `false' on input line 35.
Package hyperref Info: Option `breaklinks' set `true' on input line 35.
(/usr/local/texlive/2026/texmf-dist/tex/latex/titlesec/titlesec.sty
Package: titlesec 2025/01/04 v2.17 Sectioning titles
\ttl@box=\box54
\beforetitleunit=\skip52
\aftertitleunit=\skip53
\ttl@plus=\dimen155
\ttl@minus=\dimen156
\ttl@toksa=\toks20
\titlewidth=\dimen157
\titlewidthlast=\dimen158
\titlewidthfirst=\dimen159
) (/usr/local/texlive/2026/texmf-dist/tex/latex/geometry/geometry.sty
Package: geometry 2026/03/07 v6.0 Page Geometry
(/usr/local/texlive/2026/texmf-dist/tex/generic/iftex/ifvtex.sty
Package: ifvtex 2019/10/25 v1.7 ifvtex legacy package. Use iftex instead.
)
\Gm@cnth=\count299
\Gm@cntv=\count300
\c@Gm@tempcnt=\count301
\Gm@bindingoffset=\dimen160
\Gm@wd@mp=\dimen161
\Gm@odd@mp=\dimen162
\Gm@even@mp=\dimen163
\Gm@layoutwidth=\dimen164
\Gm@layoutheight=\dimen165
\Gm@layouthoffset=\dimen166
\Gm@layoutvoffset=\dimen167
\Gm@dimlist=\toks21
) (/usr/local/texlive/2026/texmf-dist/tex/latex/setspace/setspace.sty
Package: setspace 2022/12/04 v6.7b set line spacing
) (/usr/local/texlive/2026/texmf-dist/tex/latex/ragged2e/ragged2e.sty
Package: ragged2e 2023/06/22 v3.6 ragged2e Package
(/usr/local/texlive/2026/texmf-dist/tex/latex/footmisc/footmisc.sty
Package: footmisc 2025/05/09 v7.0b a miscellany of footnote facilities
\FN@temptoken=\toks22
\footnotemargin=\dimen168
Package footmisc Info: Declaring symbol style bringhurst on input line 549.
Package footmisc Info: Declaring symbol style chicago on input line 557.
Package footmisc Info: Declaring symbol style wiley on input line 566.
Package footmisc Info: Declaring symbol style lamport-robust on input line 577.
Package footmisc Info: Declaring symbol style lamport* on input line 597.
Package footmisc Info: Declaring symbol style lamport*-robust on input line 618.
)
\CenteringLeftskip=\skip54
\RaggedLeftLeftskip=\skip55
\RaggedRightLeftskip=\skip56
\CenteringRightskip=\skip57
\RaggedLeftRightskip=\skip58
\RaggedRightRightskip=\skip59
\CenteringParfillskip=\skip60
\RaggedLeftParfillskip=\skip61
\RaggedRightParfillskip=\skip62
\JustifyingParfillskip=\skip63
\CenteringParindent=\skip64
\RaggedLeftParindent=\skip65
\RaggedRightParindent=\skip66
\JustifyingParindent=\skip67
) (/usr/local/texlive/2026/texmf-dist/tex/latex/pgf/basiclayer/pgfcore.sty (/usr/local/texlive/2026/texmf-dist/tex/latex/graphics/graphicx.sty
Package: graphicx 2026-05-17 v1.2e Enhanced LaTeX Graphics (DPC,SPQR)
(/usr/local/texlive/2026/texmf-dist/tex/latex/graphics/graphics.sty
Package: graphics 2026-05-17 v1.4h Standard LaTeX Graphics (DPC,SPQR)
(/usr/local/texlive/2026/texmf-dist/tex/latex/graphics/trig.sty
Package: trig 2023/12/02 v1.11 sin cos tan (DPC)
) (/usr/local/texlive/2026/texmf-dist/tex/latex/graphics-cfg/graphics.cfg
File: graphics.cfg 2016/06/04 v1.11 sample graphics configuration
)
Package graphics Info: Driver file: xetex.def on input line 106.
)
\Gin@req@height=\dimen169
\Gin@req@width=\dimen170
) (/usr/local/texlive/2026/texmf-dist/tex/latex/pgf/systemlayer/pgfsys.sty (/usr/local/texlive/2026/texmf-dist/tex/latex/pgf/utilities/pgfrcs.sty (/usr/local/texlive/2026/texmf-dist/tex/generic/pgf/utilities/pgfutil-common.tex
\pgfutil@everybye=\toks23
\pgfutil@tempdima=\dimen171
\pgfutil@tempdimb=\dimen172
) (/usr/local/texlive/2026/texmf-dist/tex/generic/pgf/utilities/pgfutil-latex.def
\pgfutil@abb=\box55
) (/usr/local/texlive/2026/texmf-dist/tex/generic/pgf/utilities/pgfrcs.code.tex (/usr/local/texlive/2026/texmf-dist/tex/generic/pgf/pgf.revision.tex)
Package: pgfrcs 2025-08-29 v3.1.11a (3.1.11a)
)) (/usr/local/texlive/2026/texmf-dist/tex/generic/pgf/systemlayer/pgfsys.code.tex
Package: pgfsys 2025-08-29 v3.1.11a (3.1.11a)
(/usr/local/texlive/2026/texmf-dist/tex/generic/pgf/utilities/pgfkeys.code.tex
\pgfkeys@pathtoks=\toks24
\pgfkeys@temptoks=\toks25
(/usr/local/texlive/2026/texmf-dist/tex/generic/pgf/utilities/pgfkeyslibraryfiltered.code.tex
\pgfkeys@tmptoks=\toks26
))
\pgf@x=\dimen173
\pgf@y=\dimen174
\pgf@xa=\dimen175
\pgf@ya=\dimen176
\pgf@xb=\dimen177
\pgf@yb=\dimen178
\pgf@xc=\dimen179
\pgf@yc=\dimen180
\pgf@xd=\dimen181
\pgf@yd=\dimen182
\w@pgf@writea=\write4
\r@pgf@reada=\read3
\c@pgf@counta=\count302
\c@pgf@countb=\count303
\c@pgf@countc=\count304
\c@pgf@countd=\count305
\t@pgf@toka=\toks27
\t@pgf@tokb=\toks28
\t@pgf@tokc=\toks29
\pgf@sys@id@count=\count306
(/usr/local/texlive/2026/texmf-dist/tex/generic/pgf/systemlayer/pgf.cfg
File: pgf.cfg 2025-08-29 v3.1.11a (3.1.11a)
)
Driver file for pgf: pgfsys-xetex.def
(/usr/local/texlive/2026/texmf-dist/tex/generic/pgf/systemlayer/pgfsys-xetex.def
File: pgfsys-xetex.def 2025-08-29 v3.1.11a (3.1.11a)
(/usr/local/texlive/2026/texmf-dist/tex/generic/pgf/systemlayer/pgfsys-dvipdfmx.def
File: pgfsys-dvipdfmx.def 2025-08-29 v3.1.11a (3.1.11a)
(/usr/local/texlive/2026/texmf-dist/tex/generic/pgf/systemlayer/pgfsys-common-pdf.def
File: pgfsys-common-pdf.def 2025-08-29 v3.1.11a (3.1.11a)
)
\pgfsys@objnum=\count307
))) (/usr/local/texlive/2026/texmf-dist/tex/generic/pgf/systemlayer/pgfsyssoftpath.code.tex
File: pgfsyssoftpath.code.tex 2025-08-29 v3.1.11a (3.1.11a)
\pgfsyssoftpath@smallbuffer@items=\count308
\pgfsyssoftpath@bigbuffer@items=\count309
) (/usr/local/texlive/2026/texmf-dist/tex/generic/pgf/systemlayer/pgfsysprotocol.code.tex
File: pgfsysprotocol.code.tex 2025-08-29 v3.1.11a (3.1.11a)
)) (/usr/local/texlive/2026/texmf-dist/tex/generic/pgf/basiclayer/pgfcore.code.tex
Package: pgfcore 2025-08-29 v3.1.11a (3.1.11a)
(/usr/local/texlive/2026/texmf-dist/tex/generic/pgf/math/pgfmath.code.tex (/usr/local/texlive/2026/texmf-dist/tex/generic/pgf/math/pgfmathutil.code.tex) (/usr/local/texlive/2026/texmf-dist/tex/generic/pgf/math/pgfmathparser.code.tex
\pgfmath@dimen=\dimen183
\pgfmath@count=\count310
\pgfmath@box=\box56
\pgfmath@toks=\toks30
\pgfmath@stack@operand=\toks31
\pgfmath@stack@operation=\toks32
) (/usr/local/texlive/2026/texmf-dist/tex/generic/pgf/math/pgfmathfunctions.code.tex) (/usr/local/texlive/2026/texmf-dist/tex/generic/pgf/math/pgfmathfunctions.basic.code.tex) (/usr/local/texlive/2026/texmf-dist/tex/generic/pgf/math/pgfmathfunctions.trigonometric.code.tex) (/usr/local/texlive/2026/texmf-dist/tex/generic/pgf/math/pgfmathfunctions.random.code.tex) (/usr/local/texlive/2026/texmf-dist/tex/generic/pgf/math/pgfmathfunctions.comparison.code.tex) (/usr/local/texlive/2026/texmf-dist/tex/generic/pgf/math/pgfmathfunctions.base.code.tex) (/usr/local/texlive/2026/texmf-dist/tex/generic/pgf/math/pgfmathfunctions.round.code.tex) (/usr/local/texlive/2026/texmf-dist/tex/generic/pgf/math/pgfmathfunctions.misc.code.tex) (/usr/local/texlive/2026/texmf-dist/tex/generic/pgf/math/pgfmathfunctions.integerarithmetics.code.tex) (/usr/local/texlive/2026/texmf-dist/tex/generic/pgf/math/pgfmathcalc.code.tex) (/usr/local/texlive/2026/texmf-dist/tex/generic/pgf/math/pgfmathfloat.code.tex
\c@pgfmathroundto@lastzeros=\count311
)) (/usr/local/texlive/2026/texmf-dist/tex/generic/pgf/math/pgfint.code.tex) (/usr/local/texlive/2026/texmf-dist/tex/generic/pgf/basiclayer/pgfcorepoints.code.tex
File: pgfcorepoints.code.tex 2025-08-29 v3.1.11a (3.1.11a)
\pgf@picminx=\dimen184
\pgf@picmaxx=\dimen185
\pgf@picminy=\dimen186
\pgf@picmaxy=\dimen187
\pgf@pathminx=\dimen188
\pgf@pathmaxx=\dimen189
\pgf@pathminy=\dimen190
\pgf@pathmaxy=\dimen191
\pgf@xx=\dimen192
\pgf@xy=\dimen193
\pgf@yx=\dimen194
\pgf@yy=\dimen195
\pgf@zx=\dimen196
\pgf@zy=\dimen197
) (/usr/local/texlive/2026/texmf-dist/tex/generic/pgf/basiclayer/pgfcorepathconstruct.code.tex
File: pgfcorepathconstruct.code.tex 2025-08-29 v3.1.11a (3.1.11a)
\pgf@path@lastx=\dimen198
\pgf@path@lasty=\dimen199
) (/usr/local/texlive/2026/texmf-dist/tex/generic/pgf/basiclayer/pgfcorepathusage.code.tex
File: pgfcorepathusage.code.tex 2025-08-29 v3.1.11a (3.1.11a)
\pgf@shorten@end@additional=\dimen256
\pgf@shorten@start@additional=\dimen257
) (/usr/local/texlive/2026/texmf-dist/tex/generic/pgf/basiclayer/pgfcorescopes.code.tex
File: pgfcorescopes.code.tex 2025-08-29 v3.1.11a (3.1.11a)
\pgfpic=\box57
\pgf@hbox=\box58
\pgf@layerbox@main=\box59
\pgf@picture@serial@count=\count312
) (/usr/local/texlive/2026/texmf-dist/tex/generic/pgf/basiclayer/pgfcoregraphicstate.code.tex
File: pgfcoregraphicstate.code.tex 2025-08-29 v3.1.11a (3.1.11a)
\pgflinewidth=\dimen258
) (/usr/local/texlive/2026/texmf-dist/tex/generic/pgf/basiclayer/pgfcoretransformations.code.tex
File: pgfcoretransformations.code.tex 2025-08-29 v3.1.11a (3.1.11a)
\pgf@pt@x=\dimen259
\pgf@pt@y=\dimen260
\pgf@pt@temp=\dimen261
) (/usr/local/texlive/2026/texmf-dist/tex/generic/pgf/basiclayer/pgfcorequick.code.tex
File: pgfcorequick.code.tex 2025-08-29 v3.1.11a (3.1.11a)
) (/usr/local/texlive/2026/texmf-dist/tex/generic/pgf/basiclayer/pgfcoreobjects.code.tex
File: pgfcoreobjects.code.tex 2025-08-29 v3.1.11a (3.1.11a)
) (/usr/local/texlive/2026/texmf-dist/tex/generic/pgf/basiclayer/pgfcorepathprocessing.code.tex
File: pgfcorepathprocessing.code.tex 2025-08-29 v3.1.11a (3.1.11a)
) (/usr/local/texlive/2026/texmf-dist/tex/generic/pgf/basiclayer/pgfcorearrows.code.tex
File: pgfcorearrows.code.tex 2025-08-29 v3.1.11a (3.1.11a)
\pgfarrowsep=\dimen262
) (/usr/local/texlive/2026/texmf-dist/tex/generic/pgf/basiclayer/pgfcoreshade.code.tex
File: pgfcoreshade.code.tex 2025-08-29 v3.1.11a (3.1.11a)
\pgf@max=\dimen263
\pgf@sys@shading@range@num=\count313
\pgf@shadingcount=\count314
) (/usr/local/texlive/2026/texmf-dist/tex/generic/pgf/basiclayer/pgfcoreimage.code.tex
File: pgfcoreimage.code.tex 2025-08-29 v3.1.11a (3.1.11a)
) (/usr/local/texlive/2026/texmf-dist/tex/generic/pgf/basiclayer/pgfcoreexternal.code.tex
File: pgfcoreexternal.code.tex 2025-08-29 v3.1.11a (3.1.11a)
\pgfexternal@startupbox=\box60
) (/usr/local/texlive/2026/texmf-dist/tex/generic/pgf/basiclayer/pgfcorelayers.code.tex
File: pgfcorelayers.code.tex 2025-08-29 v3.1.11a (3.1.11a)
) (/usr/local/texlive/2026/texmf-dist/tex/generic/pgf/basiclayer/pgfcoretransparency.code.tex
File: pgfcoretransparency.code.tex 2025-08-29 v3.1.11a (3.1.11a)
) (/usr/local/texlive/2026/texmf-dist/tex/generic/pgf/basiclayer/pgfcorepatterns.code.tex
File: pgfcorepatterns.code.tex 2025-08-29 v3.1.11a (3.1.11a)
) (/usr/local/texlive/2026/texmf-dist/tex/generic/pgf/basiclayer/pgfcorerdf.code.tex
File: pgfcorerdf.code.tex 2025-08-29 v3.1.11a (3.1.11a)
))) (/usr/local/texlive/2026/texmf-dist/tex/latex/pgf/frontendlayer/tikz.sty (/usr/local/texlive/2026/texmf-dist/tex/latex/pgf/basiclayer/pgf.sty
Package: pgf 2025-08-29 v3.1.11a (3.1.11a)
(/usr/local/texlive/2026/texmf-dist/tex/generic/pgf/modules/pgfmoduleshapes.code.tex
File: pgfmoduleshapes.code.tex 2025-08-29 v3.1.11a (3.1.11a)
\pgfnodeparttextbox=\box61
) (/usr/local/texlive/2026/texmf-dist/tex/generic/pgf/modules/pgfmoduleplot.code.tex
File: pgfmoduleplot.code.tex 2025-08-29 v3.1.11a (3.1.11a)
) (/usr/local/texlive/2026/texmf-dist/tex/latex/pgf/compatibility/pgfcomp-version-0-65.sty
Package: pgfcomp-version-0-65 2025-08-29 v3.1.11a (3.1.11a)
\pgf@nodesepstart=\dimen264
\pgf@nodesepend=\dimen265
) (/usr/local/texlive/2026/texmf-dist/tex/latex/pgf/compatibility/pgfcomp-version-1-18.sty
Package: pgfcomp-version-1-18 2025-08-29 v3.1.11a (3.1.11a)
)) (/usr/local/texlive/2026/texmf-dist/tex/latex/pgf/utilities/pgffor.sty (/usr/local/texlive/2026/texmf-dist/tex/latex/pgf/utilities/pgfkeys.sty (/usr/local/texlive/2026/texmf-dist/tex/generic/pgf/utilities/pgfkeys.code.tex)) (/usr/local/texlive/2026/texmf-dist/tex/latex/pgf/math/pgfmath.sty (/usr/local/texlive/2026/texmf-dist/tex/generic/pgf/math/pgfmath.code.tex)) (/usr/local/texlive/2026/texmf-dist/tex/generic/pgf/utilities/pgffor.code.tex
Package: pgffor 2025-08-29 v3.1.11a (3.1.11a)
\pgffor@iter=\dimen266
\pgffor@skip=\dimen267
\pgffor@stack=\toks33
\pgffor@toks=\toks34
)) (/usr/local/texlive/2026/texmf-dist/tex/generic/pgf/frontendlayer/tikz/tikz.code.tex
Package: tikz 2025-08-29 v3.1.11a (3.1.11a)
(/usr/local/texlive/2026/texmf-dist/tex/generic/pgf/libraries/pgflibraryplothandlers.code.tex
File: pgflibraryplothandlers.code.tex 2025-08-29 v3.1.11a (3.1.11a)
\pgf@plot@mark@count=\count315
\pgfplotmarksize=\dimen268
)
\tikz@lastx=\dimen269
\tikz@lasty=\dimen270
\tikz@lastxsaved=\dimen271
\tikz@lastysaved=\dimen272
\tikz@lastmovetox=\dimen273
\tikz@lastmovetoy=\dimen274
\tikzleveldistance=\dimen275
\tikzsiblingdistance=\dimen276
\tikz@figbox=\box62
\tikz@figbox@bg=\box63
\tikz@tempbox=\box64
\tikz@tempbox@bg=\box65
\tikztreelevel=\count316
\tikznumberofchildren=\count317
\tikznumberofcurrentchild=\count318
\tikz@fig@count=\count319
(/usr/local/texlive/2026/texmf-dist/tex/generic/pgf/modules/pgfmodulematrix.code.tex
File: pgfmodulematrix.code.tex 2025-08-29 v3.1.11a (3.1.11a)
\pgfmatrixcurrentrow=\count320
\pgfmatrixcurrentcolumn=\count321
\pgf@matrix@numberofcolumns=\count322
)
\tikz@expandcount=\count323
(/usr/local/texlive/2026/texmf-dist/tex/generic/pgf/frontendlayer/tikz/libraries/tikzlibrarytopaths.code.tex
File: tikzlibrarytopaths.code.tex 2025-08-29 v3.1.11a (3.1.11a)
))) (/usr/local/texlive/2026/texmf-dist/tex/generic/pgf/frontendlayer/tikz/libraries/tikzlibrarycalc.code.tex
File: tikzlibrarycalc.code.tex 2025-08-29 v3.1.11a (3.1.11a)
) (/usr/local/texlive/2026/texmf-dist/tex/latex/fontspec/fontspec.sty (/usr/local/texlive/2026/texmf-dist/tex/latex/l3packages/xparse/xparse.sty (/usr/local/texlive/2026/texmf-dist/tex/latex/l3kernel/expl3.sty
Package: expl3 2026-06-18 L3 programming layer (loader) 
(/usr/local/texlive/2026/texmf-dist/tex/latex/l3backend/l3backend-xetex.def
File: l3backend-xetex.def 2026-02-18 L3 backend support: XeTeX
\g__graphics_track_int=\count324
\g__pdfannot_backend_int=\count325
\g__pdfannot_backend_link_int=\count326
))
Package: xparse 2025-10-09 L3 Experimental document command parser
)
Package: fontspec 2025/09/29 v2.9g Font selection for XeLaTeX and LuaLaTeX
(/usr/local/texlive/2026/texmf-dist/tex/latex/fontspec/fontspec-xetex.sty
Package: fontspec-xetex 2025/09/29 v2.9g Font selection for XeLaTeX and LuaLaTeX
\l__fontspec_script_int=\count327
\l__fontspec_language_int=\count328
\l__fontspec_strnum_int=\count329
\l__fontspec_tmp_int=\count330
\l__fontspec_tmpa_int=\count331
\l__fontspec_tmpb_int=\count332
\l__fontspec_tmpc_int=\count333
\l__fontspec_em_int=\count334
\l__fontspec_emdef_int=\count335
\l__fontspec_strong_int=\count336
\l__fontspec_strongdef_int=\count337
\l__fontspec_tmpa_dim=\dimen277
\l__fontspec_tmpb_dim=\dimen278
\l__fontspec_tmpc_dim=\dimen279
(/usr/local/texlive/2026/texmf-dist/tex/latex/base/fontenc.sty
Package: fontenc 2025/07/18 v2.1d Standard LaTeX package
) (/usr/local/texlive/2026/texmf-dist/tex/latex/fontspec/fontspec.cfg))) (/usr/local/texlive/2026/texmf-dist/tex/latex/tocloft/tocloft.sty
Package: tocloft 2017/08/31 v2.3i parameterised ToC, etc., typesetting
Package tocloft Info: The document has section divisions on input line 51.
\cftparskip=\skip68
\cftbeforetoctitleskip=\skip69
\cftaftertoctitleskip=\skip70
\cftbeforepartskip=\skip71
\cftpartnumwidth=\skip72
\cftpartindent=\skip73
\cftbeforesecskip=\skip74
\cftsecindent=\skip75
\cftsecnumwidth=\skip76
\cftbeforesubsecskip=\skip77
\cftsubsecindent=\skip78
\cftsubsecnumwidth=\skip79
\cftbeforesubsubsecskip=\skip80
\cftsubsubsecindent=\skip81
\cftsubsubsecnumwidth=\skip82
\cftbeforeparaskip=\skip83
\cftparaindent=\skip84
\cftparanumwidth=\skip85
\cftbeforesubparaskip=\skip86
\cftsubparaindent=\skip87
\cftsubparanumwidth=\skip88
\cftbeforeloftitleskip=\skip89
\cftafterloftitleskip=\skip90
\cftbeforefigskip=\skip91
\cftfigindent=\skip92
\cftfignumwidth=\skip93
\c@lofdepth=\count338
\c@lotdepth=\count339
\cftbeforelottitleskip=\skip94
\cftafterlottitleskip=\skip95
\cftbeforetabskip=\skip96
\cfttabindent=\skip97
\cfttabnumwidth=\skip98
) (/usr/local/texlive/2026/texmf-dist/tex/latex/bookmark/bookmark.sty
Package: bookmark 2026-05-21 v1.32 PDF bookmarks (HO)
(/usr/local/texlive/2026/texmf-dist/tex/latex/bookmark/bkm-xetex.def
File: bkm-xetex.def 2026-05-21 v1.32 bookmark driver for xetex (HO)
\BKM@id=\count340
)) (/usr/local/texlive/2026/texmf-dist/tex/latex/enumitem/enumitem.sty
Package: enumitem 2025/02/06 v3.11 Customized lists
\labelindent=\skip99
\enit@outerparindent=\dimen280
\enit@toks=\toks35
\enit@inbox=\box66
\enit@count@id=\count341
\enitdp@description=\count342
) (/usr/local/texlive/2026/texmf-dist/tex/latex/appendix/appendix.sty
Package: appendix 2020/02/08 v1.2c extra appendix facilities
\c@@pps=\count343
\c@@ppsavesec=\count344
\c@@ppsaveapp=\count345
) (/usr/local/texlive/2026/texmf-dist/tex/latex/caption/caption.sty
Package: caption 2023/08/05 v3.6o Customizing captions (AR)
(/usr/local/texlive/2026/texmf-dist/tex/latex/caption/caption3.sty
Package: caption3 2023/07/31 v2.4d caption3 kernel (AR)
\caption@tempdima=\dimen281
\captionmargin=\dimen282
\caption@leftmargin=\dimen283
\caption@rightmargin=\dimen284
\caption@width=\dimen285
\caption@indent=\dimen286
\caption@parindent=\dimen287
\caption@hangindent=\dimen288
Package caption Info: Standard document class detected.
)
\c@caption@flags=\count346
\c@continuedfloat=\count347
Package caption Info: hyperref package is loaded.
) (/usr/local/texlive/2026/texmf-dist/tex/generic/catchfile/catchfile.sty
Package: catchfile 2019/12/09 v1.8 Catch the contents of a file (HO)
(/usr/local/texlive/2026/texmf-dist/tex/generic/etexcmds/etexcmds.sty
Package: etexcmds 2019/12/15 v1.7 Avoid name clashes with e-TeX commands (HO)
)) (/usr/local/texlive/2026/texmf-dist/tex/latex/extsizes/extsizes.sty
Package: extsizes 1996/10/08 v1.0 Non Standard LaTeX Package

Package ExtSizes Warning: It is better to use one of the extsizes classes,
 if you can.

(/usr/local/texlive/2026/texmf-dist/tex/latex/base/size11.clo
File: size11.clo 2025/01/22 v1.4n Standard LaTeX file (size option)
LaTeX Info: Command `\normalsize' is already robust on input line 56.
LaTeX Info: Redefining \small on input line 58.
LaTeX Info: Redefining \footnotesize on input line 69.
LaTeX Info: Redefining \scriptsize on input line 80.
LaTeX Info: Redefining \tiny on input line 81.
LaTeX Info: Redefining \large on input line 82.
LaTeX Info: Redefining \Large on input line 83.
LaTeX Info: Redefining \LARGE on input line 84.
LaTeX Info: Redefining \huge on input line 85.
LaTeX Info: Redefining \Huge on input line 86.
)) (/usr/local/texlive/2026/texmf-dist/tex/latex/csquotes/csquotes.sty
Package: csquotes 2026-05-19 v5.2p context-sensitive quotations (JAW)
\csq@reset=\count348
\csq@gtype=\count349
\csq@glevel=\count350
\csq@qlevel=\count351
\csq@maxlvl=\count352
\csq@tshold=\count353
\csq@ltx@everypar=\toks36
(/usr/local/texlive/2026/texmf-dist/tex/latex/csquotes/csquotes.def
File: csquotes.def 2026-05-19 v5.2p csquotes generic definitions (JAW)
)
Package csquotes Info: Trying to load configuration file 'csquotes.cfg'...
Package csquotes Info: ... configuration file loaded successfully.
(/usr/local/texlive/2026/texmf-dist/tex/latex/csquotes/csquotes.cfg
File: csquotes.cfg 
)
Package csquotes Info: Redefining alias 'english' -> 'english/british'.
) (/usr/local/texlive/2026/texmf-dist/tex/latex/currfile/currfile.sty
Package: currfile 2024/03/14 v1.0 Provides the file path elements of the current input file
(/usr/local/texlive/2026/texmf-dist/tex/latex/filehook/filehook.sty
Package: filehook 2022/10/25 v0.8b Hooks for input files
(/usr/local/texlive/2026/texmf-dist/tex/latex/filehook/filehook-2020.sty
Package: filehook-2020 2022/10/25 v0.8b Hooks for input files
)) (/usr/local/texlive/2026/texmf-dist/tex/latex/currfile/currfile-abspath.sty
Package: currfile-abspath 2024/03/14 v1.0 Provides absolute file paths, the parent working directory and the main file name
)
\c@currfiledepth=\count354
) (/usr/local/texlive/2026/texmf-dist/tex/latex/listings/listings.sty
\lst@mode=\count355
\lst@gtempboxa=\box67
\lst@token=\toks37
\lst@length=\count356
\lst@currlwidth=\dimen289
\lst@column=\count357
\lst@pos=\count358
\lst@lostspace=\dimen290
\lst@width=\dimen291
\lst@newlines=\count359
\lst@lineno=\count360
\lst@maxwidth=\dimen292
(/usr/local/texlive/2026/texmf-dist/tex/latex/listings/lstpatch.sty
File: lstpatch.sty 2025/11/14 1.11b (Carsten Heinz)
) (/usr/local/texlive/2026/texmf-dist/tex/latex/listings/lstmisc.sty
File: lstmisc.sty 2025/11/14 1.11b (Carsten Heinz)
\c@lstnumber=\count361
\lst@skipnumbers=\count362
\lst@framebox=\box68
) (/usr/local/texlive/2026/texmf-dist/tex/latex/listings/listings.cfg
File: listings.cfg 2025/11/14 1.11b listings configuration
))
Package: listings 2025/11/14 1.11b (Carsten Heinz)

Package fontspec Info: 
(fontspec)             Font family 'Arial(0)' created for font 'Arial' with
(fontspec)             options [Ligatures=TeX,Ligatures=TeX].
(fontspec)              
(fontspec)              This font family consists of the following NFSS
(fontspec)             series/shapes:
(fontspec)              
(fontspec)             - 'normal' (m/n) with NFSS spec.:
(fontspec)             <->"Arial/OT:language=dflt;mapping=tex-text;"
(fontspec)             - 'bold' (b/n) with NFSS spec.:
(fontspec)             <->"Arial/B/OT:language=dflt;mapping=tex-text;"
(fontspec)             - 'italic' (m/it) with NFSS spec.:
(fontspec)             <->"Arial/I/OT:language=dflt;mapping=tex-text;"
(fontspec)             - 'bold italic' (b/it) with NFSS spec.:
(fontspec)             <->"Arial/BI/OT:language=dflt;mapping=tex-text;"

\logowidth=\skip100
\logoheight=\skip101
\logopad=\skip102
\marginleft=\skip103
\marginright=\skip104
\margintop=\skip105
\marginbottom=\skip106
) (/usr/local/texlive/2026/texmf-dist/tex/latex/amsmath/amsmath.sty
Package: amsmath 2026/05/19 v2.18d AMS math features
\@mathmargin=\skip107
For additional information on amsmath, use the `?' option.
(/usr/local/texlive/2026/texmf-dist/tex/latex/amsmath/amstext.sty
Package: amstext 2024/11/17 v2.01 AMS text
(/usr/local/texlive/2026/texmf-dist/tex/latex/amsmath/amsgen.sty
File: amsgen.sty 1999/11/30 v2.0 generic functions
\@emptytoks=\toks38
\ex@=\dimen293
)) (/usr/local/texlive/2026/texmf-dist/tex/latex/amsmath/amsbsy.sty
Package: amsbsy 1999/11/29 v1.2d Bold Symbols
\pmbraise@=\dimen294
) (/usr/local/texlive/2026/texmf-dist/tex/latex/amsmath/amsopn.sty
Package: amsopn 2022/04/08 v2.04 operator names
)
\inf@bad=\count363
LaTeX Info: Redefining \frac on input line 233.
\uproot@=\count364
\leftroot@=\count365
LaTeX Info: Redefining \overline on input line 398.
LaTeX Info: Redefining \colon on input line 409.
\classnum@=\count366
\DOTSCASE@=\count367
LaTeX Info: Redefining \ldots on input line 495.
LaTeX Info: Redefining \dots on input line 498.
LaTeX Info: Redefining \cdots on input line 619.
\Mathstrutbox@=\box69
\strutbox@=\box70
LaTeX Info: Redefining \big on input line 721.
LaTeX Info: Redefining \Big on input line 722.
LaTeX Info: Redefining \bigg on input line 723.
LaTeX Info: Redefining \Bigg on input line 724.
\big@size=\dimen295
LaTeX Font Info:    Redeclaring font encoding OML on input line 742.
LaTeX Font Info:    Redeclaring font encoding OMS on input line 743.
\macc@depth=\count368
LaTeX Info: Redefining \bmod on input line 904.
LaTeX Info: Redefining \pmod on input line 909.
LaTeX Info: Redefining \smash on input line 939.
LaTeX Info: Redefining \relbar on input line 969.
LaTeX Info: Redefining \Relbar on input line 970.
\c@MaxMatrixCols=\count369
\dotsspace@=\muskip18
\c@parentequation=\count370
\dspbrk@lvl=\count371
\tag@help=\toks39
\row@=\count372
\column@=\count373
\maxfields@=\count374
\andhelp@=\toks40
\eqnshift@=\dimen296
\alignsep@=\dimen297
\tagshift@=\dimen298
\tagwidth@=\dimen299
\totwidth@=\dimen300
\lineht@=\dimen301
\@envbody=\toks41
\multlinegap=\skip108
\multlinetaggap=\skip109
\mathdisplay@stack=\toks42
LaTeX Info: Redefining \[ on input line 2965.
LaTeX Info: Redefining \] on input line 2966.
) (/usr/local/texlive/2026/texmf-dist/tex/latex/amsfonts/amssymb.sty
Package: amssymb 2013/01/14 v3.01 AMS font symbols
(/usr/local/texlive/2026/texmf-dist/tex/latex/amsfonts/amsfonts.sty
Package: amsfonts 2013/01/14 v3.01 Basic AMSFonts support
\symAMSa=\mathgroup4
\symAMSb=\mathgroup5
LaTeX Font Info:    Redeclaring math symbol \hbar on input line 98.
LaTeX Font Info:    Overwriting math alphabet `\mathfrak' in version `bold'
(Font)                  U/euf/m/n --> U/euf/b/n on input line 106.
)) (/usr/local/texlive/2026/texmf-dist/tex/latex/float/float.sty
Package: float 2001/11/08 v1.3d Float enhancements (AL)
\c@float@type=\count375
\float@exts=\toks43
\float@box=\box71
\@float@everytoks=\toks44
\@floatcapt=\box72
) (/usr/local/texlive/2026/texmf-dist/tex/latex/booktabs/booktabs.sty
Package: booktabs 2020/01/12 v1.61803398 Publication quality tables
\heavyrulewidth=\dimen302
\lightrulewidth=\dimen303
\cmidrulewidth=\dimen304
\belowrulesep=\dimen305
\belowbottomsep=\dimen306
\aboverulesep=\dimen307
\abovetopsep=\dimen308
\cmidrulesep=\dimen309
\cmidrulekern=\dimen310
\defaultaddspace=\dimen311
\@cmidla=\count376
\@cmidlb=\count377
\@aboverulesep=\dimen312
\@belowrulesep=\dimen313
\@thisruleclass=\count378
\@lastruleclass=\count379
\@thisrulewidth=\dimen314
) (/usr/local/texlive/2026/texmf-dist/tex/latex/tools/longtable.sty
Package: longtable 2026-01-28 v4.27 Multi-page Table package (DPC)
\LTleft=\skip110
\LTright=\skip111
\LTpre=\skip112
\LTpost=\skip113
\LTchunksize=\count380
\LTcapwidth=\dimen315
\LT@head=\box73
\LT@firsthead=\box74
\LT@foot=\box75
\LT@lastfoot=\box76
\LT@gbox=\box77
\LT@cols=\count381
\LT@rows=\count382
\c@LT@tables=\count383
\c@LT@chunks=\count384
\LT@p@ftn=\toks45
) (/usr/local/texlive/2026/texmf-dist/tex/latex/tools/array.sty
Package: array 2026/02/24 v2.7b Tabular extension package (FMi)
\col@sep=\dimen316
\ar@mcellbox=\box78
\extrarowheight=\dimen317
\NC@list=\toks46
\extratabsurround=\skip114
\backup@length=\skip115
\ar@cellbox=\box79
) (/usr/local/texlive/2026/texmf-dist/tex/latex/tools/tabularx.sty
Package: tabularx 2023/12/11 v2.12a `tabularx' package (DPC)
\TX@col@width=\dimen318
\TX@old@table=\dimen319
\TX@old@col=\dimen320
\TX@target=\dimen321
\TX@delta=\dimen322
\TX@cols=\count385
\TX@ftn=\toks47
) (/usr/local/texlive/2026/texmf-dist/tex/latex/multirow/multirow.sty
Package: multirow 2024/11/12 v2.9 Span multiple rows of a table
\multirow@colwidth=\skip116
\multirow@cntb=\count386
\multirow@dima=\skip117
\bigstrutjot=\dimen323
) (/usr/local/texlive/2026/texmf-dist/tex/latex/caption/subcaption.sty
Package: subcaption 2023/07/28 v1.6b Sub-captions (AR)
Package caption Info: New subtype `subfigure' on input line 238.
\c@subfigure=\count387
Package caption Info: New subtype `subtable' on input line 238.
\c@subtable=\count388
) (/usr/local/texlive/2026/texmf-dist/tex/latex/siunitx/siunitx.sty
Package: siunitx 2026-05-15 v3.5.5 A comprehensive (SI) units package
\l__siunitx_number_uncert_offset_int=\count389
\l__siunitx_number_exponent_fixed_int=\count390
\l__siunitx_number_min_decimal_int=\count391
\l__siunitx_number_min_integer_int=\count392
\l__siunitx_number_round_precision_int=\count393
\l__siunitx_number_lower_threshold_int=\count394
\l__siunitx_number_upper_threshold_int=\count395
\l__siunitx_number_group_first_int=\count396
\l__siunitx_number_group_size_int=\count397
\l__siunitx_number_group_min_int=\count398
\l__siunitx_number_group_minimum_int=\count399
\l__siunitx_compound_count_int=\count400
(/usr/local/texlive/2026/texmf-dist/tex/latex/translations/translations.sty
Package: translations 2022/02/05 v1.12 internationalization of LaTeX2e packages (CN)
)
\l__siunitx_table_tmp_box=\box80
\l__siunitx_table_tmp_dim=\dimen324
\l__siunitx_table_column_width_dim=\dimen325
\l__siunitx_table_integer_box=\box81
\l__siunitx_table_decimal_box=\box82
\l__siunitx_table_uncert_box=\box83
\l__siunitx_table_before_box=\box84
\l__siunitx_table_after_box=\box85
\l__siunitx_table_before_dim=\dimen326
\l__siunitx_table_carry_dim=\dimen327
\l__siunitx_unit_tmp_int=\count401
\l__siunitx_unit_position_int=\count402
\l__siunitx_unit_total_int=\count403
\l__siunitx_sexagesimal_tmp_dim=\dimen328
\l__siunitx_sexagesimal_marker_box=\box86
\l__siunitx_sexagesimal_unit_box=\box87
) (/usr/local/texlive/2026/texmf-dist/tex/generic/babel/babel.sty
Package: babel 2026/06/14 v26.9 The multilingual framework for LuaLaTeX, pdfLaTeX and XeLaTeX
(/usr/local/texlive/2026/texmf-dist/tex/generic/babel/babel.def
File: babel.def 2026/06/14 v26.9 Babel common definitions
)) (/usr/local/texlive/2026/texmf-dist/tex/latex/biblatex/biblatex.sty
Package: biblatex 2025/07/10 v3.21 programmable bibliographies (PK/MW)
(/usr/local/texlive/2026/texmf-dist/tex/latex/logreq/logreq.sty
Package: logreq 2010/08/04 v1.0 xml request logger
\lrq@indent=\count404
(/usr/local/texlive/2026/texmf-dist/tex/latex/logreq/logreq.def
File: logreq.def 2010/08/04 v1.0 logreq spec v1.0
))
\c@tabx@nest=\count405
\c@listtotal=\count406
\c@listcount=\count407
\c@liststart=\count408
\c@liststop=\count409
\c@citecount=\count410
\c@citetotal=\count411
\c@multicitecount=\count412
\c@multicitetotal=\count413
\c@instcount=\count414
\c@maxnames=\count415
\c@minnames=\count416
\c@maxitems=\count417
\c@minitems=\count418
\c@citecounter=\count419
\c@maxcitecounter=\count420
\c@savedcitecounter=\count421
\c@uniquelist=\count422
\c@uniquename=\count423
\c@refsection=\count424
\c@refsegment=\count425
\c@maxextratitle=\count426
\c@maxextratitleyear=\count427
\c@maxextraname=\count428
\c@maxextradate=\count429
\c@maxextraalpha=\count430
\c@abbrvpenalty=\count431
\c@highnamepenalty=\count432
\c@lownamepenalty=\count433
\c@maxparens=\count434
\c@parenlevel=\count435
\blx@tempcnta=\count436
\blx@tempcntb=\count437
\blx@tempcntc=\count438
\c@blx@maxsection=\count439
\blx@maxsegment@0=\count440
\blx@notetype=\count441
\blx@parenlevel@text=\count442
\blx@parenlevel@foot=\count443
\blx@sectionciteorder@0=\count444
\blx@sectionciteorderinternal@0=\count445
\blx@entrysetcounter=\count446
\blx@biblioinstance=\count447
\labelnumberwidth=\skip118
\labelalphawidth=\skip119
\biblabelsep=\skip120
\bibitemsep=\skip121
\bibnamesep=\skip122
\bibinitsep=\skip123
\bibparsep=\skip124
\bibhang=\skip125
\blx@bcfin=\read4
\blx@bcfout=\write5
\blx@langwohyphens=\language91
\c@mincomprange=\count448
\c@maxcomprange=\count449
\c@mincompwidth=\count450
Package biblatex Info: Trying to load biblatex default data model...
Package biblatex Info: ... file 'blx-dm.def' found.
(/usr/local/texlive/2026/texmf-dist/tex/latex/biblatex/blx-dm.def
File: blx-dm.def 2025/07/10 v3.21 biblatex datamodel (PK/MW)
)
Package biblatex Info: Trying to load biblatex style data model...
Package biblatex Info: ... file 'ieee.dbx' not found.
Package biblatex Info: Trying to load biblatex custom data model...
Package biblatex Info: ... file 'biblatex-dm.cfg' not found.
\c@afterword=\count451
\c@savedafterword=\count452
\c@annotator=\count453
\c@savedannotator=\count454
\c@author=\count455
\c@savedauthor=\count456
\c@bookauthor=\count457
\c@savedbookauthor=\count458
\c@commentator=\count459
\c@savedcommentator=\count460
\c@editor=\count461
\c@savededitor=\count462
\c@editora=\count463
\c@savededitora=\count464
\c@editorb=\count465
\c@savededitorb=\count466
\c@editorc=\count467
\c@savededitorc=\count468
\c@foreword=\count469
\c@savedforeword=\count470
\c@holder=\count471
\c@savedholder=\count472
\c@introduction=\count473
\c@savedintroduction=\count474
\c@namea=\count475
\c@savednamea=\count476
\c@nameb=\count477
\c@savednameb=\count478
\c@namec=\count479
\c@savednamec=\count480
\c@translator=\count481
\c@savedtranslator=\count482
\c@shortauthor=\count483
\c@savedshortauthor=\count484
\c@shorteditor=\count485
\c@savedshorteditor=\count486
\c@labelname=\count487
\c@savedlabelname=\count488
\c@institution=\count489
\c@savedinstitution=\count490
\c@lista=\count491
\c@savedlista=\count492
\c@listb=\count493
\c@savedlistb=\count494
\c@listc=\count495
\c@savedlistc=\count496
\c@listd=\count497
\c@savedlistd=\count498
\c@liste=\count499
\c@savedliste=\count500
\c@listf=\count501
\c@savedlistf=\count502
\c@location=\count503
\c@savedlocation=\count504
\c@organization=\count505
\c@savedorganization=\count506
\c@origlocation=\count507
\c@savedoriglocation=\count508
\c@origpublisher=\count509
\c@savedorigpublisher=\count510
\c@publisher=\count511
\c@savedpublisher=\count512
\c@language=\count513
\c@savedlanguage=\count514
\c@origlanguage=\count515
\c@savedoriglanguage=\count516
\c@pageref=\count517
\c@savedpageref=\count518
\shorthandwidth=\skip126
\shortjournalwidth=\skip127
\shortserieswidth=\skip128
\shorttitlewidth=\skip129
\shortauthorwidth=\skip130
\shorteditorwidth=\skip131
\locallabelnumberwidth=\skip132
\locallabelalphawidth=\skip133
\localshorthandwidth=\skip134
\localshortjournalwidth=\skip135
\localshortserieswidth=\skip136
\localshorttitlewidth=\skip137
\localshortauthorwidth=\skip138
\localshorteditorwidth=\skip139
Package biblatex Info: Trying to load enhanced support for Unicode engines...
Package biblatex Info: ... file 'blx-unicode.def' found.
(/usr/local/texlive/2026/texmf-dist/tex/latex/biblatex/blx-unicode.def)
Package biblatex Info: Trying to load compatibility code...
Package biblatex Info: ... file 'blx-compat.def' found.
(/usr/local/texlive/2026/texmf-dist/tex/latex/biblatex/blx-compat.def
File: blx-compat.def 2025/07/10 v3.21 biblatex compatibility (PK/MW)
)
Package biblatex Info: Trying to load generic definitions...
Package biblatex Info: ... file 'biblatex.def' found.
(/usr/local/texlive/2026/texmf-dist/tex/latex/biblatex/biblatex.def
File: biblatex.def 2025/07/10 v3.21 biblatex compatibility (PK/MW)
\c@textcitecount=\count519
\c@textcitetotal=\count520
\c@textcitemaxnames=\count521
\c@biburlbigbreakpenalty=\count522
\c@biburlbreakpenalty=\count523
\c@biburlnumpenalty=\count524
\c@biburlucpenalty=\count525
\c@biburllcpenalty=\count526
\biburlbigskip=\muskip19
\biburlnumskip=\muskip20
\biburlucskip=\muskip21
\biburllcskip=\muskip22
\c@smartand=\count527
)
Package biblatex Info: Trying to load bibliography style 'ieee'...
Package biblatex Info: ... file 'ieee.bbx' found.
(/usr/local/texlive/2026/texmf-dist/tex/latex/biblatex-ieee/ieee.bbx
File: ieee.bbx 2025-08-01 v1.4f biblatex bibliography style
Package biblatex Info: Trying to load bibliography style 'numeric-comp'...
Package biblatex Info: ... file 'numeric-comp.bbx' found.
(/usr/local/texlive/2026/texmf-dist/tex/latex/biblatex/bbx/numeric-comp.bbx
File: numeric-comp.bbx 2025/07/10 v3.21 biblatex bibliography style (PK/MW)
Package biblatex Info: Trying to load bibliography style 'numeric'...
Package biblatex Info: ... file 'numeric.bbx' found.
(/usr/local/texlive/2026/texmf-dist/tex/latex/biblatex/bbx/numeric.bbx
File: numeric.bbx 2025/07/10 v3.21 biblatex bibliography style (PK/MW)
Package biblatex Info: Trying to load bibliography style 'standard'...
Package biblatex Info: ... file 'standard.bbx' found.
(/usr/local/texlive/2026/texmf-dist/tex/latex/biblatex/bbx/standard.bbx
File: standard.bbx 2025/07/10 v3.21 biblatex bibliography style (PK/MW)
\c@bbx:relatedcount=\count528
\c@bbx:relatedtotal=\count529
))))
Package biblatex Info: Trying to load citation style 'ieee'...
Package biblatex Info: ... file 'ieee.cbx' found.
(/usr/local/texlive/2026/texmf-dist/tex/latex/biblatex-ieee/ieee.cbx
File: ieee.cbx 2025-08-01 v1.4f biblatex citation style
Package biblatex Info: Trying to load citation style 'numeric-verb'...
Package biblatex Info: ... file 'numeric-verb.cbx' found.
(/usr/local/texlive/2026/texmf-dist/tex/latex/biblatex/cbx/numeric-verb.cbx
File: numeric-verb.cbx 2025/07/10 v3.21 biblatex citation style (PK/MW)
Package biblatex Info: Redefining '\cite'.
Package biblatex Info: Redefining '\parencite'.
Package biblatex Info: Redefining '\footcite'.
Package biblatex Info: Redefining '\footcitetext'.
Package biblatex Info: Redefining '\smartcite'.
Package biblatex Info: Redefining '\textcite'.
Package biblatex Info: Redefining '\supercite'.
Package biblatex Info: Redefining '\parencites'.
Package biblatex Info: Redefining '\smartcites'.
Package biblatex Info: Redefining '\textcites'.
))
Package biblatex Info: Trying to load configuration file...
Package biblatex Info: ... file 'biblatex.cfg' found.
(/usr/local/texlive/2026/texmf-dist/tex/latex/biblatex/biblatex.cfg
File: biblatex.cfg 
)
Package biblatex Info: XeTeX detected.
(biblatex)             Assuming input encoding 'utf8'.
Package biblatex Info: Document encoding is UTF8 ....
Package biblatex Info: ... and expl3
(biblatex)             2026-06-18 L3 programming layer (loader) 
(biblatex)             is new enough (at least 2020/04/06),
(biblatex)             setting 'casechanger=expl3'.
(/usr/local/texlive/2026/texmf-dist/tex/latex/biblatex/blx-case-expl3.sty
Package: blx-case-expl3 2025/07/10 v3.21 expl3 case changing code for biblatex
)) (|texcount -1 -sum -merge main.tex)
Package csquotes Info: Checking for multilingual support...
Package csquotes Info: ... none found.
Package translations Info: No language package found. I am going to use `english' as default language. on input line 42.
(./output.aux)
\openout1 = `output.aux'.

LaTeX Font Info:    Checking defaults for OML/cmm/m/it on input line 42.
LaTeX Font Info:    ... okay on input line 42.
LaTeX Font Info:    Checking defaults for OMS/cmsy/m/n on input line 42.
LaTeX Font Info:    ... okay on input line 42.
LaTeX Font Info:    Checking defaults for OT1/cmr/m/n on input line 42.
LaTeX Font Info:    ... okay on input line 42.
LaTeX Font Info:    Checking defaults for T1/cmr/m/n on input line 42.
LaTeX Font Info:    ... okay on input line 42.
LaTeX Font Info:    Checking defaults for TS1/cmr/m/n on input line 42.
LaTeX Font Info:    ... okay on input line 42.
LaTeX Font Info:    Checking defaults for TU/lmr/m/n on input line 42.
LaTeX Font Info:    ... okay on input line 42.
LaTeX Font Info:    Checking defaults for OMX/cmex/m/n on input line 42.
LaTeX Font Info:    ... okay on input line 42.
LaTeX Font Info:    Checking defaults for U/cmr/m/n on input line 42.
LaTeX Font Info:    ... okay on input line 42.
LaTeX Font Info:    Checking defaults for PD1/pdf/m/n on input line 42.
LaTeX Font Info:    ... okay on input line 42.
LaTeX Font Info:    Checking defaults for PU/pdf/m/n on input line 42.
LaTeX Font Info:    ... okay on input line 42.
Package hyperref Info: Link coloring OFF on input line 42.
*geometry* driver: auto-detecting
*geometry* detected driver: xetex
*geometry* verbose mode - [ preamble ] result:
* driver: xetex
* paper: a4paper
* layout: <same size as paper>
* layoutoffset:(h,v)=(0.0pt,0.0pt)
* modes: 
* h-part:(L,W,R)=(56.9055pt, 483.69687pt, 56.9055pt)
* v-part:(T,H,B)=(56.9055pt, 731.23584pt, 56.9055pt)
* \paperwidth=597.50787pt
* \paperheight=845.04684pt
* \textwidth=483.69687pt
* \textheight=731.23584pt
* \oddsidemargin=-15.36449pt
* \evensidemargin=-15.36449pt
* \topmargin=-15.36449pt
* \headheight=0.0pt
* \headsep=0.0pt
* \topskip=11.0pt
* \footskip=26.0pt
* \marginparwidth=0.0pt
* \marginparsep=0.0pt
* \columnsep=10.0pt
* \skip\footins=10.0pt plus 4.0pt minus 2.0pt
* \hoffset=0.0pt
* \voffset=0.0pt
* \mag=1000
* \@twocolumnfalse
* \@twosidefalse
* \@mparswitchfalse
* \@reversemarginfalse
* (1in=72.27pt=25.4mm, 1cm=28.453pt)

Package ragged2e Info: ABD: executing \RaggedRight on input line 42.

Package fontspec Info: 
(fontspec)             Adjusting the maths setup (use [no-math] to avoid
(fontspec)             this).

\symlegacymaths=\mathgroup6
LaTeX Font Info:    Overwriting symbol font `legacymaths' in version `bold'
(Font)                  OT1/cmr/m/n --> OT1/cmr/bx/n on input line 42.
LaTeX Font Info:    Redeclaring math accent \acute on input line 42.
LaTeX Font Info:    Redeclaring math accent \grave on input line 42.
LaTeX Font Info:    Redeclaring math accent \ddot on input line 42.
LaTeX Font Info:    Redeclaring math accent \tilde on input line 42.
LaTeX Font Info:    Redeclaring math accent \bar on input line 42.
LaTeX Font Info:    Redeclaring math accent \breve on input line 42.
LaTeX Font Info:    Redeclaring math accent \check on input line 42.
LaTeX Font Info:    Redeclaring math accent \hat on input line 42.
LaTeX Font Info:    Redeclaring math accent \dot on input line 42.
LaTeX Font Info:    Redeclaring math accent \mathring on input line 42.
LaTeX Font Info:    Redeclaring math symbol \Gamma on input line 42.
LaTeX Font Info:    Redeclaring math symbol \Delta on input line 42.
LaTeX Font Info:    Redeclaring math symbol \Theta on input line 42.
LaTeX Font Info:    Redeclaring math symbol \Lambda on input line 42.
LaTeX Font Info:    Redeclaring math symbol \Xi on input line 42.
LaTeX Font Info:    Redeclaring math symbol \Pi on input line 42.
LaTeX Font Info:    Redeclaring math symbol \Sigma on input line 42.
LaTeX Font Info:    Redeclaring math symbol \Upsilon on input line 42.
LaTeX Font Info:    Redeclaring math symbol \Phi on input line 42.
LaTeX Font Info:    Redeclaring math symbol \Psi on input line 42.
LaTeX Font Info:    Redeclaring math symbol \Omega on input line 42.
LaTeX Font Info:    Redeclaring math symbol \mathdollar on input line 42.
LaTeX Font Info:    Redeclaring symbol font `operators' on input line 42.
LaTeX Font Info:    Encoding `OT1' has changed to `TU' for symbol font
(Font)              `operators' in the math version `normal' on input line 42.
LaTeX Font Info:    Overwriting symbol font `operators' in version `normal'
(Font)                  OT1/cmr/m/n --> TU/Arial(0)/m/n on input line 42.
LaTeX Font Info:    Encoding `OT1' has changed to `TU' for symbol font
(Font)              `operators' in the math version `bold' on input line 42.
LaTeX Font Info:    Overwriting symbol font `operators' in version `bold'
(Font)                  OT1/cmr/bx/n --> TU/Arial(0)/m/n on input line 42.
LaTeX Font Info:    Overwriting symbol font `operators' in version `normal'
(Font)                  TU/Arial(0)/m/n --> TU/Arial(0)/m/n on input line 42.
LaTeX Font Info:    Overwriting math alphabet `\mathit' in version `normal'
(Font)                  OT1/cmr/m/it --> TU/Arial(0)/m/it on input line 42.
LaTeX Font Info:    Overwriting math alphabet `\mathbf' in version `normal'
(Font)                  OT1/cmr/bx/n --> TU/Arial(0)/b/n on input line 42.
LaTeX Font Info:    Overwriting math alphabet `\mathsf' in version `normal'
(Font)                  OT1/cmss/m/n --> TU/lmss/m/n on input line 42.
LaTeX Font Info:    Overwriting math alphabet `\mathtt' in version `normal'
(Font)                  OT1/cmtt/m/n --> TU/lmtt/m/n on input line 42.
LaTeX Font Info:    Overwriting symbol font `operators' in version `bold'
(Font)                  TU/Arial(0)/m/n --> TU/Arial(0)/b/n on input line 42.
LaTeX Font Info:    Overwriting math alphabet `\mathit' in version `bold'
(Font)                  OT1/cmr/bx/it --> TU/Arial(0)/b/it on input line 42.
LaTeX Font Info:    Overwriting math alphabet `\mathsf' in version `bold'
(Font)                  OT1/cmss/bx/n --> TU/lmss/b/n on input line 42.
LaTeX Font Info:    Overwriting math alphabet `\mathtt' in version `bold'
(Font)                  OT1/cmtt/m/n --> TU/lmtt/b/n on input line 42.
Package caption Info: Begin \AtBeginDocument code.
Package caption Info: float package is loaded.
Package caption Info: listings package is loaded.
Package caption Info: longtable package is loaded.
(/usr/local/texlive/2026/texmf-dist/tex/latex/caption/ltcaption.sty
Package: ltcaption 2021/01/08 v1.4c longtable captions (AR)
)
Package caption Info: End \AtBeginDocument code.
\c@lstlisting=\count530
(/usr/local/texlive/2026/texmf-dist/tex/latex/translations/translations-basic-dictionary-english.trsl
File: translations-basic-dictionary-english.trsl (english translation file `translations-basic-dictionary')
)
Package translations Info: loading dictionary `translations-basic-dictionary' for `english'. on input line 42.
Package biblatex Info: Trying to load language 'english'...
Package biblatex Info: ... file 'english.lbx' found.
(/usr/local/texlive/2026/texmf-dist/tex/latex/biblatex/lbx/english.lbx
File: english.lbx 2025/07/10 v3.21 biblatex localization (PK/MW)
)
Package biblatex Info: XeTeX detected.
(biblatex)             Assuming input encoding 'utf8'.
Package biblatex Info: Automatic encoding selection.
(biblatex)             Assuming data encoding 'utf8'.
\openout5 = `output.bcf'.

Package biblatex Info: Trying to load bibliographic data...
Package biblatex Info: ... file 'output.bbl' found.
(./output.bbl
! Illegal parameter number in definition of \NewValue.
<to be read again> 
                    
l.416 ...Ego steering-rate bounds / ego 转角变化率裁剪 |}
                                                  
You meant to type ## instead of #, right?
Or maybe a } was forgotten somewhere earlier, and things
are all screwed up? I'm going to assume that you meant ##.

! Illegal parameter number in definition of \abx@field@title.
<to be read again> 
                    
l.421     \endentry
                   
You meant to type ## instead of #, right?
Or maybe a } was forgotten somewhere earlier, and things
are all screwed up? I'm going to assume that you meant ##.

! Illegal parameter number in definition of \abx@field@title.
<to be read again> 
                    
l.421     \endentry
                   
You meant to type ## instead of #, right?
Or maybe a } was forgotten somewhere earlier, and things
are all screwed up? I'm going to assume that you meant ##.

! Illegal parameter number in definition of \abx@field@title.
<to be read again> 
                    
l.421     \endentry
                   
You meant to type ## instead of #, right?
Or maybe a } was forgotten somewhere earlier, and things
are all screwed up? I'm going to assume that you meant ##.

! Illegal parameter number in definition of \abx@field@title.
<to be read again> 
                    
l.421     \endentry
                   
You meant to type ## instead of #, right?
Or maybe a } was forgotten somewhere earlier, and things
are all screwed up? I'm going to assume that you meant ##.

)
Package biblatex Info: Reference section=0 on input line 42.
Package biblatex Info: Reference segment=0 on input line 42.
File: ./images/uom_logo.pdf Graphic file (type pdf)
<use ./images/uom_logo.pdf>
[1

] (./output.toc
LaTeX Font Info:    Trying to load font information for U+msa on input line 1.
(/usr/local/texlive/2026/texmf-dist/tex/latex/amsfonts/umsa.fd
File: umsa.fd 2013/01/14 v3.01 AMS symbols A
)
LaTeX Font Info:    Trying to load font information for U+msb on input line 1.
(/usr/local/texlive/2026/texmf-dist/tex/latex/amsfonts/umsb.fd
File: umsb.fd 2013/01/14 v3.01 AMS symbols B
) [2])
\tf@toc=\write6
\openout6 = `output.toc'.

[3] [4


] [5


]
Overfull \hbox (8.10568pt too wide) in paragraph at lines 67--67
\TU/Arial(0)/m/n/10.95 tain copyright or related rights in it (the “Copyright”) and s/he has given The University of Manch- 
 []

[6

] [7

]
Overfull \hbox (6.67206pt too wide) in paragraph at lines 93--94
\TU/Arial(0)/m/n/10.95 control trajectory [[][]6[]]. These methods illustrate that interaction modeling should not only predict where 
 []

[8

]
Overfull \hbox (5.67404pt too wide) in paragraph at lines 107--108
[]\TU/Arial(0)/m/n/10.95 Meanwhile, MARL allows each connected or autonomous vehicle to learn from the behavior of neigh- 
 []

[9]
File: ./images/System_block_diagram.png Graphic file (type bmp)
<./images/System_block_diagram.png>
[10]
! Illegal parameter number in definition of \abx@field@title.
<to be read again> 
                    
l.168 ...ame opinion-dynamics template \cite{R16} 
                                                  is used at both levels. As...
You meant to type ## instead of #, right?
Or maybe a } was forgotten somewhere earlier, and things
are all screwed up? I'm going to assume that you meant ##.

! Illegal parameter number in definition of \abx@field@title.
<to be read again> 
                    
l.168 ...ame opinion-dynamics template \cite{R16} 
                                                  is used at both levels. As...
You meant to type ## instead of #, right?
Or maybe a } was forgotten somewhere earlier, and things
are all screwed up? I'm going to assume that you meant ##.

! Illegal parameter number in definition of \abx@field@title.
<to be read again> 
                    
l.168 ...ame opinion-dynamics template \cite{R16} 
                                                  is used at both levels. As...
You meant to type ## instead of #, right?
Or maybe a } was forgotten somewhere earlier, and things
are all screwed up? I'm going to assume that you meant ##.

! Illegal parameter number in definition of \abx@field@title.
<to be read again> 
                    
l.168 ...ame opinion-dynamics template \cite{R16} 
                                                  is used at both levels. As...
You meant to type ## instead of #, right?
Or maybe a } was forgotten somewhere earlier, and things
are all screwed up? I'm going to assume that you meant ##.

! Missing $ inserted.
<inserted text> 
                $
l.173 
      
I've inserted a begin-math/end-math symbol since I think
you left one out. Proceed, with fingers crossed.

! Display math should end with $$.
<to be read again> 
                   \tex_par:D 
l.173 
      
The `$' that I just saw supposedly matches a previous `$$'.
So I shall assume that you typed `$$' both times.


! Package amsmath Error: \dot allowed only in math mode.

See the amsmath package documentation for explanation.
Type  H <return>  for immediate help.
 ...                                              
                                                  
l.174 \dot{o}
             (t) =
You're in trouble here.  Try typing  <return>  to proceed.
If that doesn't work, type  X <return>  to quit.

! Missing $ inserted.
<inserted text> 
                $
l.178 +u(t)\tanh
                \!\left(\alpha o(t)\right)
I've inserted a begin-math/end-math symbol since I think
you left one out. Proceed, with fingers crossed.

! Missing $ inserted.
<inserted text> 
                $
l.179 
      
I've inserted a begin-math/end-math symbol since I think
you left one out. Proceed, with fingers crossed.


! LaTeX Error: Bad math environment delimiter.

See the LaTeX manual or LaTeX Companion for explanation.
Type  H <return>  for immediate help.
 ...                                              
                                                  
l.182 \]
        
Your command was ignored.
Type  I <command> <return>  to replace it with another command,
or  <return>  to continue without it.

! Missing $ inserted.
<inserted text> 
                $
l.182 \]
        
I've inserted something that you may have forgotten.
(See the <inserted text> above.)
With luck, this will get me unwedged. But if you
really didn't forget anything, try typing `2' now; then
my insertion and my current dilemma will both disappear.

! Display math should end with $$.
<to be read again> 
                   \endgroup 
l.182 \]
        
The `$' that I just saw supposedly matches a previous `$$'.
So I shall assume that you typed `$$' both times.

! Missing $ inserted.
<inserted text> 
                $
l.193 
      
I've inserted a begin-math/end-math symbol since I think
you left one out. Proceed, with fingers crossed.

! Display math should end with $$.
<to be read again> 
                   \tex_par:D 
l.193 
      
The `$' that I just saw supposedly matches a previous `$$'.
So I shall assume that you typed `$$' both times.


! Package amsmath Error: \dot allowed only in math mode.

See the amsmath package documentation for explanation.
Type  H <return>  for immediate help.
 ...                                              
                                                  
l.194 \dot{y}
             (t) =
You're in trouble here.  Try typing  <return>  to proceed.
If that doesn't work, type  X <return>  to quit.

! Missing $ inserted.
<inserted text> 
                $
l.196 -d_
         y y(t)
I've inserted a begin-math/end-math symbol since I think
you left one out. Proceed, with fingers crossed.

! Missing $ inserted.
<inserted text> 
                $
l.197 
      
I've inserted a begin-math/end-math symbol since I think
you left one out. Proceed, with fingers crossed.

! Missing $ inserted.
<inserted text> 
                $
l.198 +u_
         h(t)\tanh\!\left(\alpha_y y(t)\right)
I've inserted a begin-math/end-math symbol since I think
you left one out. Proceed, with fingers crossed.

! Missing $ inserted.
<inserted text> 
                $
l.199 
      
I've inserted a begin-math/end-math symbol since I think
you left one out. Proceed, with fingers crossed.


! LaTeX Error: Bad math environment delimiter.

See the LaTeX manual or LaTeX Companion for explanation.
Type  H <return>  for immediate help.
 ...                                              
                                                  
l.202 \]
        
Your command was ignored.
Type  I <command> <return>  to replace it with another command,
or  <return>  to continue without it.

[11]
! Missing $ inserted.
<inserted text> 
                $
l.202 \]
        
I've inserted something that you may have forgotten.
(See the <inserted text> above.)
With luck, this will get me unwedged. But if you
really didn't forget anything, try typing `2' now; then
my insertion and my current dilemma will both disappear.

! Display math should end with $$.
<to be read again> 
                   \endgroup 
l.202 \]
        
The `$' that I just saw supposedly matches a previous `$$'.
So I shall assume that you typed `$$' both times.

! Missing $ inserted.
<inserted text> 
                $
l.213 
      
I've inserted a begin-math/end-math symbol since I think
you left one out. Proceed, with fingers crossed.

! Display math should end with $$.
<to be read again> 
                   \tex_par:D 
l.213 
      
The `$' that I just saw supposedly matches a previous `$$'.
So I shall assume that you typed `$$' both times.


! Package amsmath Error: \dot allowed only in math mode.

See the amsmath package documentation for explanation.
Type  H <return>  for immediate help.
 ...                                              
                                                  
l.214 \dot{u}
             _h(t) =
You're in trouble here.  Try typing  <return>  to proceed.
If that doesn't work, type  X <return>  to quit.

! Missing $ inserted.
<inserted text> 
                $
l.214 \dot{u}_
              h(t) =
I've inserted a begin-math/end-math symbol since I think
you left one out. Proceed, with fingers crossed.

! Missing $ inserted.
<inserted text> 
                $
l.215 
      
I've inserted a begin-math/end-math symbol since I think
you left one out. Proceed, with fingers crossed.

! Missing $ inserted.
<inserted text> 
                $
l.216 \frac{-u_h(t)+S_h(y(t)^2)}{\tau_h}
                                        ,
I've inserted a begin-math/end-math symbol since I think
you left one out. Proceed, with fingers crossed.

! Missing $ inserted.
<inserted text> 
                $
l.216 \frac{-u_h(t)+S_h(y(t)^2)}{\tau_h}
                                        ,
I've inserted something that you may have forgotten.
(See the <inserted text> above.)
With luck, this will get me unwedged. But if you
really didn't forget anything, try typing `2' now; then
my insertion and my current dilemma will both disappear.

! Missing $ inserted.
<inserted text> 
                $
l.216 \frac{-u_h(t)+S_h(y(t)^2)}{\tau_h}
                                        ,
I've inserted a begin-math/end-math symbol since I think
you left one out. Proceed, with fingers crossed.

! Extra }, or forgotten $.
\frac  #1#2->{\begingroup #1\endgroup \@@over #2}
                                                 
l.216 \frac{-u_h(t)+S_h(y(t)^2)}{\tau_h}
                                        ,
I've deleted a group-closing symbol because it seems to be
spurious, as in `$x}$'. But perhaps the } is legitimate and
you forgot something else, as in `\hbox{$x}'. In such cases
the way to recover is to insert both the forgotten and the
deleted material, e.g., by typing `I$}'.

! Missing $ inserted.
<inserted text> 
                $
l.217 
      
I've inserted a begin-math/end-math symbol since I think
you left one out. Proceed, with fingers crossed.


! LaTeX Error: Bad math environment delimiter.

See the LaTeX manual or LaTeX Companion for explanation.
Type  H <return>  for immediate help.
 ...                                              
                                                  
l.218 \]
        
Your command was ignored.
Type  I <command> <return>  to replace it with another command,
or  <return>  to continue without it.

! Missing $ inserted.
<inserted text> 
                $
l.218 \]
        
I've inserted something that you may have forgotten.
(See the <inserted text> above.)
With luck, this will get me unwedged. But if you
really didn't forget anything, try typing `2' now; then
my insertion and my current dilemma will both disappear.

! Display math should end with $$.
<to be read again> 
                   \endgroup 
l.218 \]
        
The `$' that I just saw supposedly matches a previous `$$'.
So I shall assume that you typed `$$' both times.

! Missing } inserted.
<inserted text> 
                }
l.218 \]
        
I've inserted something that you may have forgotten.
(See the <inserted text> above.)
With luck, this will get me unwedged. But if you
really didn't forget anything, try typing `2' now; then
my insertion and my current dilemma will both disappear.

! Missing $ inserted.
<inserted text> 
                $
l.223 
      
I've inserted a begin-math/end-math symbol since I think
you left one out. Proceed, with fingers crossed.

! Display math should end with $$.
<to be read again> 
                   \tex_par:D 
l.223 
      
The `$' that I just saw supposedly matches a previous `$$'.
So I shall assume that you typed `$$' both times.

! Missing $ inserted.
<inserted text> 
                $
l.224 S_
        h(y^2) =
I've inserted a begin-math/end-math symbol since I think
you left one out. Proceed, with fingers crossed.

! Missing $ inserted.
<inserted text> 
                $
l.225 
      
I've inserted a begin-math/end-math symbol since I think
you left one out. Proceed, with fingers crossed.

! Missing $ inserted.
<inserted text> 
                $
l.226 U_
        {\max}
I've inserted a begin-math/end-math symbol since I think
you left one out. Proceed, with fingers crossed.

! Missing $ inserted.
<inserted text> 
                $
l.227 
      
I've inserted a begin-math/end-math symbol since I think
you left one out. Proceed, with fingers crossed.

! Missing $ inserted.
<inserted text> 
                $
l.228 \frac{(y^2)^n}{K_h^n+(y^2)^n}
                                   .
I've inserted a begin-math/end-math symbol since I think
you left one out. Proceed, with fingers crossed.

! Missing $ inserted.
<inserted text> 
                $
l.228 \frac{(y^2)^n}{K_h^n+(y^2)^n}
                                   .
I've inserted something that you may have forgotten.
(See the <inserted text> above.)
With luck, this will get me unwedged. But if you
really didn't forget anything, try typing `2' now; then
my insertion and my current dilemma will both disappear.

! Missing $ inserted.
<inserted text> 
                $
l.228 \frac{(y^2)^n}{K_h^n+(y^2)^n}
                                   .
I've inserted a begin-math/end-math symbol since I think
you left one out. Proceed, with fingers crossed.

! Extra }, or forgotten $.
\frac  #1#2->{\begingroup #1\endgroup \@@over #2}
                                                 
l.228 \frac{(y^2)^n}{K_h^n+(y^2)^n}
                                   .
I've deleted a group-closing symbol because it seems to be
spurious, as in `$x}$'. But perhaps the } is legitimate and
you forgot something else, as in `\hbox{$x}'. In such cases
the way to recover is to insert both the forgotten and the
deleted material, e.g., by typing `I$}'.

! Missing $ inserted.
<inserted text> 
                $
l.229 
      
I've inserted a begin-math/end-math symbol since I think
you left one out. Proceed, with fingers crossed.


! LaTeX Error: Bad math environment delimiter.

See the LaTeX manual or LaTeX Companion for explanation.
Type  H <return>  for immediate help.
 ...                                              
                                                  
l.230 \]
        
Your command was ignored.
Type  I <command> <return>  to replace it with another command,
or  <return>  to continue without it.

! Missing $ inserted.
<inserted text> 
                $
l.230 \]
        
I've inserted something that you may have forgotten.
(See the <inserted text> above.)
With luck, this will get me unwedged. But if you
really didn't forget anything, try typing `2' now; then
my insertion and my current dilemma will both disappear.

! Display math should end with $$.
<to be read again> 
                   \endgroup 
l.230 \]
        
The `$' that I just saw supposedly matches a previous `$$'.
So I shall assume that you typed `$$' both times.

! Missing } inserted.
<inserted text> 
                }
l.230 \]
        
I've inserted something that you may have forgotten.
(See the <inserted text> above.)
With luck, this will get me unwedged. But if you
really didn't forget anything, try typing `2' now; then
my insertion and my current dilemma will both disappear.


Overfull \hbox (3.64723pt too wide) in paragraph at lines 240--241
\TU/Arial(0)/m/n/10.95 front axle in the longitudinal coordinate. Let these vehicles be ordered from front to rear as $\OT1/cmr/m/n/10.95 (\OML/cmm/m/it/10.95 i[]; i[]; i[]\OT1/cmr/m/n/10.95 )$\TU/Arial(0)/m/n/10.95 . 
 []

[12]
! Missing $ inserted.
<inserted text> 
                $
l.245 
      
I've inserted a begin-math/end-math symbol since I think
you left one out. Proceed, with fingers crossed.

! Display math should end with $$.
<to be read again> 
                   \tex_par:D 
l.245 
      
The `$' that I just saw supposedly matches a previous `$$'.
So I shall assume that you typed `$$' both times.

! Missing $ inserted.
<inserted text> 
                $
l.246 x_
        g(t) =
I've inserted a begin-math/end-math symbol since I think
you left one out. Proceed, with fingers crossed.

! Missing $ inserted.
<inserted text> 
                $
l.247 
      
I've inserted a begin-math/end-math symbol since I think
you left one out. Proceed, with fingers crossed.

! Missing $ inserted.
<inserted text> 
                $
l.248 \frac{p_F^x(t)+p_R^x(t)}{2}
                                 ,
I've inserted a begin-math/end-math symbol since I think
you left one out. Proceed, with fingers crossed.

! Missing $ inserted.
<inserted text> 
                $
l.248 \frac{p_F^x(t)+p_R^x(t)}{2}
                                 ,
I've inserted something that you may have forgotten.
(See the <inserted text> above.)
With luck, this will get me unwedged. But if you
really didn't forget anything, try typing `2' now; then
my insertion and my current dilemma will both disappear.

! Missing $ inserted.
<inserted text> 
                $
l.248 \frac{p_F^x(t)+p_R^x(t)}{2}
                                 ,
I've inserted a begin-math/end-math symbol since I think
you left one out. Proceed, with fingers crossed.

! Extra }, or forgotten $.
\frac  #1#2->{\begingroup #1\endgroup \@@over #2}
                                                 
l.248 \frac{p_F^x(t)+p_R^x(t)}{2}
                                 ,
I've deleted a group-closing symbol because it seems to be
spurious, as in `$x}$'. But perhaps the } is legitimate and
you forgot something else, as in `\hbox{$x}'. In such cases
the way to recover is to insert both the forgotten and the
deleted material, e.g., by typing `I$}'.

! Missing $ inserted.
<inserted text> 
                $
l.249 
      
I've inserted a begin-math/end-math symbol since I think
you left one out. Proceed, with fingers crossed.


! LaTeX Error: Bad math environment delimiter.

See the LaTeX manual or LaTeX Companion for explanation.
Type  H <return>  for immediate help.
 ...                                              
                                                  
l.250 \]
        
Your command was ignored.
Type  I <command> <return>  to replace it with another command,
or  <return>  to continue without it.

! Missing $ inserted.
<inserted text> 
                $
l.250 \]
        
I've inserted something that you may have forgotten.
(See the <inserted text> above.)
With luck, this will get me unwedged. But if you
really didn't forget anything, try typing `2' now; then
my insertion and my current dilemma will both disappear.

! Display math should end with $$.
<to be read again> 
                   \endgroup 
l.250 \]
        
The `$' that I just saw supposedly matches a previous `$$'.
So I shall assume that you typed `$$' both times.

! Missing } inserted.
<inserted text> 
                }
l.250 \]
        
I've inserted something that you may have forgotten.
(See the <inserted text> above.)
With luck, this will get me unwedged. But if you
really didn't forget anything, try typing `2' now; then
my insertion and my current dilemma will both disappear.

! Missing $ inserted.
<inserted text> 
                $
l.255 
      
I've inserted a begin-math/end-math symbol since I think
you left one out. Proceed, with fingers crossed.

! Display math should end with $$.
<to be read again> 
                   \tex_par:D 
l.255 
      
The `$' that I just saw supposedly matches a previous `$$'.
So I shall assume that you typed `$$' both times.

! Missing $ inserted.
<inserted text> 
                $
l.256 v_
        g(t) =
I've inserted a begin-math/end-math symbol since I think
you left one out. Proceed, with fingers crossed.

! Missing $ inserted.
<inserted text> 
                $
l.257 
      
I've inserted a begin-math/end-math symbol since I think
you left one out. Proceed, with fingers crossed.

! Missing $ inserted.
<inserted text> 
                $
l.258 \frac{v_F^x(t)+v_R^x(t)}{2}
                                 .
I've inserted a begin-math/end-math symbol since I think
you left one out. Proceed, with fingers crossed.

! Missing $ inserted.
<inserted text> 
                $
l.258 \frac{v_F^x(t)+v_R^x(t)}{2}
                                 .
I've inserted something that you may have forgotten.
(See the <inserted text> above.)
With luck, this will get me unwedged. But if you
really didn't forget anything, try typing `2' now; then
my insertion and my current dilemma will both disappear.

! Missing $ inserted.
<inserted text> 
                $
l.258 \frac{v_F^x(t)+v_R^x(t)}{2}
                                 .
I've inserted a begin-math/end-math symbol since I think
you left one out. Proceed, with fingers crossed.

! Extra }, or forgotten $.
\frac  #1#2->{\begingroup #1\endgroup \@@over #2}
                                                 
l.258 \frac{v_F^x(t)+v_R^x(t)}{2}
                                 .
I've deleted a group-closing symbol because it seems to be
spurious, as in `$x}$'. But perhaps the } is legitimate and
you forgot something else, as in `\hbox{$x}'. In such cases
the way to recover is to insert both the forgotten and the
deleted material, e.g., by typing `I$}'.

! Missing $ inserted.
<inserted text> 
                $
l.259 
      
I've inserted a begin-math/end-math symbol since I think
you left one out. Proceed, with fingers crossed.


! LaTeX Error: Bad math environment delimiter.

See the LaTeX manual or LaTeX Companion for explanation.
Type  H <return>  for immediate help.
 ...                                              
                                                  
l.260 \]
        
Your command was ignored.
Type  I <command> <return>  to replace it with another command,
or  <return>  to continue without it.

! Missing $ inserted.
<inserted text> 
                $
l.260 \]
        
I've inserted something that you may have forgotten.
(See the <inserted text> above.)
With luck, this will get me unwedged. But if you
really didn't forget anything, try typing `2' now; then
my insertion and my current dilemma will both disappear.

! Display math should end with $$.
<to be read again> 
                   \endgroup 
l.260 \]
        
The `$' that I just saw supposedly matches a previous `$$'.
So I shall assume that you typed `$$' both times.

! Missing } inserted.
<inserted text> 
                }
l.260 \]
        
I've inserted something that you may have forgotten.
(See the <inserted text> above.)
With luck, this will get me unwedged. But if you
really didn't forget anything, try typing `2' now; then
my insertion and my current dilemma will both disappear.

! Missing $ inserted.
<inserted text> 
                $
l.271 
      
I've inserted a begin-math/end-math symbol since I think
you left one out. Proceed, with fingers crossed.

! Display math should end with $$.
<to be read again> 
                   \tex_par:D 
l.271 
      
The `$' that I just saw supposedly matches a previous `$$'.
So I shall assume that you typed `$$' both times.

! Missing $ inserted.
<inserted text> 
                $
l.272 d_
        g(t) =
I've inserted a begin-math/end-math symbol since I think
you left one out. Proceed, with fingers crossed.

! Missing $ inserted.
<inserted text> 
                $
l.273 
      
I've inserted a begin-math/end-math symbol since I think
you left one out. Proceed, with fingers crossed.

! Missing $ inserted.
<inserted text> 
                $
l.274 x_
        g(t)-p_e^x(t),
I've inserted a begin-math/end-math symbol since I think
you left one out. Proceed, with fingers crossed.

! Missing $ inserted.
<inserted text> 
                $
l.275 
      
I've inserted a begin-math/end-math symbol since I think
you left one out. Proceed, with fingers crossed.


! LaTeX Error: Bad math environment delimiter.

See the LaTeX manual or LaTeX Companion for explanation.
Type  H <return>  for immediate help.
 ...                                              
                                                  
l.276 \]
        
Your command was ignored.
Type  I <command> <return>  to replace it with another command,
or  <return>  to continue without it.

! Missing $ inserted.
<inserted text> 
                $
l.276 \]
        
I've inserted something that you may have forgotten.
(See the <inserted text> above.)
With luck, this will get me unwedged. But if you
really didn't forget anything, try typing `2' now; then
my insertion and my current dilemma will both disappear.

! Display math should end with $$.
<to be read again> 
                   \endgroup 
l.276 \]
        
The `$' that I just saw supposedly matches a previous `$$'.
So I shall assume that you typed `$$' both times.

! Missing $ inserted.
<inserted text> 
                $
l.281 
      
I've inserted a begin-math/end-math symbol since I think
you left one out. Proceed, with fingers crossed.

! Display math should end with $$.
<to be read again> 
                   \tex_par:D 
l.281 
      
The `$' that I just saw supposedly matches a previous `$$'.
So I shall assume that you typed `$$' both times.

! Missing $ inserted.
<inserted text> 
                $
l.282 \Delta
             v_g(t) =
I've inserted a begin-math/end-math symbol since I think
you left one out. Proceed, with fingers crossed.

! Missing $ inserted.
<inserted text> 
                $
l.283 
      
I've inserted a begin-math/end-math symbol since I think
you left one out. Proceed, with fingers crossed.

! Missing $ inserted.
<inserted text> 
                $
l.284 v_
        g(t)-v_e^x(t).
I've inserted a begin-math/end-math symbol since I think
you left one out. Proceed, with fingers crossed.

! Missing $ inserted.
<inserted text> 
                $
l.285 
      
I've inserted a begin-math/end-math symbol since I think
you left one out. Proceed, with fingers crossed.


! LaTeX Error: Bad math environment delimiter.

See the LaTeX manual or LaTeX Companion for explanation.
Type  H <return>  for immediate help.
 ...                                              
                                                  
l.286 \]
        
Your command was ignored.
Type  I <command> <return>  to replace it with another command,
or  <return>  to continue without it.

[13]
! Missing $ inserted.
<inserted text> 
                $
l.286 \]
        
I've inserted something that you may have forgotten.
(See the <inserted text> above.)
With luck, this will get me unwedged. But if you
really didn't forget anything, try typing `2' now; then
my insertion and my current dilemma will both disappear.

! Display math should end with $$.
<to be read again> 
                   \endgroup 
l.286 \]
        
The `$' that I just saw supposedly matches a previous `$$'.
So I shall assume that you typed `$$' both times.

! Missing $ inserted.
<inserted text> 
                $
l.297 
      
I've inserted a begin-math/end-math symbol since I think
you left one out. Proceed, with fingers crossed.

! Display math should end with $$.
<to be read again> 
                   \tex_par:D 
l.297 
      
The `$' that I just saw supposedly matches a previous `$$'.
So I shall assume that you typed `$$' both times.

! Missing $ inserted.
<inserted text> 
                $
l.298 C_
        g(t) =
I've inserted a begin-math/end-math symbol since I think
you left one out. Proceed, with fingers crossed.

! Missing $ inserted.
<inserted text> 
                $
l.299 
      
I've inserted a begin-math/end-math symbol since I think
you left one out. Proceed, with fingers crossed.

! Missing $ inserted.
<inserted text> 
                $
l.300 \exp
          
I've inserted a begin-math/end-math symbol since I think
you left one out. Proceed, with fingers crossed.

! Missing $ inserted.
<inserted text> 
                $
l.301 
      
I've inserted a begin-math/end-math symbol since I think
you left one out. Proceed, with fingers crossed.

! Missing $ inserted.
<inserted text> 
                $
l.302 \left
           (
I've inserted a begin-math/end-math symbol since I think
you left one out. Proceed, with fingers crossed.

! Missing $ inserted.
<inserted text> 
                $
l.303 
      
I've inserted a begin-math/end-math symbol since I think
you left one out. Proceed, with fingers crossed.

! Missing \right. inserted.
<inserted text> 
                \right .
l.303 
      
I've inserted something that you may have forgotten.
(See the <inserted text> above.)
With luck, this will get me unwedged. But if you
really didn't forget anything, try typing `2' now; then
my insertion and my current dilemma will both disappear.

! Missing $ inserted.
<inserted text> 
                $
l.304 -\frac{d_g(t)^2}{2\sigma_d^2}
                                   
I've inserted a begin-math/end-math symbol since I think
you left one out. Proceed, with fingers crossed.

! Missing $ inserted.
<inserted text> 
                $
l.304 -\frac{d_g(t)^2}{2\sigma_d^2}
                                   
I've inserted something that you may have forgotten.
(See the <inserted text> above.)
With luck, this will get me unwedged. But if you
really didn't forget anything, try typing `2' now; then
my insertion and my current dilemma will both disappear.

! Missing $ inserted.
<inserted text> 
                $
l.304 -\frac{d_g(t)^2}{2\sigma_d^2}
                                   
I've inserted a begin-math/end-math symbol since I think
you left one out. Proceed, with fingers crossed.

! Extra }, or forgotten $.
\frac  #1#2->{\begingroup #1\endgroup \@@over #2}
                                                 
l.304 -\frac{d_g(t)^2}{2\sigma_d^2}
                                   
I've deleted a group-closing symbol because it seems to be
spurious, as in `$x}$'. But perhaps the } is legitimate and
you forgot something else, as in `\hbox{$x}'. In such cases
the way to recover is to insert both the forgotten and the
deleted material, e.g., by typing `I$}'.

! Missing $ inserted.
<inserted text> 
                $
l.305 
      
I've inserted a begin-math/end-math symbol since I think
you left one out. Proceed, with fingers crossed.

! Missing $ inserted.
<inserted text> 
                $
l.306 -\frac{\Delta v_g(t)^2}{2\sigma_v^2}
                                          
I've inserted a begin-math/end-math symbol since I think
you left one out. Proceed, with fingers crossed.

! Missing $ inserted.
<inserted text> 
                $
l.306 -\frac{\Delta v_g(t)^2}{2\sigma_v^2}
                                          
I've inserted something that you may have forgotten.
(See the <inserted text> above.)
With luck, this will get me unwedged. But if you
really didn't forget anything, try typing `2' now; then
my insertion and my current dilemma will both disappear.

! Missing $ inserted.
<inserted text> 
                $
l.306 -\frac{\Delta v_g(t)^2}{2\sigma_v^2}
                                          
I've inserted a begin-math/end-math symbol since I think
you left one out. Proceed, with fingers crossed.

! Extra }, or forgotten $.
\frac  #1#2->{\begingroup #1\endgroup \@@over #2}
                                                 
l.306 -\frac{\Delta v_g(t)^2}{2\sigma_v^2}
                                          
I've deleted a group-closing symbol because it seems to be
spurious, as in `$x}$'. But perhaps the } is legitimate and
you forgot something else, as in `\hbox{$x}'. In such cases
the way to recover is to insert both the forgotten and the
deleted material, e.g., by typing `I$}'.

! Missing $ inserted.
<inserted text> 
                $
l.307 
      
I've inserted a begin-math/end-math symbol since I think
you left one out. Proceed, with fingers crossed.

! Missing $ inserted.
<inserted text> 
                $
l.308 \right
            ).
I've inserted a begin-math/end-math symbol since I think
you left one out. Proceed, with fingers crossed.

! Extra \right.
l.308 \right)
             .
I'm ignoring a \right that had no matching \left.

! Missing $ inserted.
<inserted text> 
                $
l.309 
      
I've inserted a begin-math/end-math symbol since I think
you left one out. Proceed, with fingers crossed.


! LaTeX Error: Bad math environment delimiter.

See the LaTeX manual or LaTeX Companion for explanation.
Type  H <return>  for immediate help.
 ...                                              
                                                  
l.310 \]
        
Your command was ignored.
Type  I <command> <return>  to replace it with another command,
or  <return>  to continue without it.

! Missing $ inserted.
<inserted text> 
                $
l.310 \]
        
I've inserted something that you may have forgotten.
(See the <inserted text> above.)
With luck, this will get me unwedged. But if you
really didn't forget anything, try typing `2' now; then
my insertion and my current dilemma will both disappear.

! Display math should end with $$.
<to be read again> 
                   \endgroup 
l.310 \]
        
The `$' that I just saw supposedly matches a previous `$$'.
So I shall assume that you typed `$$' both times.

! Missing } inserted.
<inserted text> 
                }
l.310 \]
        
I've inserted something that you may have forgotten.
(See the <inserted text> above.)
With luck, this will get me unwedged. But if you
really didn't forget anything, try typing `2' now; then
my insertion and my current dilemma will both disappear.

! Missing } inserted.
<inserted text> 
                }
l.310 \]
        
I've inserted something that you may have forgotten.
(See the <inserted text> above.)
With luck, this will get me unwedged. But if you
really didn't forget anything, try typing `2' now; then
my insertion and my current dilemma will both disappear.

! Missing $ inserted.
<inserted text> 
                $
l.321 
      
I've inserted a begin-math/end-math symbol since I think
you left one out. Proceed, with fingers crossed.

! Display math should end with $$.
<to be read again> 
                   \tex_par:D 
l.321 
      
The `$' that I just saw supposedly matches a previous `$$'.
So I shall assume that you typed `$$' both times.

! Missing $ inserted.
<inserted text> 
                $
l.324 C_
        f(t)-C_r(t).
I've inserted a begin-math/end-math symbol since I think
you left one out. Proceed, with fingers crossed.

! Missing $ inserted.
<inserted text> 
                $
l.325 
      
I've inserted a begin-math/end-math symbol since I think
you left one out. Proceed, with fingers crossed.


! LaTeX Error: Bad math environment delimiter.

See the LaTeX manual or LaTeX Companion for explanation.
Type  H <return>  for immediate help.
 ...                                              
                                                  
l.326 \]
        
Your command was ignored.
Type  I <command> <return>  to replace it with another command,
or  <return>  to continue without it.

! Missing $ inserted.
<inserted text> 
                $
l.326 \]
        
I've inserted something that you may have forgotten.
(See the <inserted text> above.)
With luck, this will get me unwedged. But if you
really didn't forget anything, try typing `2' now; then
my insertion and my current dilemma will both disappear.

! Display math should end with $$.
<to be read again> 
                   \endgroup 
l.326 \]
        
The `$' that I just saw supposedly matches a previous `$$'.
So I shall assume that you typed `$$' both times.


Overfull \hbox (8.96796pt too wide) in paragraph at lines 332--333
[]\TU/Arial(0)/m/n/10.95 The difference is used because they retain both the direction and intensity of the preference. If $\OML/cmm/m/it/10.95 B\OT1/cmr/m/n/10.95 (\OML/cmm/m/it/10.95 t\OT1/cmr/m/n/10.95 ) \OML/cmm/m/it/10.95 > 
 []

[14]
! Missing $ inserted.
<inserted text> 
                $
l.347 
      
I've inserted a begin-math/end-math symbol since I think
you left one out. Proceed, with fingers crossed.

! Display math should end with $$.
<to be read again> 
                   \tex_par:D 
l.347 
      
The `$' that I just saw supposedly matches a previous `$$'.
So I shall assume that you typed `$$' both times.

! Missing $ inserted.
<inserted text> 
                $
l.348 y_
        {k+1} =
I've inserted a begin-math/end-math symbol since I think
you left one out. Proceed, with fingers crossed.

! Missing $ inserted.
<inserted text> 
                $
l.349 
      
I've inserted a begin-math/end-math symbol since I think
you left one out. Proceed, with fingers crossed.

! Missing $ inserted.
<inserted text> 
                $
l.350 y_
        k
I've inserted a begin-math/end-math symbol since I think
you left one out. Proceed, with fingers crossed.

! Missing $ inserted.
<inserted text> 
                $
l.351 
      
I've inserted a begin-math/end-math symbol since I think
you left one out. Proceed, with fingers crossed.

! Missing $ inserted.
<inserted text> 
                $
l.352 +\Delta
              t
I've inserted a begin-math/end-math symbol since I think
you left one out. Proceed, with fingers crossed.

! Missing $ inserted.
<inserted text> 
                $
l.353 
      
I've inserted a begin-math/end-math symbol since I think
you left one out. Proceed, with fingers crossed.

! Missing $ inserted.
<inserted text> 
                $
l.354 \left
           [
I've inserted a begin-math/end-math symbol since I think
you left one out. Proceed, with fingers crossed.

! Missing $ inserted.
<inserted text> 
                $
l.355 
      
I've inserted a begin-math/end-math symbol since I think
you left one out. Proceed, with fingers crossed.

! Missing \right. inserted.
<inserted text> 
                \right .
l.355 
      
I've inserted something that you may have forgotten.
(See the <inserted text> above.)
With luck, this will get me unwedged. But if you
really didn't forget anything, try typing `2' now; then
my insertion and my current dilemma will both disappear.

! Missing $ inserted.
<inserted text> 
                $
l.356 -d_
         y y_k
I've inserted a begin-math/end-math symbol since I think
you left one out. Proceed, with fingers crossed.

! Missing $ inserted.
<inserted text> 
                $
l.357 
      
I've inserted a begin-math/end-math symbol since I think
you left one out. Proceed, with fingers crossed.

! Missing $ inserted.
<inserted text> 
                $
l.358 +u_
         {h,k}\tanh(\alpha_y y_k)
I've inserted a begin-math/end-math symbol since I think
you left one out. Proceed, with fingers crossed.

! Missing $ inserted.
<inserted text> 
                $
l.359 
      
I've inserted a begin-math/end-math symbol since I think
you left one out. Proceed, with fingers crossed.

! Missing $ inserted.
<inserted text> 
                $
l.360 +B_
         k
I've inserted a begin-math/end-math symbol since I think
you left one out. Proceed, with fingers crossed.

! Missing $ inserted.
<inserted text> 
                $
l.361 
      
I've inserted a begin-math/end-math symbol since I think
you left one out. Proceed, with fingers crossed.

! Missing $ inserted.
<inserted text> 
                $
l.362 \right
            ].
I've inserted a begin-math/end-math symbol since I think
you left one out. Proceed, with fingers crossed.

! Extra \right.
l.362 \right]
             .
I'm ignoring a \right that had no matching \left.

! Missing $ inserted.
<inserted text> 
                $
l.363 
      
I've inserted a begin-math/end-math symbol since I think
you left one out. Proceed, with fingers crossed.


! LaTeX Error: Bad math environment delimiter.

See the LaTeX manual or LaTeX Companion for explanation.
Type  H <return>  for immediate help.
 ...                                              
                                                  
l.364 \]
        
Your command was ignored.
Type  I <command> <return>  to replace it with another command,
or  <return>  to continue without it.

! Missing $ inserted.
<inserted text> 
                $
l.364 \]
        
I've inserted something that you may have forgotten.
(See the <inserted text> above.)
With luck, this will get me unwedged. But if you
really didn't forget anything, try typing `2' now; then
my insertion and my current dilemma will both disappear.

! Display math should end with $$.
<to be read again> 
                   \endgroup 
l.364 \]
        
The `$' that I just saw supposedly matches a previous `$$'.
So I shall assume that you typed `$$' both times.

! Missing $ inserted.
<inserted text> 
                $
l.369 
      
I've inserted a begin-math/end-math symbol since I think
you left one out. Proceed, with fingers crossed.

! Display math should end with $$.
<to be read again> 
                   \tex_par:D 
l.369 
      
The `$' that I just saw supposedly matches a previous `$$'.
So I shall assume that you typed `$$' both times.

! Missing $ inserted.
<inserted text> 
                $
l.370 u_
        {h,k+1} =
I've inserted a begin-math/end-math symbol since I think
you left one out. Proceed, with fingers crossed.

! Missing $ inserted.
<inserted text> 
                $
l.371 
      
I've inserted a begin-math/end-math symbol since I think
you left one out. Proceed, with fingers crossed.

! Missing $ inserted.
<inserted text> 
                $
l.372 u_
        {h,k}
I've inserted a begin-math/end-math symbol since I think
you left one out. Proceed, with fingers crossed.

! Missing $ inserted.
<inserted text> 
                $
l.373 
      
I've inserted a begin-math/end-math symbol since I think
you left one out. Proceed, with fingers crossed.

! Missing $ inserted.
<inserted text> 
                $
l.374 +\Delta
              t
I've inserted a begin-math/end-math symbol since I think
you left one out. Proceed, with fingers crossed.

! Missing $ inserted.
<inserted text> 
                $
l.375 
      
I've inserted a begin-math/end-math symbol since I think
you left one out. Proceed, with fingers crossed.

[15]
! Missing $ inserted.
<inserted text> 
                $
l.376 \frac{-u_{h,k}+S_h(y_k^2)}{\tau_h}
                                        .
I've inserted a begin-math/end-math symbol since I think
you left one out. Proceed, with fingers crossed.

! Missing $ inserted.
<inserted text> 
                $
l.376 \frac{-u_{h,k}+S_h(y_k^2)}{\tau_h}
                                        .
I've inserted something that you may have forgotten.
(See the <inserted text> above.)
With luck, this will get me unwedged. But if you
really didn't forget anything, try typing `2' now; then
my insertion and my current dilemma will both disappear.

! Missing $ inserted.
<inserted text> 
                $
l.376 \frac{-u_{h,k}+S_h(y_k^2)}{\tau_h}
                                        .
I've inserted a begin-math/end-math symbol since I think
you left one out. Proceed, with fingers crossed.

! Extra }, or forgotten $.
\frac  #1#2->{\begingroup #1\endgroup \@@over #2}
                                                 
l.376 \frac{-u_{h,k}+S_h(y_k^2)}{\tau_h}
                                        .
I've deleted a group-closing symbol because it seems to be
spurious, as in `$x}$'. But perhaps the } is legitimate and
you forgot something else, as in `\hbox{$x}'. In such cases
the way to recover is to insert both the forgotten and the
deleted material, e.g., by typing `I$}'.

! Missing $ inserted.
<inserted text> 
                $
l.377 
      
I've inserted a begin-math/end-math symbol since I think
you left one out. Proceed, with fingers crossed.


! LaTeX Error: Bad math environment delimiter.

See the LaTeX manual or LaTeX Companion for explanation.
Type  H <return>  for immediate help.
 ...                                              
                                                  
l.378 \]
        
Your command was ignored.
Type  I <command> <return>  to replace it with another command,
or  <return>  to continue without it.

! Missing $ inserted.
<inserted text> 
                $
l.378 \]
        
I've inserted something that you may have forgotten.
(See the <inserted text> above.)
With luck, this will get me unwedged. But if you
really didn't forget anything, try typing `2' now; then
my insertion and my current dilemma will both disappear.

! Display math should end with $$.
<to be read again> 
                   \endgroup 
l.378 \]
        
The `$' that I just saw supposedly matches a previous `$$'.
So I shall assume that you typed `$$' both times.

! Missing } inserted.
<inserted text> 
                }
l.378 \]
        
I've inserted something that you may have forgotten.
(See the <inserted text> above.)
With luck, this will get me unwedged. But if you
really didn't forget anything, try typing `2' now; then
my insertion and my current dilemma will both disappear.

! Missing $ inserted.
<inserted text> 
                $
l.389 
      
I've inserted a begin-math/end-math symbol since I think
you left one out. Proceed, with fingers crossed.

! Display math should end with $$.
<to be read again> 
                   \tex_par:D 
l.389 
      
The `$' that I just saw supposedly matches a previous `$$'.
So I shall assume that you typed `$$' both times.


! LaTeX Error: \mathrm allowed only in math mode.

See the LaTeX manual or LaTeX Companion for explanation.
Type  H <return>  for immediate help.
 ...                                              
                                                  
l.390 \mathrm
             {decision}_k =
You're in trouble here.  Try typing  <return>  to proceed.
If that doesn't work, type  X <return>  to quit.

! Missing $ inserted.
<inserted text> 
                $
l.390 \mathrm{decision}_
                        k =
I've inserted a begin-math/end-math symbol since I think
you left one out. Proceed, with fingers crossed.

! Missing $ inserted.
<inserted text> 
                $
l.391 
      
I've inserted a begin-math/end-math symbol since I think
you left one out. Proceed, with fingers crossed.

! Missing $ inserted.
<inserted text> 
                $
l.392 \begin{cases}
                   
I've inserted a begin-math/end-math symbol since I think
you left one out. Proceed, with fingers crossed.

! Missing $ inserted.
<inserted text> 
                $
l.399 
      
I've inserted a begin-math/end-math symbol since I think
you left one out. Proceed, with fingers crossed.

! Missing $ inserted.
<inserted text> 
                $
l.400 \end{cases}
                 
I've inserted a begin-math/end-math symbol since I think
you left one out. Proceed, with fingers crossed.

! Missing $ inserted.
<inserted text> 
                $
l.400 \end{cases}
                 
I've inserted something that you may have forgotten.
(See the <inserted text> above.)
With luck, this will get me unwedged. But if you
really didn't forget anything, try typing `2' now; then
my insertion and my current dilemma will both disappear.


! LaTeX Error: Bad math environment delimiter.

See the LaTeX manual or LaTeX Companion for explanation.
Type  H <return>  for immediate help.
 ...                                              
                                                  
l.402 \]
        
Your command was ignored.
Type  I <command> <return>  to replace it with another command,
or  <return>  to continue without it.

! Missing $ inserted.
<inserted text> 
                $
l.402 \]
        
I've inserted something that you may have forgotten.
(See the <inserted text> above.)
With luck, this will get me unwedged. But if you
really didn't forget anything, try typing `2' now; then
my insertion and my current dilemma will both disappear.

! Display math should end with $$.
<to be read again> 
                   \endgroup 
l.402 \]
        
The `$' that I just saw supposedly matches a previous `$$'.
So I shall assume that you typed `$$' both times.

File: ./images/layered_opinion_decision_schematic.png Graphic file (type bmp)
<./images/layered_opinion_decision_schematic.png>
[16]
! Missing $ inserted.
<inserted text> 
                $
l.446 
      
I've inserted a begin-math/end-math symbol since I think
you left one out. Proceed, with fingers crossed.

! Display math should end with $$.
<to be read again> 
                   \tex_par:D 
l.446 
      
The `$' that I just saw supposedly matches a previous `$$'.
So I shall assume that you typed `$$' both times.

! Missing $ inserted.
<inserted text> 
                $
l.449 p_
        F^x(t)-p_R^x(t).
I've inserted a begin-math/end-math symbol since I think
you left one out. Proceed, with fingers crossed.

! Missing $ inserted.
<inserted text> 
                $
l.450 
      
I've inserted a begin-math/end-math symbol since I think
you left one out. Proceed, with fingers crossed.


! LaTeX Error: Bad math environment delimiter.

See the LaTeX manual or LaTeX Companion for explanation.
Type  H <return>  for immediate help.
 ...                                              
                                                  
l.451 \]
        
Your command was ignored.
Type  I <command> <return>  to replace it with another command,
or  <return>  to continue without it.

! Missing $ inserted.
<inserted text> 
                $
l.451 \]
        
I've inserted something that you may have forgotten.
(See the <inserted text> above.)
With luck, this will get me unwedged. But if you
really didn't forget anything, try typing `2' now; then
my insertion and my current dilemma will both disappear.

! Display math should end with $$.
<to be read again> 
                   \endgroup 
l.451 \]
        
The `$' that I just saw supposedly matches a previous `$$'.
So I shall assume that you typed `$$' both times.

[17]
! Missing $ inserted.
<inserted text> 
                $
l.456 
      
I've inserted a begin-math/end-math symbol since I think
you left one out. Proceed, with fingers crossed.

! Display math should end with $$.
<to be read again> 
                   \tex_par:D 
l.456 
      
The `$' that I just saw supposedly matches a previous `$$'.
So I shall assume that you typed `$$' both times.


! Package amsmath Error: \dot allowed only in math mode.

See the amsmath package documentation for explanation.
Type  H <return>  for immediate help.
 ...                                              
                                                  
l.457 \dot{g}
             (t) =
You're in trouble here.  Try typing  <return>  to proceed.
If that doesn't work, type  X <return>  to quit.

! Missing $ inserted.
<inserted text> 
                $
l.459 v_
        F^x(t)-v_R^x(t).
I've inserted a begin-math/end-math symbol since I think
you left one out. Proceed, with fingers crossed.

! Missing $ inserted.
<inserted text> 
                $
l.460 
      
I've inserted a begin-math/end-math symbol since I think
you left one out. Proceed, with fingers crossed.


! LaTeX Error: Bad math environment delimiter.

See the LaTeX manual or LaTeX Companion for explanation.
Type  H <return>  for immediate help.
 ...                                              
                                                  
l.461 \]
        
Your command was ignored.
Type  I <command> <return>  to replace it with another command,
or  <return>  to continue without it.

! Missing $ inserted.
<inserted text> 
                $
l.461 \]
        
I've inserted something that you may have forgotten.
(See the <inserted text> above.)
With luck, this will get me unwedged. But if you
really didn't forget anything, try typing `2' now; then
my insertion and my current dilemma will both disappear.

! Display math should end with $$.
<to be read again> 
                   \endgroup 
l.461 \]
        
The `$' that I just saw supposedly matches a previous `$$'.
So I shall assume that you typed `$$' both times.

! Missing $ inserted.
<inserted text> 
                $
l.472 
      
I've inserted a begin-math/end-math symbol since I think
you left one out. Proceed, with fingers crossed.

! Display math should end with $$.
<to be read again> 
                   \tex_par:D 
l.472 
      
The `$' that I just saw supposedly matches a previous `$$'.
So I shall assume that you typed `$$' both times.

! Missing $ inserted.
<inserted text> 
                $
l.475 k_
        g\left[g(t)-g_{\mathrm{safe}}\right]
I've inserted a begin-math/end-math symbol since I think
you left one out. Proceed, with fingers crossed.

! Missing $ inserted.
<inserted text> 
                $
l.476 
      
I've inserted a begin-math/end-math symbol since I think
you left one out. Proceed, with fingers crossed.

! Missing $ inserted.
<inserted text> 
                $
l.477 +k_
         v\dot{g}(t).
I've inserted a begin-math/end-math symbol since I think
you left one out. Proceed, with fingers crossed.

! Missing $ inserted.
<inserted text> 
                $
l.478 
      
I've inserted a begin-math/end-math symbol since I think
you left one out. Proceed, with fingers crossed.


! LaTeX Error: Bad math environment delimiter.

See the LaTeX manual or LaTeX Companion for explanation.
Type  H <return>  for immediate help.
 ...                                              
                                                  
l.479 \]
        
Your command was ignored.
Type  I <command> <return>  to replace it with another command,
or  <return>  to continue without it.

! Missing $ inserted.
<inserted text> 
                $
l.479 \]
        
I've inserted something that you may have forgotten.
(See the <inserted text> above.)
With luck, this will get me unwedged. But if you
really didn't forget anything, try typing `2' now; then
my insertion and my current dilemma will both disappear.

! Display math should end with $$.
<to be read again> 
                   \endgroup 
l.479 \]
        
The `$' that I just saw supposedly matches a previous `$$'.
So I shall assume that you typed `$$' both times.

[18]
! Missing $ inserted.
<inserted text> 
                $
l.525 
      
I've inserted a begin-math/end-math symbol since I think
you left one out. Proceed, with fingers crossed.

! Display math should end with $$.
<to be read again> 
                   \tex_par:D 
l.525 
      
The `$' that I just saw supposedly matches a previous `$$'.
So I shall assume that you typed `$$' both times.

! Missing $ inserted.
<inserted text> 
                $
l.526 J(\pi
           ) =
I've inserted a begin-math/end-math symbol since I think
you left one out. Proceed, with fingers crossed.

! Missing $ inserted.
<inserted text> 
                $
l.527 
      
I've inserted a begin-math/end-math symbol since I think
you left one out. Proceed, with fingers crossed.

! Missing $ inserted.
<inserted text> 
                $
l.528 \sum
          _{t}
I've inserted a begin-math/end-math symbol since I think
you left one out. Proceed, with fingers crossed.

! Missing $ inserted.
<inserted text> 
                $
l.529 
      
I've inserted a begin-math/end-math symbol since I think
you left one out. Proceed, with fingers crossed.


! LaTeX Error: \mathbb allowed only in math mode.

See the LaTeX manual or LaTeX Companion for explanation.
Type  H <return>  for immediate help.
 ...                                              
                                                  
l.530 \mathbb
             {E}_{(s_t,a_t)\sim\rho_{\pi}}
You're in trouble here.  Try typing  <return>  to proceed.
If that doesn't work, type  X <return>  to quit.

! Missing $ inserted.
<inserted text> 
                $
l.530 \mathbb{E}_
                 {(s_t,a_t)\sim\rho_{\pi}}
I've inserted a begin-math/end-math symbol since I think
you left one out. Proceed, with fingers crossed.

! Missing $ inserted.
<inserted text> 
                $
l.531 
      
I've inserted a begin-math/end-math symbol since I think
you left one out. Proceed, with fingers crossed.

! Missing $ inserted.
<inserted text> 
                $
l.532 \left
           [
I've inserted a begin-math/end-math symbol since I think
you left one out. Proceed, with fingers crossed.

[19]
! Missing $ inserted.
<inserted text> 
                $
l.533 
      
I've inserted a begin-math/end-math symbol since I think
you left one out. Proceed, with fingers crossed.

! Missing \right. inserted.
<inserted text> 
                \right .
l.533 
      
I've inserted something that you may have forgotten.
(See the <inserted text> above.)
With luck, this will get me unwedged. But if you
really didn't forget anything, try typing `2' now; then
my insertion and my current dilemma will both disappear.

! Missing $ inserted.
<inserted text> 
                $
l.534 r(s_
          t,a_t)
I've inserted a begin-math/end-math symbol since I think
you left one out. Proceed, with fingers crossed.

! Missing $ inserted.
<inserted text> 
                $
l.535 
      
I've inserted a begin-math/end-math symbol since I think
you left one out. Proceed, with fingers crossed.

! Missing $ inserted.
<inserted text> 
                $
l.536 +\alpha
             _{\mathrm{SAC}}\mathcal{H}\left(\pi(\cdot|s_t)\right)
I've inserted a begin-math/end-math symbol since I think
you left one out. Proceed, with fingers crossed.

! Missing $ inserted.
<inserted text> 
                $
l.537 
      
I've inserted a begin-math/end-math symbol since I think
you left one out. Proceed, with fingers crossed.

! Missing $ inserted.
<inserted text> 
                $
l.538 \right
            ].
I've inserted a begin-math/end-math symbol since I think
you left one out. Proceed, with fingers crossed.

! Extra \right.
l.538 \right]
             .
I'm ignoring a \right that had no matching \left.

! Missing $ inserted.
<inserted text> 
                $
l.539 
      
I've inserted a begin-math/end-math symbol since I think
you left one out. Proceed, with fingers crossed.


! LaTeX Error: Bad math environment delimiter.

See the LaTeX manual or LaTeX Companion for explanation.
Type  H <return>  for immediate help.
 ...                                              
                                                  
l.540 \]
        
Your command was ignored.
Type  I <command> <return>  to replace it with another command,
or  <return>  to continue without it.

! Missing $ inserted.
<inserted text> 
                $
l.540 \]
        
I've inserted something that you may have forgotten.
(See the <inserted text> above.)
With luck, this will get me unwedged. But if you
really didn't forget anything, try typing `2' now; then
my insertion and my current dilemma will both disappear.

! Display math should end with $$.
<to be read again> 
                   \endgroup 
l.540 \]
        
The `$' that I just saw supposedly matches a previous `$$'.
So I shall assume that you typed `$$' both times.

! Missing $ inserted.
<inserted text> 
                $
l.551 
      
I've inserted a begin-math/end-math symbol since I think
you left one out. Proceed, with fingers crossed.

! Display math should end with $$.
<to be read again> 
                   \tex_par:D 
l.551 
      
The `$' that I just saw supposedly matches a previous `$$'.
So I shall assume that you typed `$$' both times.

! Missing $ inserted.
<inserted text> 
                $
l.552 s_
        t =
I've inserted a begin-math/end-math symbol since I think
you left one out. Proceed, with fingers crossed.

! Missing $ inserted.
<inserted text> 
                $
l.553 
      
I've inserted a begin-math/end-math symbol since I think
you left one out. Proceed, with fingers crossed.

! Missing $ inserted.
<inserted text> 
                $
l.554 \begin{bmatrix}
                     
I've inserted a begin-math/end-math symbol since I think
you left one out. Proceed, with fingers crossed.

! Missing $ inserted.
<inserted text> 
                $
l.571 
      
I've inserted a begin-math/end-math symbol since I think
you left one out. Proceed, with fingers crossed.

! Missing $ inserted.
<inserted text> 
                $
l.572 \end{bmatrix}
                   ^{\top}.
I've inserted a begin-math/end-math symbol since I think
you left one out. Proceed, with fingers crossed.

! Missing $ inserted.
<inserted text> 
                $
l.572 \end{bmatrix}
                   ^{\top}.
I've inserted something that you may have forgotten.
(See the <inserted text> above.)
With luck, this will get me unwedged. But if you
really didn't forget anything, try typing `2' now; then
my insertion and my current dilemma will both disappear.

! Missing $ inserted.
<inserted text> 
                $
l.572 \end{bmatrix}^
                    {\top}.
I've inserted a begin-math/end-math symbol since I think
you left one out. Proceed, with fingers crossed.

! Missing $ inserted.
<inserted text> 
                $
l.573 
      
I've inserted a begin-math/end-math symbol since I think
you left one out. Proceed, with fingers crossed.


! LaTeX Error: Bad math environment delimiter.

See the LaTeX manual or LaTeX Companion for explanation.
Type  H <return>  for immediate help.
 ...                                              
                                                  
l.574 \]
        
Your command was ignored.
Type  I <command> <return>  to replace it with another command,
or  <return>  to continue without it.

! Missing $ inserted.
<inserted text> 
                $
l.574 \]
        
I've inserted something that you may have forgotten.
(See the <inserted text> above.)
With luck, this will get me unwedged. But if you
really didn't forget anything, try typing `2' now; then
my insertion and my current dilemma will both disappear.

! Display math should end with $$.
<to be read again> 
                   \endgroup 
l.574 \]
        
The `$' that I just saw supposedly matches a previous `$$'.
So I shall assume that you typed `$$' both times.

! Missing $ inserted.
<inserted text> 
                $
l.585 
      
I've inserted a begin-math/end-math symbol since I think
you left one out. Proceed, with fingers crossed.

! Display math should end with $$.
<to be read again> 
                   \tex_par:D 
l.585 
      
The `$' that I just saw supposedly matches a previous `$$'.
So I shall assume that you typed `$$' both times.

! Missing $ inserted.
<inserted text> 
                $
l.586 a_
        t =
I've inserted a begin-math/end-math symbol since I think
you left one out. Proceed, with fingers crossed.

! Missing $ inserted.
<inserted text> 
                $
l.587 
      
I've inserted a begin-math/end-math symbol since I think
you left one out. Proceed, with fingers crossed.

! Missing $ inserted.
<inserted text> 
                $
l.592 u(t)\in
             [u_{\min},u_{\max}].
I've inserted a begin-math/end-math symbol since I think
you left one out. Proceed, with fingers crossed.

! Missing $ inserted.
<inserted text> 
                $
l.593 
      
I've inserted a begin-math/end-math symbol since I think
you left one out. Proceed, with fingers crossed.


! LaTeX Error: Bad math environment delimiter.

See the LaTeX manual or LaTeX Companion for explanation.
Type  H <return>  for immediate help.
 ...                                              
                                                  
l.594 \]
        
Your command was ignored.
Type  I <command> <return>  to replace it with another command,
or  <return>  to continue without it.

! Missing $ inserted.
<inserted text> 
                $
l.594 \]
        
I've inserted something that you may have forgotten.
(See the <inserted text> above.)
With luck, this will get me unwedged. But if you
really didn't forget anything, try typing `2' now; then
my insertion and my current dilemma will both disappear.

! Display math should end with $$.
<to be read again> 
                   \endgroup 
l.594 \]
        
The `$' that I just saw supposedly matches a previous `$$'.
So I shall assume that you typed `$$' both times.

[20]
! Missing $ inserted.
<inserted text> 
                $
l.605 
      
I've inserted a begin-math/end-math symbol since I think
you left one out. Proceed, with fingers crossed.

! Display math should end with $$.
<to be read again> 
                   \tex_par:D 
l.605 
      
The `$' that I just saw supposedly matches a previous `$$'.
So I shall assume that you typed `$$' both times.


! Package amsmath Error: \begin{aligned} allowed only in math mode.

See the amsmath package documentation for explanation.
Type  H <return>  for immediate help.
 ...                                              
                                                  
l.607 
      
You're in trouble here.  Try typing  <return>  to proceed.
If that doesn't work, type  X <return>  to quit.

! Missing $ inserted.
<inserted text> 
                $
l.607 
      
I've inserted a begin-math/end-math symbol since I think
you left one out. Proceed, with fingers crossed.

! Missing $ inserted.
<inserted text> 
                $
l.607 
      
I've inserted a begin-math/end-math symbol since I think
you left one out. Proceed, with fingers crossed.

! Missing } inserted.
<inserted text> 
                }
l.607 
      
I've inserted something that you may have forgotten.
(See the <inserted text> above.)
With luck, this will get me unwedged. But if you
really didn't forget anything, try typing `2' now; then
my insertion and my current dilemma will both disappear.

! Missing } inserted.
<inserted text> 
                }
l.607 
      
I've inserted something that you may have forgotten.
(See the <inserted text> above.)
With luck, this will get me unwedged. But if you
really didn't forget anything, try typing `2' now; then
my insertion and my current dilemma will both disappear.

! Missing \cr inserted.
<inserted text> 
                \cr 
l.607 
      
I'm guessing that you meant to end an alignment here.

! Missing { inserted.
<inserted text> 
                {
l.607 
      
I've put in what seems to be necessary to fix
the current column of the current alignment.
Try to go on, since this might almost work.

! Missing $ inserted.
<inserted text> 
                $
l.607 
      
I've inserted a begin-math/end-math symbol since I think
you left one out. Proceed, with fingers crossed.

! Missing $ inserted.
<inserted text> 
                $
l.608 r_
        t
I've inserted a begin-math/end-math symbol since I think
you left one out. Proceed, with fingers crossed.

! Missing $ inserted.
<inserted text> 
                $
l.609 
      
I've inserted a begin-math/end-math symbol since I think
you left one out. Proceed, with fingers crossed.

! Misplaced alignment tab character &.
l.610 =&
        
I can't figure out why you would want to use a tab mark
here. If you just want an ampersand, the remedy is
simple: Just type `I\&' now. But if some right brace
up above has ended a previous alignment prematurely,
you're probably due for more error messages, and you
might try typing `S' now just to see what is salvageable.

! Missing $ inserted.
<inserted text> 
                $
l.612 w_
        p\,\Delta P_t
I've inserted a begin-math/end-math symbol since I think
you left one out. Proceed, with fingers crossed.

! Missing $ inserted.
<inserted text> 
                $
l.613 
      
I've inserted a begin-math/end-math symbol since I think
you left one out. Proceed, with fingers crossed.

! Missing $ inserted.
<inserted text> 
                $
l.614 +w_
         o\,O_t\max(\Delta P_t,0)
I've inserted a begin-math/end-math symbol since I think
you left one out. Proceed, with fingers crossed.

! Missing $ inserted.
<inserted text> 
                $
l.615 
      
I've inserted a begin-math/end-math symbol since I think
you left one out. Proceed, with fingers crossed.

! Missing $ inserted.
<inserted text> 
                $
l.616 -w_
         h\,O_t(1-P_t)
I've inserted a begin-math/end-math symbol since I think
you left one out. Proceed, with fingers crossed.

! Missing $ inserted.
<inserted text> 
                $
l.617 
      
I've inserted a begin-math/end-math symbol since I think
you left one out. Proceed, with fingers crossed.

! Missing $ inserted.
<inserted text> 
                $
l.618 -w_
         s(1-P_t) \\
I've inserted a begin-math/end-math symbol since I think
you left one out. Proceed, with fingers crossed.

! Misplaced \cr.
\math@cr@@@ ...fi \next@ \global \column@ \z@ \cr 
                                                  
l.618 -w_s(1-P_t) \\
                    
I can't figure out why you would want to use a tab mark
or \cr or \span just now. If something like a right brace
up above has ended a previous alignment prematurely,
you're probably due for more error messages, and you
might try typing `S' now just to see what is salvageable.

! Misplaced \noalign.
\math@cr@@ ... \iffalse }\fi \math@cr@@@ \noalign 
                                                  {\vskip #1\relax }
l.618 -w_s(1-P_t) \\
                    
I expect to see \noalign only after the \cr of
an alignment. Proceed, and I'll ignore this case.

! Missing $ inserted.
<inserted text> 
                $
l.618 -w_s(1-P_t) \\
                    
I've inserted a begin-math/end-math symbol since I think
you left one out. Proceed, with fingers crossed.

! Missing } inserted.
<inserted text> 
                }
l.618 -w_s(1-P_t) \\
                    
I've inserted something that you may have forgotten.
(See the <inserted text> above.)
With luck, this will get me unwedged. But if you
really didn't forget anything, try typing `2' now; then
my insertion and my current dilemma will both disappear.

! Missing $ inserted.
<inserted text> 
                $
l.619 
      
I've inserted a begin-math/end-math symbol since I think
you left one out. Proceed, with fingers crossed.

! Misplaced alignment tab character &.
l.620 &
       
I can't figure out why you would want to use a tab mark
here. If you just want an ampersand, the remedy is
simple: Just type `I\&' now. But if some right brace
up above has ended a previous alignment prematurely,
you're probably due for more error messages, and you
might try typing `S' now just to see what is salvageable.

! Missing $ inserted.
<inserted text> 
                $
l.622 -w_
         a\lVert a_t-a_{t-1}\rVert_2^2
I've inserted a begin-math/end-math symbol since I think
you left one out. Proceed, with fingers crossed.

! Missing $ inserted.
<inserted text> 
                $
l.623 
      
I've inserted a begin-math/end-math symbol since I think
you left one out. Proceed, with fingers crossed.

! Missing $ inserted.
<inserted text> 
                $
l.624 -w_
         f\,\mathbb{I}\!\left[v_y(t)v_y(t-1)<0\right] \\
I've inserted a begin-math/end-math symbol since I think
you left one out. Proceed, with fingers crossed.


! LaTeX Error: There's no line here to end.

See the LaTeX manual or LaTeX Companion for explanation.
Type  H <return>  for immediate help.
 ...                                              
                                                  
l.624 ...thbb{I}\!\left[v_y(t)v_y(t-1)<0\right] \\
                                                  
Your command was ignored.
Type  I <command> <return>  to replace it with another command,
or  <return>  to continue without it.

! Missing $ inserted.
<inserted text> 
                $
l.624 ...thbb{I}\!\left[v_y(t)v_y(t-1)<0\right] \\
                                                  
I've inserted a begin-math/end-math symbol since I think
you left one out. Proceed, with fingers crossed.

! Misplaced alignment tab character &.
l.626 &
       
I can't figure out why you would want to use a tab mark
here. If you just want an ampersand, the remedy is
simple: Just type `I\&' now. But if some right brace
up above has ended a previous alignment prematurely,
you're probably due for more error messages, and you
might try typing `S' now just to see what is salvageable.

! Missing $ inserted.
<inserted text> 
                $
l.628 -w_
         c
I've inserted a begin-math/end-math symbol since I think
you left one out. Proceed, with fingers crossed.

! Missing $ inserted.
<inserted text> 
                $
l.629 
      
I've inserted a begin-math/end-math symbol since I think
you left one out. Proceed, with fingers crossed.

! Missing $ inserted.
<inserted text> 
                $
l.630 \left
           [
I've inserted a begin-math/end-math symbol since I think
you left one out. Proceed, with fingers crossed.

! Missing $ inserted.
<inserted text> 
                $
l.631 
      
I've inserted a begin-math/end-math symbol since I think
you left one out. Proceed, with fingers crossed.

! Missing \right. inserted.
<inserted text> 
                \right .
l.631 
      
I've inserted something that you may have forgotten.
(See the <inserted text> above.)
With luck, this will get me unwedged. But if you
really didn't forget anything, try typing `2' now; then
my insertion and my current dilemma will both disappear.

! Missing $ inserted.
<inserted text> 
                $
l.632 \max
          \left(0,\frac{d_{\mathrm{safe}}-d_{\min}(t)}{d_{\mathrm{safe}}}\ri...
I've inserted a begin-math/end-math symbol since I think
you left one out. Proceed, with fingers crossed.

! Missing $ inserted.
<inserted text> 
                $
l.633 
      
I've inserted a begin-math/end-math symbol since I think
you left one out. Proceed, with fingers crossed.

! Missing $ inserted.
<inserted text> 
                $
l.634 \right
            ]^2
I've inserted a begin-math/end-math symbol since I think
you left one out. Proceed, with fingers crossed.

! Extra \right.
l.634 \right]
             ^2
I'm ignoring a \right that had no matching \left.

! Missing $ inserted.
<inserted text> 
                $
l.635 
      
I've inserted a begin-math/end-math symbol since I think
you left one out. Proceed, with fingers crossed.


! LaTeX Error: \mathbb allowed only in math mode.

See the LaTeX manual or LaTeX Companion for explanation.
Type  H <return>  for immediate help.
 ...                                              
                                                  
l.636 -1000\,\mathbb
                    {I}_{\mathrm{collision}}
You're in trouble here.  Try typing  <return>  to proceed.
If that doesn't work, type  X <return>  to quit.

! Missing $ inserted.
<inserted text> 
                $
l.636 -1000\,\mathbb{I}_
                        {\mathrm{collision}}
I've inserted a begin-math/end-math symbol since I think
you left one out. Proceed, with fingers crossed.

! Missing $ inserted.
<inserted text> 
                $
l.637 
      
I've inserted a begin-math/end-math symbol since I think
you left one out. Proceed, with fingers crossed.

! Missing $ inserted.
<inserted text> 
                $
l.638 +R_
         {\mathrm{success}}(t)\,\mathbb{I}_{\mathrm{success}} .
I've inserted a begin-math/end-math symbol since I think
you left one out. Proceed, with fingers crossed.

! Missing $ inserted.
<inserted text> 
                $
l.639 
      
I've inserted a begin-math/end-math symbol since I think
you left one out. Proceed, with fingers crossed.

! Misplaced \crcr.
\endaligned ...lumn@ >\z@ \math@cr@@@ \else \crcr 
                                                  \fi \egroup \restorecolumn...
l.640 \end{aligned}
                   
I can't figure out why you would want to use a tab mark
or \cr or \span just now. If something like a right brace
up above has ended a previous alignment prematurely,
you're probably due for more error messages, and you
might try typing `S' now just to see what is salvageable.

! Extra }, or forgotten \endgroup.
\endaligned ...math@cr@@@ \else \crcr \fi \egroup 
                                                  \restorecolumn@ \egroup 
l.640 \end{aligned}
                   
I've deleted a group-closing symbol because it seems to be
spurious, as in `$x}$'. But perhaps the } is legitimate and
you forgot something else, as in `\hbox{$x}'. In such cases
the way to recover is to insert both the forgotten and the
deleted material, e.g., by typing `I$}'.

! Extra }, or forgotten \endgroup.
\endaligned ...fi \egroup \restorecolumn@ \egroup 
                                                  
l.640 \end{aligned}
                   
I've deleted a group-closing symbol because it seems to be
spurious, as in `$x}$'. But perhaps the } is legitimate and
you forgot something else, as in `\hbox{$x}'. In such cases
the way to recover is to insert both the forgotten and the
deleted material, e.g., by typing `I$}'.


! LaTeX Error: Bad math environment delimiter.

See the LaTeX manual or LaTeX Companion for explanation.
Type  H <return>  for immediate help.
 ...                                              
                                                  
l.642 \]
        
Your command was ignored.
Type  I <command> <return>  to replace it with another command,
or  <return>  to continue without it.

! Missing $ inserted.
<inserted text> 
                $
l.642 \]
        
I've inserted something that you may have forgotten.
(See the <inserted text> above.)
With luck, this will get me unwedged. But if you
really didn't forget anything, try typing `2' now; then
my insertion and my current dilemma will both disappear.

! Display math should end with $$.
<to be read again> 
                   \endgroup 
l.642 \]
        
The `$' that I just saw supposedly matches a previous `$$'.
So I shall assume that you typed `$$' both times.

! Missing $ inserted.
<inserted text> 
                $
l.653 
      
I've inserted a begin-math/end-math symbol since I think
you left one out. Proceed, with fingers crossed.

! Display math should end with $$.
<to be read again> 
                   \tex_par:D 
l.653 
      
The `$' that I just saw supposedly matches a previous `$$'.
So I shall assume that you typed `$$' both times.

! Missing $ inserted.
<inserted text> 
                $
l.654 P_
        t =
I've inserted a begin-math/end-math symbol since I think
you left one out. Proceed, with fingers crossed.

! Missing $ inserted.
<inserted text> 
                $
l.655 
      
I've inserted a begin-math/end-math symbol since I think
you left one out. Proceed, with fingers crossed.


! LaTeX Error: \mathrm allowed only in math mode.

See the LaTeX manual or LaTeX Companion for explanation.
Type  H <return>  for immediate help.
 ...                                              
                                                  
l.656 \mathrm
             {clip}
You're in trouble here.  Try typing  <return>  to proceed.
If that doesn't work, type  X <return>  to quit.

[21]
! Missing $ inserted.
<inserted text> 
                $
l.658 \left
           (
I've inserted a begin-math/end-math symbol since I think
you left one out. Proceed, with fingers crossed.

! Missing $ inserted.
<inserted text> 
                $
l.659 
      
I've inserted a begin-math/end-math symbol since I think
you left one out. Proceed, with fingers crossed.

! Missing \right. inserted.
<inserted text> 
                \right .
l.659 
      
I've inserted something that you may have forgotten.
(See the <inserted text> above.)
With luck, this will get me unwedged. But if you
really didn't forget anything, try typing `2' now; then
my insertion and my current dilemma will both disappear.

! Missing $ inserted.
<inserted text> 
                $
l.660 \frac{y_e(t)-y_O}{y_T-y_O}
                                ,
I've inserted a begin-math/end-math symbol since I think
you left one out. Proceed, with fingers crossed.

! Missing $ inserted.
<inserted text> 
                $
l.660 \frac{y_e(t)-y_O}{y_T-y_O}
                                ,
I've inserted something that you may have forgotten.
(See the <inserted text> above.)
With luck, this will get me unwedged. But if you
really didn't forget anything, try typing `2' now; then
my insertion and my current dilemma will both disappear.

! Missing $ inserted.
<inserted text> 
                $
l.660 \frac{y_e(t)-y_O}{y_T-y_O}
                                ,
I've inserted a begin-math/end-math symbol since I think
you left one out. Proceed, with fingers crossed.

! Extra }, or forgotten $.
\frac  #1#2->{\begingroup #1\endgroup \@@over #2}
                                                 
l.660 \frac{y_e(t)-y_O}{y_T-y_O}
                                ,
I've deleted a group-closing symbol because it seems to be
spurious, as in `$x}$'. But perhaps the } is legitimate and
you forgot something else, as in `\hbox{$x}'. In such cases
the way to recover is to insert both the forgotten and the
deleted material, e.g., by typing `I$}'.

! Missing $ inserted.
<inserted text> 
                $
l.661 
      
I've inserted a begin-math/end-math symbol since I think
you left one out. Proceed, with fingers crossed.

! Missing $ inserted.
<inserted text> 
                $
l.666 \right
            ),
I've inserted a begin-math/end-math symbol since I think
you left one out. Proceed, with fingers crossed.

! Extra \right.
l.666 \right)
             ,
I'm ignoring a \right that had no matching \left.

! Missing $ inserted.
<inserted text> 
                $
l.667 
      
I've inserted a begin-math/end-math symbol since I think
you left one out. Proceed, with fingers crossed.

! Missing $ inserted.
<inserted text> 
                $
l.670 \Delta
             P_t=P_t-P_{t-1}.
I've inserted a begin-math/end-math symbol since I think
you left one out. Proceed, with fingers crossed.

! Missing $ inserted.
<inserted text> 
                $
l.671 
      
I've inserted a begin-math/end-math symbol since I think
you left one out. Proceed, with fingers crossed.


! LaTeX Error: Bad math environment delimiter.

See the LaTeX manual or LaTeX Companion for explanation.
Type  H <return>  for immediate help.
 ...                                              
                                                  
l.672 \]
        
Your command was ignored.
Type  I <command> <return>  to replace it with another command,
or  <return>  to continue without it.

! Missing $ inserted.
<inserted text> 
                $
l.672 \]
        
I've inserted something that you may have forgotten.
(See the <inserted text> above.)
With luck, this will get me unwedged. But if you
really didn't forget anything, try typing `2' now; then
my insertion and my current dilemma will both disappear.

! Display math should end with $$.
<to be read again> 
                   \endgroup 
l.672 \]
        
The `$' that I just saw supposedly matches a previous `$$'.
So I shall assume that you typed `$$' both times.

! Missing } inserted.
<inserted text> 
                }
l.672 \]
        
I've inserted something that you may have forgotten.
(See the <inserted text> above.)
With luck, this will get me unwedged. But if you
really didn't forget anything, try typing `2' now; then
my insertion and my current dilemma will both disappear.

! Missing $ inserted.
<inserted text> 
                $
l.683 
      
I've inserted a begin-math/end-math symbol since I think
you left one out. Proceed, with fingers crossed.

! Display math should end with $$.
<to be read again> 
                   \tex_par:D 
l.683 
      
The `$' that I just saw supposedly matches a previous `$$'.
So I shall assume that you typed `$$' both times.

! Missing $ inserted.
<inserted text> 
                $
l.684 R_
        {\mathrm{success}}(t) =
I've inserted a begin-math/end-math symbol since I think
you left one out. Proceed, with fingers crossed.

! Missing $ inserted.
<inserted text> 
                $
l.685 
      
I've inserted a begin-math/end-math symbol since I think
you left one out. Proceed, with fingers crossed.


! LaTeX Error: Bad math environment delimiter.

See the LaTeX manual or LaTeX Companion for explanation.
Type  H <return>  for immediate help.
 ...                                              
                                                  
l.688 \]
        
Your command was ignored.
Type  I <command> <return>  to replace it with another command,
or  <return>  to continue without it.

! Missing $ inserted.
<inserted text> 
                $
l.688 \]
        
I've inserted something that you may have forgotten.
(See the <inserted text> above.)
With luck, this will get me unwedged. But if you
really didn't forget anything, try typing `2' now; then
my insertion and my current dilemma will both disappear.

! Display math should end with $$.
<to be read again> 
                   \endgroup 
l.688 \]
        
The `$' that I just saw supposedly matches a previous `$$'.
So I shall assume that you typed `$$' both times.

[22]
! Missing $ inserted.
<inserted text> 
                $
l.723 
      
I've inserted a begin-math/end-math symbol since I think
you left one out. Proceed, with fingers crossed.

! Display math should end with $$.
<to be read again> 
                   \tex_par:D 
l.723 
      
The `$' that I just saw supposedly matches a previous `$$'.
So I shall assume that you typed `$$' both times.


! Package amsmath Error: \dot allowed only in math mode.

See the amsmath package documentation for explanation.
Type  H <return>  for immediate help.
 ...                                              
                                                  
l.724 \dot{z}
             (t) =
You're in trouble here.  Try typing  <return>  to proceed.
If that doesn't work, type  X <return>  to quit.

! Missing $ inserted.
<inserted text> 
                $
l.726 -d_
         z z(t)
I've inserted a begin-math/end-math symbol since I think
you left one out. Proceed, with fingers crossed.

! Missing $ inserted.
<inserted text> 
                $
l.727 
      
I've inserted a begin-math/end-math symbol since I think
you left one out. Proceed, with fingers crossed.

! Missing $ inserted.
<inserted text> 
                $
l.728 +u(t)\tanh
                \!\left(\alpha_z z(t)\right)
I've inserted a begin-math/end-math symbol since I think
you left one out. Proceed, with fingers crossed.

! Missing $ inserted.
<inserted text> 
                $
l.729 
      
I've inserted a begin-math/end-math symbol since I think
you left one out. Proceed, with fingers crossed.


! LaTeX Error: Bad math environment delimiter.

See the LaTeX manual or LaTeX Companion for explanation.
Type  H <return>  for immediate help.
 ...                                              
                                                  
l.732 \]
        
Your command was ignored.
Type  I <command> <return>  to replace it with another command,
or  <return>  to continue without it.

! Missing $ inserted.
<inserted text> 
                $
l.732 \]
        
I've inserted something that you may have forgotten.
(See the <inserted text> above.)
With luck, this will get me unwedged. But if you
really didn't forget anything, try typing `2' now; then
my insertion and my current dilemma will both disappear.

! Display math should end with $$.
<to be read again> 
                   \endgroup 
l.732 \]
        
The `$' that I just saw supposedly matches a previous `$$'.
So I shall assume that you typed `$$' both times.

! Missing $ inserted.
<inserted text> 
                $
l.737 
      
I've inserted a begin-math/end-math symbol since I think
you left one out. Proceed, with fingers crossed.

! Display math should end with $$.
<to be read again> 
                   \tex_par:D 
l.737 
      
The `$' that I just saw supposedly matches a previous `$$'.
So I shall assume that you typed `$$' both times.

[23]
! Missing $ inserted.
<inserted text> 
                $
l.738 z_
        {k+1} =
I've inserted a begin-math/end-math symbol since I think
you left one out. Proceed, with fingers crossed.

! Missing $ inserted.
<inserted text> 
                $
l.739 
      
I've inserted a begin-math/end-math symbol since I think
you left one out. Proceed, with fingers crossed.

! Missing $ inserted.
<inserted text> 
                $
l.740 z_
        k
I've inserted a begin-math/end-math symbol since I think
you left one out. Proceed, with fingers crossed.

! Missing $ inserted.
<inserted text> 
                $
l.741 
      
I've inserted a begin-math/end-math symbol since I think
you left one out. Proceed, with fingers crossed.

! Missing $ inserted.
<inserted text> 
                $
l.742 +\Delta
              t
I've inserted a begin-math/end-math symbol since I think
you left one out. Proceed, with fingers crossed.

! Missing $ inserted.
<inserted text> 
                $
l.743 
      
I've inserted a begin-math/end-math symbol since I think
you left one out. Proceed, with fingers crossed.

! Missing $ inserted.
<inserted text> 
                $
l.744 \left
           [
I've inserted a begin-math/end-math symbol since I think
you left one out. Proceed, with fingers crossed.

! Missing $ inserted.
<inserted text> 
                $
l.745 
      
I've inserted a begin-math/end-math symbol since I think
you left one out. Proceed, with fingers crossed.

! Missing \right. inserted.
<inserted text> 
                \right .
l.745 
      
I've inserted something that you may have forgotten.
(See the <inserted text> above.)
With luck, this will get me unwedged. But if you
really didn't forget anything, try typing `2' now; then
my insertion and my current dilemma will both disappear.

! Missing $ inserted.
<inserted text> 
                $
l.746 -d_
         z z_k
I've inserted a begin-math/end-math symbol since I think
you left one out. Proceed, with fingers crossed.

! Missing $ inserted.
<inserted text> 
                $
l.747 
      
I've inserted a begin-math/end-math symbol since I think
you left one out. Proceed, with fingers crossed.

! Missing $ inserted.
<inserted text> 
                $
l.748 +u_
         k\tanh(\alpha_z z_k)
I've inserted a begin-math/end-math symbol since I think
you left one out. Proceed, with fingers crossed.

! Missing $ inserted.
<inserted text> 
                $
l.749 
      
I've inserted a begin-math/end-math symbol since I think
you left one out. Proceed, with fingers crossed.

! Missing $ inserted.
<inserted text> 
                $
l.750 +b_
         k
I've inserted a begin-math/end-math symbol since I think
you left one out. Proceed, with fingers crossed.

! Missing $ inserted.
<inserted text> 
                $
l.751 
      
I've inserted a begin-math/end-math symbol since I think
you left one out. Proceed, with fingers crossed.

! Missing $ inserted.
<inserted text> 
                $
l.752 \right
            ].
I've inserted a begin-math/end-math symbol since I think
you left one out. Proceed, with fingers crossed.

! Extra \right.
l.752 \right]
             .
I'm ignoring a \right that had no matching \left.

! Missing $ inserted.
<inserted text> 
                $
l.753 
      
I've inserted a begin-math/end-math symbol since I think
you left one out. Proceed, with fingers crossed.


! LaTeX Error: Bad math environment delimiter.

See the LaTeX manual or LaTeX Companion for explanation.
Type  H <return>  for immediate help.
 ...                                              
                                                  
l.754 \]
        
Your command was ignored.
Type  I <command> <return>  to replace it with another command,
or  <return>  to continue without it.

! Missing $ inserted.
<inserted text> 
                $
l.754 \]
        
I've inserted something that you may have forgotten.
(See the <inserted text> above.)
With luck, this will get me unwedged. But if you
really didn't forget anything, try typing `2' now; then
my insertion and my current dilemma will both disappear.

! Display math should end with $$.
<to be read again> 
                   \endgroup 
l.754 \]
        
The `$' that I just saw supposedly matches a previous `$$'.
So I shall assume that you typed `$$' both times.

! Missing $ inserted.
<inserted text> 
                $
l.765 
      
I've inserted a begin-math/end-math symbol since I think
you left one out. Proceed, with fingers crossed.

! Display math should end with $$.
<to be read again> 
                   \tex_par:D 
l.765 
      
The `$' that I just saw supposedly matches a previous `$$'.
So I shall assume that you typed `$$' both times.

! Missing $ inserted.
<inserted text> 
                $
l.766 \lambda
             _z(t) =
I've inserted a begin-math/end-math symbol since I think
you left one out. Proceed, with fingers crossed.

! Missing $ inserted.
<inserted text> 
                $
l.767 
      
I've inserted a begin-math/end-math symbol since I think
you left one out. Proceed, with fingers crossed.


! LaTeX Error: \mathrm allowed only in math mode.

See the LaTeX manual or LaTeX Companion for explanation.
Type  H <return>  for immediate help.
 ...                                              
                                                  
l.768 \mathrm
             {clip}
You're in trouble here.  Try typing  <return>  to proceed.
If that doesn't work, type  X <return>  to quit.

! Missing $ inserted.
<inserted text> 
                $
l.770 \left
           (
I've inserted a begin-math/end-math symbol since I think
you left one out. Proceed, with fingers crossed.

! Missing $ inserted.
<inserted text> 
                $
l.771 
      
I've inserted a begin-math/end-math symbol since I think
you left one out. Proceed, with fingers crossed.

! Missing \right. inserted.
<inserted text> 
                \right .
l.771 
      
I've inserted something that you may have forgotten.
(See the <inserted text> above.)
With luck, this will get me unwedged. But if you
really didn't forget anything, try typing `2' now; then
my insertion and my current dilemma will both disappear.

! Missing $ inserted.
<inserted text> 
                $
l.772 \frac{z(t)-z_{\min}}{z_{\max}-z_{\min}}
                                             ,
I've inserted a begin-math/end-math symbol since I think
you left one out. Proceed, with fingers crossed.

! Missing $ inserted.
<inserted text> 
                $
l.772 \frac{z(t)-z_{\min}}{z_{\max}-z_{\min}}
                                             ,
I've inserted something that you may have forgotten.
(See the <inserted text> above.)
With luck, this will get me unwedged. But if you
really didn't forget anything, try typing `2' now; then
my insertion and my current dilemma will both disappear.

! Missing $ inserted.
<inserted text> 
                $
l.772 \frac{z(t)-z_{\min}}{z_{\max}-z_{\min}}
                                             ,
I've inserted a begin-math/end-math symbol since I think
you left one out. Proceed, with fingers crossed.

! Extra }, or forgotten $.
\frac  #1#2->{\begingroup #1\endgroup \@@over #2}
                                                 
l.772 \frac{z(t)-z_{\min}}{z_{\max}-z_{\min}}
                                             ,
I've deleted a group-closing symbol because it seems to be
spurious, as in `$x}$'. But perhaps the } is legitimate and
you forgot something else, as in `\hbox{$x}'. In such cases
the way to recover is to insert both the forgotten and the
deleted material, e.g., by typing `I$}'.

! Missing $ inserted.
<inserted text> 
                $
l.773 
      
I've inserted a begin-math/end-math symbol since I think
you left one out. Proceed, with fingers crossed.

! Missing $ inserted.
<inserted text> 
                $
l.778 \right
            ).
I've inserted a begin-math/end-math symbol since I think
you left one out. Proceed, with fingers crossed.

! Extra \right.
l.778 \right)
             .
I'm ignoring a \right that had no matching \left.

! Missing $ inserted.
<inserted text> 
                $
l.779 
      
I've inserted a begin-math/end-math symbol since I think
you left one out. Proceed, with fingers crossed.


! LaTeX Error: Bad math environment delimiter.

See the LaTeX manual or LaTeX Companion for explanation.
Type  H <return>  for immediate help.
 ...                                              
                                                  
l.780 \]
        
Your command was ignored.
Type  I <command> <return>  to replace it with another command,
or  <return>  to continue without it.

! Missing $ inserted.
<inserted text> 
                $
l.780 \]
        
I've inserted something that you may have forgotten.
(See the <inserted text> above.)
With luck, this will get me unwedged. But if you
really didn't forget anything, try typing `2' now; then
my insertion and my current dilemma will both disappear.

! Display math should end with $$.
<to be read again> 
                   \endgroup 
l.780 \]
        
The `$' that I just saw supposedly matches a previous `$$'.
So I shall assume that you typed `$$' both times.

[24]
! Missing } inserted.
<inserted text> 
                }
l.780 \]
        
I've inserted something that you may have forgotten.
(See the <inserted text> above.)
With luck, this will get me unwedged. But if you
really didn't forget anything, try typing `2' now; then
my insertion and my current dilemma will both disappear.

! Missing $ inserted.
<inserted text> 
                $
l.805 
      
I've inserted a begin-math/end-math symbol since I think
you left one out. Proceed, with fingers crossed.

! Display math should end with $$.
<to be read again> 
                   \tex_par:D 
l.805 
      
The `$' that I just saw supposedly matches a previous `$$'.
So I shall assume that you typed `$$' both times.


! LaTeX Error: \mathbf allowed only in math mode.

See the LaTeX manual or LaTeX Companion for explanation.
Type  H <return>  for immediate help.
 ...                                              
                                                  
l.806 \mathbf{r}
                _j(t) =
You're in trouble here.  Try typing  <return>  to proceed.
If that doesn't work, type  X <return>  to quit.

! Missing $ inserted.
<inserted text> 
                $
l.806 \mathbf{r}_
                 j(t) =
I've inserted a begin-math/end-math symbol since I think
you left one out. Proceed, with fingers crossed.

! Missing $ inserted.
<inserted text> 
                $
l.807 
      
I've inserted a begin-math/end-math symbol since I think
you left one out. Proceed, with fingers crossed.


! LaTeX Error: \mathbf allowed only in math mode.

See the LaTeX manual or LaTeX Companion for explanation.
Type  H <return>  for immediate help.
 ...                                              
                                                  
l.808 \mathbf{p}
                _e(t)-\mathbf{p}_j(t),
You're in trouble here.  Try typing  <return>  to proceed.
If that doesn't work, type  X <return>  to quit.

! Missing $ inserted.
<inserted text> 
                $
l.808 \mathbf{p}_
                 e(t)-\mathbf{p}_j(t),
I've inserted a begin-math/end-math symbol since I think
you left one out. Proceed, with fingers crossed.

! Missing $ inserted.
<inserted text> 
                $
l.809 
      
I've inserted a begin-math/end-math symbol since I think
you left one out. Proceed, with fingers crossed.

! Missing $ inserted.
<inserted text> 
                $
l.812 d_
        j(t) =
I've inserted a begin-math/end-math symbol since I think
you left one out. Proceed, with fingers crossed.

! Missing $ inserted.
<inserted text> 
                $
l.813 
      
I've inserted a begin-math/end-math symbol since I think
you left one out. Proceed, with fingers crossed.

! Missing $ inserted.
<inserted text> 
                $
l.814 \lVert
             \mathbf{r}_j(t)\rVert_2.
I've inserted a begin-math/end-math symbol since I think
you left one out. Proceed, with fingers crossed.

! Missing $ inserted.
<inserted text> 
                $
l.815 
      
I've inserted a begin-math/end-math symbol since I think
you left one out. Proceed, with fingers crossed.


! LaTeX Error: Bad math environment delimiter.

See the LaTeX manual or LaTeX Companion for explanation.
Type  H <return>  for immediate help.
 ...                                              
                                                  
l.816 \]
        
Your command was ignored.
Type  I <command> <return>  to replace it with another command,
or  <return>  to continue without it.

! Missing $ inserted.
<inserted text> 
                $
l.816 \]
        
I've inserted something that you may have forgotten.
(See the <inserted text> above.)
With luck, this will get me unwedged. But if you
really didn't forget anything, try typing `2' now; then
my insertion and my current dilemma will both disappear.

! Display math should end with $$.
<to be read again> 
                   \endgroup 
l.816 \]
        
The `$' that I just saw supposedly matches a previous `$$'.
So I shall assume that you typed `$$' both times.

! Missing $ inserted.
<inserted text> 
                $
l.827 
      
I've inserted a begin-math/end-math symbol since I think
you left one out. Proceed, with fingers crossed.

! Display math should end with $$.
<to be read again> 
                   \tex_par:D 
l.827 
      
The `$' that I just saw supposedly matches a previous `$$'.
So I shall assume that you typed `$$' both times.


! LaTeX Error: \mathbf allowed only in math mode.

See the LaTeX manual or LaTeX Companion for explanation.
Type  H <return>  for immediate help.
 ...                                              
                                                  
l.828 \mathbf
             {u}_c(t) =
You're in trouble here.  Try typing  <return>  to proceed.
If that doesn't work, type  X <return>  to quit.

! Missing $ inserted.
<inserted text> 
                $
l.828 \mathbf{u}_
                 c(t) =
I've inserted a begin-math/end-math symbol since I think
you left one out. Proceed, with fingers crossed.

! Missing $ inserted.
<inserted text> 
                $
l.829 
      
I've inserted a begin-math/end-math symbol since I think
you left one out. Proceed, with fingers crossed.

! Missing $ inserted.
<inserted text> 
                $
l.830 \sum
          _j
I've inserted a begin-math/end-math symbol since I think
you left one out. Proceed, with fingers crossed.

! Missing $ inserted.
<inserted text> 
                $
l.831 
      
I've inserted a begin-math/end-math symbol since I think
you left one out. Proceed, with fingers crossed.

[25]
! Missing $ inserted.
<inserted text> 
                $
l.832 k_
        c
I've inserted a begin-math/end-math symbol since I think
you left one out. Proceed, with fingers crossed.

! Missing $ inserted.
<inserted text> 
                $
l.833 
      
I've inserted a begin-math/end-math symbol since I think
you left one out. Proceed, with fingers crossed.

! Missing $ inserted.
<inserted text> 
                $
l.834 \max
          \left(0,\frac{d_{\mathrm{safe}}-d_j(t)}{d_{\mathrm{safe}}}\right)^2
I've inserted a begin-math/end-math symbol since I think
you left one out. Proceed, with fingers crossed.

! Missing $ inserted.
<inserted text> 
                $
l.835 
      
I've inserted a begin-math/end-math symbol since I think
you left one out. Proceed, with fingers crossed.


! LaTeX Error: \mathbf allowed only in math mode.

See the LaTeX manual or LaTeX Companion for explanation.
Type  H <return>  for immediate help.
 ...                                              
                                                  
l.836 \frac{\mathbf{r}_j(t)}{d_j(t)}
                                    .
You're in trouble here.  Try typing  <return>  to proceed.
If that doesn't work, type  X <return>  to quit.

! Missing $ inserted.
<inserted text> 
                $
l.836 \frac{\mathbf{r}_j(t)}{d_j(t)}
                                    .
I've inserted a begin-math/end-math symbol since I think
you left one out. Proceed, with fingers crossed.

! Missing $ inserted.
<inserted text> 
                $
l.836 \frac{\mathbf{r}_j(t)}{d_j(t)}
                                    .
I've inserted something that you may have forgotten.
(See the <inserted text> above.)
With luck, this will get me unwedged. But if you
really didn't forget anything, try typing `2' now; then
my insertion and my current dilemma will both disappear.

! Missing $ inserted.
<inserted text> 
                $
l.836 \frac{\mathbf{r}_j(t)}{d_j(t)}
                                    .
I've inserted a begin-math/end-math symbol since I think
you left one out. Proceed, with fingers crossed.

! Extra }, or forgotten $.
\frac  #1#2->{\begingroup #1\endgroup \@@over #2}
                                                 
l.836 \frac{\mathbf{r}_j(t)}{d_j(t)}
                                    .
I've deleted a group-closing symbol because it seems to be
spurious, as in `$x}$'. But perhaps the } is legitimate and
you forgot something else, as in `\hbox{$x}'. In such cases
the way to recover is to insert both the forgotten and the
deleted material, e.g., by typing `I$}'.

! Missing $ inserted.
<inserted text> 
                $
l.837 
      
I've inserted a begin-math/end-math symbol since I think
you left one out. Proceed, with fingers crossed.


! LaTeX Error: Bad math environment delimiter.

See the LaTeX manual or LaTeX Companion for explanation.
Type  H <return>  for immediate help.
 ...                                              
                                                  
l.838 \]
        
Your command was ignored.
Type  I <command> <return>  to replace it with another command,
or  <return>  to continue without it.

! Missing $ inserted.
<inserted text> 
                $
l.838 \]
        
I've inserted something that you may have forgotten.
(See the <inserted text> above.)
With luck, this will get me unwedged. But if you
really didn't forget anything, try typing `2' now; then
my insertion and my current dilemma will both disappear.

! Display math should end with $$.
<to be read again> 
                   \endgroup 
l.838 \]
        
The `$' that I just saw supposedly matches a previous `$$'.
So I shall assume that you typed `$$' both times.

! Missing } inserted.
<inserted text> 
                }
l.838 \]
        
I've inserted something that you may have forgotten.
(See the <inserted text> above.)
With luck, this will get me unwedged. But if you
really didn't forget anything, try typing `2' now; then
my insertion and my current dilemma will both disappear.

! Missing $ inserted.
<inserted text> 
                $
l.859 
      
I've inserted a begin-math/end-math symbol since I think
you left one out. Proceed, with fingers crossed.

! Display math should end with $$.
<to be read again> 
                   \tex_par:D 
l.859 
      
The `$' that I just saw supposedly matches a previous `$$'.
So I shall assume that you typed `$$' both times.


! LaTeX Error: \mathbf allowed only in math mode.

See the LaTeX manual or LaTeX Companion for explanation.
Type  H <return>  for immediate help.
 ...                                              
                                                  
l.860 \mathbf
             {p}_G^{\star}(t) =
You're in trouble here.  Try typing  <return>  to proceed.
If that doesn't work, type  X <return>  to quit.

! Missing $ inserted.
<inserted text> 
                $
l.860 \mathbf{p}_
                 G^{\star}(t) =
I've inserted a begin-math/end-math symbol since I think
you left one out. Proceed, with fingers crossed.

! Missing $ inserted.
<inserted text> 
                $
l.861 
      
I've inserted a begin-math/end-math symbol since I think
you left one out. Proceed, with fingers crossed.

! Missing $ inserted.
<inserted text> 
                $
l.862 \begin{bmatrix}
                     
I've inserted a begin-math/end-math symbol since I think
you left one out. Proceed, with fingers crossed.

! Missing $ inserted.
<inserted text> 
                $
l.867 
      
I've inserted a begin-math/end-math symbol since I think
you left one out. Proceed, with fingers crossed.

! Missing $ inserted.
<inserted text> 
                $
l.868 \end{bmatrix}
                   .
I've inserted a begin-math/end-math symbol since I think
you left one out. Proceed, with fingers crossed.

! Missing $ inserted.
<inserted text> 
                $
l.868 \end{bmatrix}
                   .
I've inserted something that you may have forgotten.
(See the <inserted text> above.)
With luck, this will get me unwedged. But if you
really didn't forget anything, try typing `2' now; then
my insertion and my current dilemma will both disappear.


! LaTeX Error: Bad math environment delimiter.

See the LaTeX manual or LaTeX Companion for explanation.
Type  H <return>  for immediate help.
 ...                                              
                                                  
l.870 \]
        
Your command was ignored.
Type  I <command> <return>  to replace it with another command,
or  <return>  to continue without it.

! Missing $ inserted.
<inserted text> 
                $
l.870 \]
        
I've inserted something that you may have forgotten.
(See the <inserted text> above.)
With luck, this will get me unwedged. But if you
really didn't forget anything, try typing `2' now; then
my insertion and my current dilemma will both disappear.

! Display math should end with $$.
<to be read again> 
                   \endgroup 
l.870 \]
        
The `$' that I just saw supposedly matches a previous `$$'.
So I shall assume that you typed `$$' both times.

! Missing $ inserted.
<inserted text> 
                $
l.875 
      
I've inserted a begin-math/end-math symbol since I think
you left one out. Proceed, with fingers crossed.

! Display math should end with $$.
<to be read again> 
                   \tex_par:D 
l.875 
      
The `$' that I just saw supposedly matches a previous `$$'.
So I shall assume that you typed `$$' both times.


! LaTeX Error: \mathbf allowed only in math mode.

See the LaTeX manual or LaTeX Companion for explanation.
Type  H <return>  for immediate help.
 ...                                              
                                                  
l.876 \mathbf
             {p}_O^{\star}(t) =
You're in trouble here.  Try typing  <return>  to proceed.
If that doesn't work, type  X <return>  to quit.

! Missing $ inserted.
<inserted text> 
                $
l.876 \mathbf{p}_
                 O^{\star}(t) =
I've inserted a begin-math/end-math symbol since I think
you left one out. Proceed, with fingers crossed.

! Missing $ inserted.
<inserted text> 
                $
l.877 
      
I've inserted a begin-math/end-math symbol since I think
you left one out. Proceed, with fingers crossed.

! Missing $ inserted.
<inserted text> 
                $
l.878 \begin{bmatrix}
                     
I've inserted a begin-math/end-math symbol since I think
you left one out. Proceed, with fingers crossed.

! Missing $ inserted.
<inserted text> 
                $
l.883 
      
I've inserted a begin-math/end-math symbol since I think
you left one out. Proceed, with fingers crossed.

! Missing $ inserted.
<inserted text> 
                $
l.884 \end{bmatrix}
                   .
I've inserted a begin-math/end-math symbol since I think
you left one out. Proceed, with fingers crossed.

! Missing $ inserted.
<inserted text> 
                $
l.884 \end{bmatrix}
                   .
I've inserted something that you may have forgotten.
(See the <inserted text> above.)
With luck, this will get me unwedged. But if you
really didn't forget anything, try typing `2' now; then
my insertion and my current dilemma will both disappear.


! LaTeX Error: Bad math environment delimiter.

See the LaTeX manual or LaTeX Companion for explanation.
Type  H <return>  for immediate help.
 ...                                              
                                                  
l.886 \]
        
Your command was ignored.
Type  I <command> <return>  to replace it with another command,
or  <return>  to continue without it.

! Missing $ inserted.
<inserted text> 
                $
l.886 \]
        
I've inserted something that you may have forgotten.
(See the <inserted text> above.)
With luck, this will get me unwedged. But if you
really didn't forget anything, try typing `2' now; then
my insertion and my current dilemma will both disappear.

! Display math should end with $$.
<to be read again> 
                   \endgroup 
l.886 \]
        
The `$' that I just saw supposedly matches a previous `$$'.
So I shall assume that you typed `$$' both times.

[26]
! Missing $ inserted.
<inserted text> 
                $
l.897 
      
I've inserted a begin-math/end-math symbol since I think
you left one out. Proceed, with fingers crossed.

! Display math should end with $$.
<to be read again> 
                   \tex_par:D 
l.897 
      
The `$' that I just saw supposedly matches a previous `$$'.
So I shall assume that you typed `$$' both times.


! LaTeX Error: \mathbf allowed only in math mode.

See the LaTeX manual or LaTeX Companion for explanation.
Type  H <return>  for immediate help.
 ...                                              
                                                  
l.898 \mathbf
             {p}^{\star}(t) =
You're in trouble here.  Try typing  <return>  to proceed.
If that doesn't work, type  X <return>  to quit.

! Missing $ inserted.
<inserted text> 
                $
l.898 \mathbf{p}^
                 {\star}(t) =
I've inserted a begin-math/end-math symbol since I think
you left one out. Proceed, with fingers crossed.

! Missing $ inserted.
<inserted text> 
                $
l.899 
      
I've inserted a begin-math/end-math symbol since I think
you left one out. Proceed, with fingers crossed.

! Missing $ inserted.
<inserted text> 
                $
l.900 \left
           [1-\lambda_z(t)\right]\mathbf{p}_O^{\star}(t)
I've inserted a begin-math/end-math symbol since I think
you left one out. Proceed, with fingers crossed.

! Missing $ inserted.
<inserted text> 
                $
l.901 
      
I've inserted a begin-math/end-math symbol since I think
you left one out. Proceed, with fingers crossed.

! Missing $ inserted.
<inserted text> 
                $
l.902 +\lambda
              _z(t)\mathbf{p}_G^{\star}(t).
I've inserted a begin-math/end-math symbol since I think
you left one out. Proceed, with fingers crossed.

! Missing $ inserted.
<inserted text> 
                $
l.903 
      
I've inserted a begin-math/end-math symbol since I think
you left one out. Proceed, with fingers crossed.


! LaTeX Error: Bad math environment delimiter.

See the LaTeX manual or LaTeX Companion for explanation.
Type  H <return>  for immediate help.
 ...                                              
                                                  
l.904 \]
        
Your command was ignored.
Type  I <command> <return>  to replace it with another command,
or  <return>  to continue without it.

! Missing $ inserted.
<inserted text> 
                $
l.904 \]
        
I've inserted something that you may have forgotten.
(See the <inserted text> above.)
With luck, this will get me unwedged. But if you
really didn't forget anything, try typing `2' now; then
my insertion and my current dilemma will both disappear.

! Display math should end with $$.
<to be read again> 
                   \endgroup 
l.904 \]
        
The `$' that I just saw supposedly matches a previous `$$'.
So I shall assume that you typed `$$' both times.

! Missing $ inserted.
<inserted text> 
                $
l.909 
      
I've inserted a begin-math/end-math symbol since I think
you left one out. Proceed, with fingers crossed.

! Display math should end with $$.
<to be read again> 
                   \tex_par:D 
l.909 
      
The `$' that I just saw supposedly matches a previous `$$'.
So I shall assume that you typed `$$' both times.


! LaTeX Error: \mathbf allowed only in math mode.

See the LaTeX manual or LaTeX Companion for explanation.
Type  H <return>  for immediate help.
 ...                                              
                                                  
l.910 \mathbf
             {e}_z(t) =
You're in trouble here.  Try typing  <return>  to proceed.
If that doesn't work, type  X <return>  to quit.

! Missing $ inserted.
<inserted text> 
                $
l.910 \mathbf{e}_
                 z(t) =
I've inserted a begin-math/end-math symbol since I think
you left one out. Proceed, with fingers crossed.

! Missing $ inserted.
<inserted text> 
                $
l.911 
      
I've inserted a begin-math/end-math symbol since I think
you left one out. Proceed, with fingers crossed.


! LaTeX Error: \mathbf allowed only in math mode.

See the LaTeX manual or LaTeX Companion for explanation.
Type  H <return>  for immediate help.
 ...                                              
                                                  
l.912 \mathbf
             {p}^{\star}(t)-\mathbf{p}_e(t).
You're in trouble here.  Try typing  <return>  to proceed.
If that doesn't work, type  X <return>  to quit.

! Missing $ inserted.
<inserted text> 
                $
l.912 \mathbf{p}^
                 {\star}(t)-\mathbf{p}_e(t).
I've inserted a begin-math/end-math symbol since I think
you left one out. Proceed, with fingers crossed.

! Missing $ inserted.
<inserted text> 
                $
l.913 
      
I've inserted a begin-math/end-math symbol since I think
you left one out. Proceed, with fingers crossed.


! LaTeX Error: Bad math environment delimiter.

See the LaTeX manual or LaTeX Companion for explanation.
Type  H <return>  for immediate help.
 ...                                              
                                                  
l.914 \]
        
Your command was ignored.
Type  I <command> <return>  to replace it with another command,
or  <return>  to continue without it.

! Missing $ inserted.
<inserted text> 
                $
l.914 \]
        
I've inserted something that you may have forgotten.
(See the <inserted text> above.)
With luck, this will get me unwedged. But if you
really didn't forget anything, try typing `2' now; then
my insertion and my current dilemma will both disappear.

! Display math should end with $$.
<to be read again> 
                   \endgroup 
l.914 \]
        
The `$' that I just saw supposedly matches a previous `$$'.
So I shall assume that you typed `$$' both times.

! Missing $ inserted.
<inserted text> 
                $
l.935 
      
I've inserted a begin-math/end-math symbol since I think
you left one out. Proceed, with fingers crossed.

! Display math should end with $$.
<to be read again> 
                   \tex_par:D 
l.935 
      
The `$' that I just saw supposedly matches a previous `$$'.
So I shall assume that you typed `$$' both times.


! LaTeX Error: \mathbf allowed only in math mode.

See the LaTeX manual or LaTeX Companion for explanation.
Type  H <return>  for immediate help.
 ...                                              
                                                  
l.936 \mathbf
             {u}_{\mathrm{total}}(t) =
You're in trouble here.  Try typing  <return>  to proceed.
If that doesn't work, type  X <return>  to quit.

! Missing $ inserted.
<inserted text> 
                $
l.936 \mathbf{u}_
                 {\mathrm{total}}(t) =
I've inserted a begin-math/end-math symbol since I think
you left one out. Proceed, with fingers crossed.

! Missing $ inserted.
<inserted text> 
                $
l.937 
      
I've inserted a begin-math/end-math symbol since I think
you left one out. Proceed, with fingers crossed.

[27]
! Missing $ inserted.
<inserted text> 
                $
l.938 k_
        p\mathbf{e}_z(t)
I've inserted a begin-math/end-math symbol since I think
you left one out. Proceed, with fingers crossed.

! Missing $ inserted.
<inserted text> 
                $
l.939 
      
I've inserted a begin-math/end-math symbol since I think
you left one out. Proceed, with fingers crossed.

! Missing $ inserted.
<inserted text> 
                $
l.940 -k_
         v\mathbf{v}_e^f(t)
I've inserted a begin-math/end-math symbol since I think
you left one out. Proceed, with fingers crossed.

! Missing $ inserted.
<inserted text> 
                $
l.941 
      
I've inserted a begin-math/end-math symbol since I think
you left one out. Proceed, with fingers crossed.


! LaTeX Error: \mathbf allowed only in math mode.

See the LaTeX manual or LaTeX Companion for explanation.
Type  H <return>  for immediate help.
 ...                                              
                                                  
l.942 +\mathbf
              {u}_c(t).
You're in trouble here.  Try typing  <return>  to proceed.
If that doesn't work, type  X <return>  to quit.

! Missing $ inserted.
<inserted text> 
                $
l.942 +\mathbf{u}_
                  c(t).
I've inserted a begin-math/end-math symbol since I think
you left one out. Proceed, with fingers crossed.

! Missing $ inserted.
<inserted text> 
                $
l.943 
      
I've inserted a begin-math/end-math symbol since I think
you left one out. Proceed, with fingers crossed.


! LaTeX Error: Bad math environment delimiter.

See the LaTeX manual or LaTeX Companion for explanation.
Type  H <return>  for immediate help.
 ...                                              
                                                  
l.944 \]
        
Your command was ignored.
Type  I <command> <return>  to replace it with another command,
or  <return>  to continue without it.

! Missing $ inserted.
<inserted text> 
                $
l.944 \]
        
I've inserted something that you may have forgotten.
(See the <inserted text> above.)
With luck, this will get me unwedged. But if you
really didn't forget anything, try typing `2' now; then
my insertion and my current dilemma will both disappear.

! Display math should end with $$.
<to be read again> 
                   \endgroup 
l.944 \]
        
The `$' that I just saw supposedly matches a previous `$$'.
So I shall assume that you typed `$$' both times.

! Missing $ inserted.
<inserted text> 
                $
l.955 
      
I've inserted a begin-math/end-math symbol since I think
you left one out. Proceed, with fingers crossed.

! Display math should end with $$.
<to be read again> 
                   \tex_par:D 
l.955 
      
The `$' that I just saw supposedly matches a previous `$$'.
So I shall assume that you typed `$$' both times.


! LaTeX Error: \mathbf allowed only in math mode.

See the LaTeX manual or LaTeX Companion for explanation.
Type  H <return>  for immediate help.
 ...                                              
                                                  
l.956 \mathbf
             {t}_e(t) =
You're in trouble here.  Try typing  <return>  to proceed.
If that doesn't work, type  X <return>  to quit.

! Missing $ inserted.
<inserted text> 
                $
l.956 \mathbf{t}_
                 e(t) =
I've inserted a begin-math/end-math symbol since I think
you left one out. Proceed, with fingers crossed.

! Missing $ inserted.
<inserted text> 
                $
l.957 
      
I've inserted a begin-math/end-math symbol since I think
you left one out. Proceed, with fingers crossed.


! LaTeX Error: \mathbf allowed only in math mode.

See the LaTeX manual or LaTeX Companion for explanation.
Type  H <return>  for immediate help.
 ...                                              
                                                  
l.959 
      
You're in trouble here.  Try typing  <return>  to proceed.
If that doesn't work, type  X <return>  to quit.

! Missing $ inserted.
<inserted text> 
                $
l.959 
      
I've inserted a begin-math/end-math symbol since I think
you left one out. Proceed, with fingers crossed.

! Missing $ inserted.
<inserted text> 
                $
l.959 
      
I've inserted something that you may have forgotten.
(See the <inserted text> above.)
With luck, this will get me unwedged. But if you
really didn't forget anything, try typing `2' now; then
my insertion and my current dilemma will both disappear.

! Missing $ inserted.
<inserted text> 
                $
l.959 
      
I've inserted a begin-math/end-math symbol since I think
you left one out. Proceed, with fingers crossed.

! Missing $ inserted.
<inserted text> 
                $
l.959 
      
I've inserted a begin-math/end-math symbol since I think
you left one out. Proceed, with fingers crossed.

! Missing $ inserted.
<inserted text> 
                $
l.960 {\lVert
             \mathbf{v}_e^f(t)\rVert_2+\epsilon},
I've inserted a begin-math/end-math symbol since I think
you left one out. Proceed, with fingers crossed.

! Extra }, or forgotten $.
l.960 {\lVert\mathbf{v}_e^f(t)\rVert_2+\epsilon}
                                                ,
I've deleted a group-closing symbol because it seems to be
spurious, as in `$x}$'. But perhaps the } is legitimate and
you forgot something else, as in `\hbox{$x}'. In such cases
the way to recover is to insert both the forgotten and the
deleted material, e.g., by typing `I$}'.

! Missing $ inserted.
<inserted text> 
                $
l.961 
      
I've inserted a begin-math/end-math symbol since I think
you left one out. Proceed, with fingers crossed.


! LaTeX Error: \mathbf allowed only in math mode.

See the LaTeX manual or LaTeX Companion for explanation.
Type  H <return>  for immediate help.
 ...                                              
                                                  
l.964 \mathbf
             {n}_e(t) =
You're in trouble here.  Try typing  <return>  to proceed.
If that doesn't work, type  X <return>  to quit.

! Missing $ inserted.
<inserted text> 
                $
l.964 \mathbf{n}_
                 e(t) =
I've inserted a begin-math/end-math symbol since I think
you left one out. Proceed, with fingers crossed.

! Missing $ inserted.
<inserted text> 
                $
l.965 
      
I've inserted a begin-math/end-math symbol since I think
you left one out. Proceed, with fingers crossed.

! Missing $ inserted.
<inserted text> 
                $
l.966 \begin{bmatrix}
                     
I've inserted a begin-math/end-math symbol since I think
you left one out. Proceed, with fingers crossed.

! Missing $ inserted.
<inserted text> 
                $
l.971 
      
I've inserted a begin-math/end-math symbol since I think
you left one out. Proceed, with fingers crossed.

! Missing $ inserted.
<inserted text> 
                $
l.972 \end{bmatrix}
                   .
I've inserted a begin-math/end-math symbol since I think
you left one out. Proceed, with fingers crossed.

! Missing $ inserted.
<inserted text> 
                $
l.972 \end{bmatrix}
                   .
I've inserted something that you may have forgotten.
(See the <inserted text> above.)
With luck, this will get me unwedged. But if you
really didn't forget anything, try typing `2' now; then
my insertion and my current dilemma will both disappear.


! LaTeX Error: Bad math environment delimiter.

See the LaTeX manual or LaTeX Companion for explanation.
Type  H <return>  for immediate help.
 ...                                              
                                                  
l.974 \]
        
Your command was ignored.
Type  I <command> <return>  to replace it with another command,
or  <return>  to continue without it.

! Missing $ inserted.
<inserted text> 
                $
l.974 \]
        
I've inserted something that you may have forgotten.
(See the <inserted text> above.)
With luck, this will get me unwedged. But if you
really didn't forget anything, try typing `2' now; then
my insertion and my current dilemma will both disappear.

! Display math should end with $$.
<to be read again> 
                   \endgroup 
l.974 \]
        
The `$' that I just saw supposedly matches a previous `$$'.
So I shall assume that you typed `$$' both times.

! Missing } inserted.
<inserted text> 
                }
l.974 \]
        
I've inserted something that you may have forgotten.
(See the <inserted text> above.)
With luck, this will get me unwedged. But if you
really didn't forget anything, try typing `2' now; then
my insertion and my current dilemma will both disappear.

! Missing $ inserted.
<inserted text> 
                $
l.985 
      
I've inserted a begin-math/end-math symbol since I think
you left one out. Proceed, with fingers crossed.

! Display math should end with $$.
<to be read again> 
                   \tex_par:D 
l.985 
      
The `$' that I just saw supposedly matches a previous `$$'.
So I shall assume that you typed `$$' both times.


! LaTeX Error: \mathrm allowed only in math mode.

See the LaTeX manual or LaTeX Companion for explanation.
Type  H <return>  for immediate help.
 ...                                              
                                                  
l.988 \mathrm
             {clip}
You're in trouble here.  Try typing  <return>  to proceed.
If that doesn't work, type  X <return>  to quit.

! Missing $ inserted.
<inserted text> 
                $
l.990 \left
           (
I've inserted a begin-math/end-math symbol since I think
you left one out. Proceed, with fingers crossed.

! Missing $ inserted.
<inserted text> 
                $
l.991 
      
I've inserted a begin-math/end-math symbol since I think
you left one out. Proceed, with fingers crossed.

! Missing \right. inserted.
<inserted text> 
                \right .
l.991 
      
I've inserted something that you may have forgotten.
(See the <inserted text> above.)
With luck, this will get me unwedged. But if you
really didn't forget anything, try typing `2' now; then
my insertion and my current dilemma will both disappear.


! LaTeX Error: \mathbf allowed only in math mode.

See the LaTeX manual or LaTeX Companion for explanation.
Type  H <return>  for immediate help.
 ...                                              
                                                  
l.992 \mathbf
             {u}_{\mathrm{total}}(t)^{\top}\mathbf{t}_e(t),
You're in trouble here.  Try typing  <return>  to proceed.
If that doesn't work, type  X <return>  to quit.

! Missing $ inserted.
<inserted text> 
                $
l.992 \mathbf{u}_
                 {\mathrm{total}}(t)^{\top}\mathbf{t}_e(t),
I've inserted a begin-math/end-math symbol since I think
you left one out. Proceed, with fingers crossed.

! Missing $ inserted.
<inserted text> 
                $
l.993 
      
I've inserted a begin-math/end-math symbol since I think
you left one out. Proceed, with fingers crossed.

[28]
! Missing $ inserted.
<inserted text> 
                $
l.994 a_
        {\min},
I've inserted a begin-math/end-math symbol since I think
you left one out. Proceed, with fingers crossed.

! Missing $ inserted.
<inserted text> 
                $
l.995 
      
I've inserted a begin-math/end-math symbol since I think
you left one out. Proceed, with fingers crossed.

! Missing $ inserted.
<inserted text> 
                $
l.996 a_
        {\max}
I've inserted a begin-math/end-math symbol since I think
you left one out. Proceed, with fingers crossed.

! Missing $ inserted.
<inserted text> 
                $
l.997 
      
I've inserted a begin-math/end-math symbol since I think
you left one out. Proceed, with fingers crossed.

! Missing $ inserted.
<inserted text> 
                $
l.998 \right
            ).
I've inserted a begin-math/end-math symbol since I think
you left one out. Proceed, with fingers crossed.

! Extra \right.
l.998 \right)
             .
I'm ignoring a \right that had no matching \left.

! Missing $ inserted.
<inserted text> 
                $
l.999 
      
I've inserted a begin-math/end-math symbol since I think
you left one out. Proceed, with fingers crossed.


! LaTeX Error: Bad math environment delimiter.

See the LaTeX manual or LaTeX Companion for explanation.
Type  H <return>  for immediate help.
 ...                                              
                                                  
l.1000 \]
         
Your command was ignored.
Type  I <command> <return>  to replace it with another command,
or  <return>  to continue without it.

! Missing $ inserted.
<inserted text> 
                $
l.1000 \]
         
I've inserted something that you may have forgotten.
(See the <inserted text> above.)
With luck, this will get me unwedged. But if you
really didn't forget anything, try typing `2' now; then
my insertion and my current dilemma will both disappear.

! Display math should end with $$.
<to be read again> 
                   \endgroup 
l.1000 \]
         
The `$' that I just saw supposedly matches a previous `$$'.
So I shall assume that you typed `$$' both times.

! Missing $ inserted.
<inserted text> 
                $
l.1011 
       
I've inserted a begin-math/end-math symbol since I think
you left one out. Proceed, with fingers crossed.

! Display math should end with $$.
<to be read again> 
                   \tex_par:D 
l.1011 
       
The `$' that I just saw supposedly matches a previous `$$'.
So I shall assume that you typed `$$' both times.

! Missing $ inserted.
<inserted text> 
                $
l.1012 \omega
             (t) =
I've inserted a begin-math/end-math symbol since I think
you left one out. Proceed, with fingers crossed.

! Missing $ inserted.
<inserted text> 
                $
l.1013 
       
I've inserted a begin-math/end-math symbol since I think
you left one out. Proceed, with fingers crossed.


! LaTeX Error: \mathrm allowed only in math mode.

See the LaTeX manual or LaTeX Companion for explanation.
Type  H <return>  for immediate help.
 ...                                              
                                                  
l.1014 \mathrm
              {clip}
You're in trouble here.  Try typing  <return>  to proceed.
If that doesn't work, type  X <return>  to quit.

! Missing $ inserted.
<inserted text> 
                $
l.1016 \left
            (
I've inserted a begin-math/end-math symbol since I think
you left one out. Proceed, with fingers crossed.

! Missing $ inserted.
<inserted text> 
                $
l.1017 
       
I've inserted a begin-math/end-math symbol since I think
you left one out. Proceed, with fingers crossed.

! Missing \right. inserted.
<inserted text> 
                \right .
l.1017 
       
I've inserted something that you may have forgotten.
(See the <inserted text> above.)
With luck, this will get me unwedged. But if you
really didn't forget anything, try typing `2' now; then
my insertion and my current dilemma will both disappear.

! Missing $ inserted.
<inserted text> 
                $
l.1018 k_
         {\omega}\,
I've inserted a begin-math/end-math symbol since I think
you left one out. Proceed, with fingers crossed.

! Missing $ inserted.
<inserted text> 
                $
l.1019 
       
I've inserted a begin-math/end-math symbol since I think
you left one out. Proceed, with fingers crossed.


! LaTeX Error: \mathbf allowed only in math mode.

See the LaTeX manual or LaTeX Companion for explanation.
Type  H <return>  for immediate help.
 ...                                              
                                                  
l.1020 \mathbf
              {u}_{\mathrm{total}}(t)^{\top}\mathbf{n}_e(t),
You're in trouble here.  Try typing  <return>  to proceed.
If that doesn't work, type  X <return>  to quit.

! Missing $ inserted.
<inserted text> 
                $
l.1020 \mathbf{u}_
                  {\mathrm{total}}(t)^{\top}\mathbf{n}_e(t),
I've inserted a begin-math/end-math symbol since I think
you left one out. Proceed, with fingers crossed.

! Missing $ inserted.
<inserted text> 
                $
l.1021 
       
I've inserted a begin-math/end-math symbol since I think
you left one out. Proceed, with fingers crossed.

! Missing $ inserted.
<inserted text> 
                $
l.1022 \omega
             _{\min},
I've inserted a begin-math/end-math symbol since I think
you left one out. Proceed, with fingers crossed.

! Missing $ inserted.
<inserted text> 
                $
l.1023 
       
I've inserted a begin-math/end-math symbol since I think
you left one out. Proceed, with fingers crossed.

! Missing $ inserted.
<inserted text> 
                $
l.1024 \omega
             _{\max}
I've inserted a begin-math/end-math symbol since I think
you left one out. Proceed, with fingers crossed.

! Missing $ inserted.
<inserted text> 
                $
l.1025 
       
I've inserted a begin-math/end-math symbol since I think
you left one out. Proceed, with fingers crossed.

! Missing $ inserted.
<inserted text> 
                $
l.1026 \right
             ).
I've inserted a begin-math/end-math symbol since I think
you left one out. Proceed, with fingers crossed.

! Extra \right.
l.1026 \right)
              .
I'm ignoring a \right that had no matching \left.

! Missing $ inserted.
<inserted text> 
                $
l.1027 
       
I've inserted a begin-math/end-math symbol since I think
you left one out. Proceed, with fingers crossed.


! LaTeX Error: Bad math environment delimiter.

See the LaTeX manual or LaTeX Companion for explanation.
Type  H <return>  for immediate help.
 ...                                              
                                                  
l.1028 \]
         
Your command was ignored.
Type  I <command> <return>  to replace it with another command,
or  <return>  to continue without it.

! Missing $ inserted.
<inserted text> 
                $
l.1028 \]
         
I've inserted something that you may have forgotten.
(See the <inserted text> above.)
With luck, this will get me unwedged. But if you
really didn't forget anything, try typing `2' now; then
my insertion and my current dilemma will both disappear.

! Display math should end with $$.
<to be read again> 
                   \endgroup 
l.1028 \]
         
The `$' that I just saw supposedly matches a previous `$$'.
So I shall assume that you typed `$$' both times.

[29]
! Missing $ inserted.
<inserted text> 
                $
l.1059 
       
I've inserted a begin-math/end-math symbol since I think
you left one out. Proceed, with fingers crossed.

! Display math should end with $$.
<to be read again> 
                   \tex_par:D 
l.1059 
       
The `$' that I just saw supposedly matches a previous `$$'.
So I shall assume that you typed `$$' both times.

! Missing $ inserted.
<inserted text> 
                $
l.1060 x_
         F(0)=30.0\,\mathrm{m},\qquad
I've inserted a begin-math/end-math symbol since I think
you left one out. Proceed, with fingers crossed.

! Missing $ inserted.
<inserted text> 
                $
l.1061 
       
I've inserted a begin-math/end-math symbol since I think
you left one out. Proceed, with fingers crossed.

! Missing $ inserted.
<inserted text> 
                $
l.1062 x_
         R(0)=15.0\,\mathrm{m},\qquad
I've inserted a begin-math/end-math symbol since I think
you left one out. Proceed, with fingers crossed.

! Missing $ inserted.
<inserted text> 
                $
l.1063 
       
I've inserted a begin-math/end-math symbol since I think
you left one out. Proceed, with fingers crossed.

! Missing $ inserted.
<inserted text> 
                $
l.1064 v_
         F(0)=v_R(0)=15.0\,\mathrm{m/s}.
I've inserted a begin-math/end-math symbol since I think
you left one out. Proceed, with fingers crossed.

! Missing $ inserted.
<inserted text> 
                $
l.1065 
       
I've inserted a begin-math/end-math symbol since I think
you left one out. Proceed, with fingers crossed.


! LaTeX Error: Bad math environment delimiter.

See the LaTeX manual or LaTeX Companion for explanation.
Type  H <return>  for immediate help.
 ...                                              
                                                  
l.1066 \]
         
Your command was ignored.
Type  I <command> <return>  to replace it with another command,
or  <return>  to continue without it.

! Missing $ inserted.
<inserted text> 
                $
l.1066 \]
         
I've inserted something that you may have forgotten.
(See the <inserted text> above.)
With luck, this will get me unwedged. But if you
really didn't forget anything, try typing `2' now; then
my insertion and my current dilemma will both disappear.

! Display math should end with $$.
<to be read again> 
                   \endgroup 
l.1066 \]
         
The `$' that I just saw supposedly matches a previous `$$'.
So I shall assume that you typed `$$' both times.

! Missing $ inserted.
<inserted text> 
                $
l.1077 
       
I've inserted a begin-math/end-math symbol since I think
you left one out. Proceed, with fingers crossed.

! Display math should end with $$.
<to be read again> 
                   \tex_par:D 
l.1077 
       
The `$' that I just saw supposedly matches a previous `$$'.
So I shall assume that you typed `$$' both times.

! Missing $ inserted.
<inserted text> 
                $
l.1078 x_
         e(0)=20.0+\xi,\qquad
I've inserted a begin-math/end-math symbol since I think
you left one out. Proceed, with fingers crossed.

! Missing $ inserted.
<inserted text> 
                $
l.1079 
       
I've inserted a begin-math/end-math symbol since I think
you left one out. Proceed, with fingers crossed.

! Missing $ inserted.
<inserted text> 
                $
l.1080 \xi
          \sim\mathcal{U}(-5.0,5.0),\qquad
I've inserted a begin-math/end-math symbol since I think
you left one out. Proceed, with fingers crossed.

! Missing $ inserted.
<inserted text> 
                $
l.1081 
       
I've inserted a begin-math/end-math symbol since I think
you left one out. Proceed, with fingers crossed.

[30]
! Missing $ inserted.
<inserted text> 
                $
l.1082 y_
         e(0)=2.0\,\mathrm{m},\qquad
I've inserted a begin-math/end-math symbol since I think
you left one out. Proceed, with fingers crossed.

! Missing $ inserted.
<inserted text> 
                $
l.1083 
       
I've inserted a begin-math/end-math symbol since I think
you left one out. Proceed, with fingers crossed.

! Missing $ inserted.
<inserted text> 
                $
l.1084 v_
         e(0)=15.0\,\mathrm{m/s}.
I've inserted a begin-math/end-math symbol since I think
you left one out. Proceed, with fingers crossed.

! Missing $ inserted.
<inserted text> 
                $
l.1085 
       
I've inserted a begin-math/end-math symbol since I think
you left one out. Proceed, with fingers crossed.


! LaTeX Error: Bad math environment delimiter.

See the LaTeX manual or LaTeX Companion for explanation.
Type  H <return>  for immediate help.
 ...                                              
                                                  
l.1086 \]
         
Your command was ignored.
Type  I <command> <return>  to replace it with another command,
or  <return>  to continue without it.

! Missing $ inserted.
<inserted text> 
                $
l.1086 \]
         
I've inserted something that you may have forgotten.
(See the <inserted text> above.)
With luck, this will get me unwedged. But if you
really didn't forget anything, try typing `2' now; then
my insertion and my current dilemma will both disappear.

! Display math should end with $$.
<to be read again> 
                   \endgroup 
l.1086 \]
         
The `$' that I just saw supposedly matches a previous `$$'.
So I shall assume that you typed `$$' both times.

! Missing $ inserted.
<inserted text> 
                $
l.1097 
       
I've inserted a begin-math/end-math symbol since I think
you left one out. Proceed, with fingers crossed.

! Display math should end with $$.
<to be read again> 
                   \tex_par:D 
l.1097 
       
The `$' that I just saw supposedly matches a previous `$$'.
So I shall assume that you typed `$$' both times.

! Missing $ inserted.
<inserted text> 
                $
l.1098 \omega
             _s=\frac{2\pi}{P_s},\qquad
I've inserted a begin-math/end-math symbol since I think
you left one out. Proceed, with fingers crossed.

! Missing $ inserted.
<inserted text> 
                $
l.1099 
       
I've inserted a begin-math/end-math symbol since I think
you left one out. Proceed, with fingers crossed.

! Missing $ inserted.
<inserted text> 
                $
l.1100 P_
         s=6.0\,\mathrm{s},\qquad
I've inserted a begin-math/end-math symbol since I think
you left one out. Proceed, with fingers crossed.

! Missing $ inserted.
<inserted text> 
                $
l.1101 
       
I've inserted a begin-math/end-math symbol since I think
you left one out. Proceed, with fingers crossed.

! Missing $ inserted.
<inserted text> 
                $
l.1102 A_
         s=4.0\,\mathrm{m/s}.
I've inserted a begin-math/end-math symbol since I think
you left one out. Proceed, with fingers crossed.

! Missing $ inserted.
<inserted text> 
                $
l.1103 
       
I've inserted a begin-math/end-math symbol since I think
you left one out. Proceed, with fingers crossed.


! LaTeX Error: Bad math environment delimiter.

See the LaTeX manual or LaTeX Companion for explanation.
Type  H <return>  for immediate help.
 ...                                              
                                                  
l.1104 \]
         
Your command was ignored.
Type  I <command> <return>  to replace it with another command,
or  <return>  to continue without it.

! Missing $ inserted.
<inserted text> 
                $
l.1104 \]
         
I've inserted something that you may have forgotten.
(See the <inserted text> above.)
With luck, this will get me unwedged. But if you
really didn't forget anything, try typing `2' now; then
my insertion and my current dilemma will both disappear.

! Display math should end with $$.
<to be read again> 
                   \endgroup 
l.1104 \]
         
The `$' that I just saw supposedly matches a previous `$$'.
So I shall assume that you typed `$$' both times.

! Missing $ inserted.
<inserted text> 
                $
l.1115 
       
I've inserted a begin-math/end-math symbol since I think
you left one out. Proceed, with fingers crossed.

! Display math should end with $$.
<to be read again> 
                   \tex_par:D 
l.1115 
       
The `$' that I just saw supposedly matches a previous `$$'.
So I shall assume that you typed `$$' both times.

! Missing $ inserted.
<inserted text> 
                $
l.1116 a_
         R(t)=A_s\omega_s\cos(\omega_s t),
I've inserted a begin-math/end-math symbol since I think
you left one out. Proceed, with fingers crossed.

! Missing $ inserted.
<inserted text> 
                $
l.1117 
       
I've inserted a begin-math/end-math symbol since I think
you left one out. Proceed, with fingers crossed.


! LaTeX Error: Bad math environment delimiter.

See the LaTeX manual or LaTeX Companion for explanation.
Type  H <return>  for immediate help.
 ...                                              
                                                  
l.1118 \]
         
Your command was ignored.
Type  I <command> <return>  to replace it with another command,
or  <return>  to continue without it.

! Missing $ inserted.
<inserted text> 
                $
l.1118 \]
         
I've inserted something that you may have forgotten.
(See the <inserted text> above.)
With luck, this will get me unwedged. But if you
really didn't forget anything, try typing `2' now; then
my insertion and my current dilemma will both disappear.

! Display math should end with $$.
<to be read again> 
                   \endgroup 
l.1118 \]
         
The `$' that I just saw supposedly matches a previous `$$'.
So I shall assume that you typed `$$' both times.

! Missing $ inserted.
<inserted text> 
                $
l.1123 
       
I've inserted a begin-math/end-math symbol since I think
you left one out. Proceed, with fingers crossed.

! Display math should end with $$.
<to be read again> 
                   \tex_par:D 
l.1123 
       
The `$' that I just saw supposedly matches a previous `$$'.
So I shall assume that you typed `$$' both times.

! Missing $ inserted.
<inserted text> 
                $
l.1124 v_
         R(t)=v_R(0)+A_s\sin(\omega_s t),
I've inserted a begin-math/end-math symbol since I think
you left one out. Proceed, with fingers crossed.

! Missing $ inserted.
<inserted text> 
                $
l.1125 
       
I've inserted a begin-math/end-math symbol since I think
you left one out. Proceed, with fingers crossed.


! LaTeX Error: Bad math environment delimiter.

See the LaTeX manual or LaTeX Companion for explanation.
Type  H <return>  for immediate help.
 ...                                              
                                                  
l.1126 \]
         
Your command was ignored.
Type  I <command> <return>  to replace it with another command,
or  <return>  to continue without it.

! Missing $ inserted.
<inserted text> 
                $
l.1126 \]
         
I've inserted something that you may have forgotten.
(See the <inserted text> above.)
With luck, this will get me unwedged. But if you
really didn't forget anything, try typing `2' now; then
my insertion and my current dilemma will both disappear.

! Display math should end with $$.
<to be read again> 
                   \endgroup 
l.1126 \]
         
The `$' that I just saw supposedly matches a previous `$$'.
So I shall assume that you typed `$$' both times.

! Missing $ inserted.
<inserted text> 
                $
l.1131 
       
I've inserted a begin-math/end-math symbol since I think
you left one out. Proceed, with fingers crossed.

! Display math should end with $$.
<to be read again> 
                   \tex_par:D 
l.1131 
       
The `$' that I just saw supposedly matches a previous `$$'.
So I shall assume that you typed `$$' both times.

[31]
! Missing $ inserted.
<inserted text> 
                $
l.1132 x_
         R(t)=x_R(0)+v_R(0)t+\frac{A_s}{\omega_s}\left[1-\cos(\omega_s t)\ri...
I've inserted a begin-math/end-math symbol since I think
you left one out. Proceed, with fingers crossed.

! Missing $ inserted.
<inserted text> 
                $
l.1133 
       
I've inserted a begin-math/end-math symbol since I think
you left one out. Proceed, with fingers crossed.


! LaTeX Error: Bad math environment delimiter.

See the LaTeX manual or LaTeX Companion for explanation.
Type  H <return>  for immediate help.
 ...                                              
                                                  
l.1134 \]
         
Your command was ignored.
Type  I <command> <return>  to replace it with another command,
or  <return>  to continue without it.

! Missing $ inserted.
<inserted text> 
                $
l.1134 \]
         
I've inserted something that you may have forgotten.
(See the <inserted text> above.)
With luck, this will get me unwedged. But if you
really didn't forget anything, try typing `2' now; then
my insertion and my current dilemma will both disappear.

! Display math should end with $$.
<to be read again> 
                   \endgroup 
l.1134 \]
         
The `$' that I just saw supposedly matches a previous `$$'.
So I shall assume that you typed `$$' both times.

! Missing $ inserted.
<inserted text> 
                $
l.1145 
       
I've inserted a begin-math/end-math symbol since I think
you left one out. Proceed, with fingers crossed.

! Display math should end with $$.
<to be read again> 
                   \tex_par:D 
l.1145 
       
The `$' that I just saw supposedly matches a previous `$$'.
So I shall assume that you typed `$$' both times.

! Missing $ inserted.
<inserted text> 
                $
l.1146 g(t)=x_
              F(t)-x_R(t)
I've inserted a begin-math/end-math symbol since I think
you left one out. Proceed, with fingers crossed.

! Missing $ inserted.
<inserted text> 
                $
l.1147 
       
I've inserted a begin-math/end-math symbol since I think
you left one out. Proceed, with fingers crossed.

! Missing $ inserted.
<inserted text> 
                $
l.1148 =15.0-\frac{A_s}{\omega_s}
                                 \left[1-\cos(\omega_s t)\right],
I've inserted a begin-math/end-math symbol since I think
you left one out. Proceed, with fingers crossed.

! Missing $ inserted.
<inserted text> 
                $
l.1148 =15.0-\frac{A_s}{\omega_s}
                                 \left[1-\cos(\omega_s t)\right],
I've inserted something that you may have forgotten.
(See the <inserted text> above.)
With luck, this will get me unwedged. But if you
really didn't forget anything, try typing `2' now; then
my insertion and my current dilemma will both disappear.

! Missing $ inserted.
<inserted text> 
                $
l.1148 =15.0-\frac{A_s}{\omega_s}
                                 \left[1-\cos(\omega_s t)\right],
I've inserted a begin-math/end-math symbol since I think
you left one out. Proceed, with fingers crossed.

! Extra }, or forgotten $.
\frac  #1#2->{\begingroup #1\endgroup \@@over #2}
                                                 
l.1148 =15.0-\frac{A_s}{\omega_s}
                                 \left[1-\cos(\omega_s t)\right],
I've deleted a group-closing symbol because it seems to be
spurious, as in `$x}$'. But perhaps the } is legitimate and
you forgot something else, as in `\hbox{$x}'. In such cases
the way to recover is to insert both the forgotten and the
deleted material, e.g., by typing `I$}'.

! Missing $ inserted.
<inserted text> 
                $
l.1149 
       
I've inserted a begin-math/end-math symbol since I think
you left one out. Proceed, with fingers crossed.

! Missing $ inserted.
<inserted text> 
                $
l.1152 0\leq
             t\leq20.0.
I've inserted a begin-math/end-math symbol since I think
you left one out. Proceed, with fingers crossed.

! Missing $ inserted.
<inserted text> 
                $
l.1153 
       
I've inserted a begin-math/end-math symbol since I think
you left one out. Proceed, with fingers crossed.


! LaTeX Error: Bad math environment delimiter.

See the LaTeX manual or LaTeX Companion for explanation.
Type  H <return>  for immediate help.
 ...                                              
                                                  
l.1154 \]
         
Your command was ignored.
Type  I <command> <return>  to replace it with another command,
or  <return>  to continue without it.

! Missing $ inserted.
<inserted text> 
                $
l.1154 \]
         
I've inserted something that you may have forgotten.
(See the <inserted text> above.)
With luck, this will get me unwedged. But if you
really didn't forget anything, try typing `2' now; then
my insertion and my current dilemma will both disappear.

! Display math should end with $$.
<to be read again> 
                   \endgroup 
l.1154 \]
         
The `$' that I just saw supposedly matches a previous `$$'.
So I shall assume that you typed `$$' both times.

! Missing } inserted.
<inserted text> 
                }
l.1154 \]
         
I've inserted something that you may have forgotten.
(See the <inserted text> above.)
With luck, this will get me unwedged. But if you
really didn't forget anything, try typing `2' now; then
my insertion and my current dilemma will both disappear.

! Missing $ inserted.
<inserted text> 
                $
l.1165 
       
I've inserted a begin-math/end-math symbol since I think
you left one out. Proceed, with fingers crossed.

! Display math should end with $$.
<to be read again> 
                   \tex_par:D 
l.1165 
       
The `$' that I just saw supposedly matches a previous `$$'.
So I shall assume that you typed `$$' both times.

! Missing $ inserted.
<inserted text> 
                $
l.1166 a_
         R(t)=
I've inserted a begin-math/end-math symbol since I think
you left one out. Proceed, with fingers crossed.

! Missing $ inserted.
<inserted text> 
                $
l.1167 
       
I've inserted a begin-math/end-math symbol since I think
you left one out. Proceed, with fingers crossed.


! LaTeX Error: \mathrm allowed only in math mode.

See the LaTeX manual or LaTeX Companion for explanation.
Type  H <return>  for immediate help.
 ...                                              
                                                  
l.1168 \mathrm
              {clip}
You're in trouble here.  Try typing  <return>  to proceed.
If that doesn't work, type  X <return>  to quit.

! Missing $ inserted.
<inserted text> 
                $
l.1170 \left
            (
I've inserted a begin-math/end-math symbol since I think
you left one out. Proceed, with fingers crossed.

! Missing $ inserted.
<inserted text> 
                $
l.1171 
       
I've inserted a begin-math/end-math symbol since I think
you left one out. Proceed, with fingers crossed.

! Missing \right. inserted.
<inserted text> 
                \right .
l.1171 
       
I've inserted something that you may have forgotten.
(See the <inserted text> above.)
With luck, this will get me unwedged. But if you
really didn't forget anything, try typing `2' now; then
my insertion and my current dilemma will both disappear.

! Missing $ inserted.
<inserted text> 
                $
l.1172 0.35\left
                [g(t)-20.0\right]
I've inserted a begin-math/end-math symbol since I think
you left one out. Proceed, with fingers crossed.

! Missing $ inserted.
<inserted text> 
                $
l.1173 
       
I've inserted a begin-math/end-math symbol since I think
you left one out. Proceed, with fingers crossed.

! Missing $ inserted.
<inserted text> 
                $
l.1174 -1.1\left
                [v_R(t)-v_F(t)\right],
I've inserted a begin-math/end-math symbol since I think
you left one out. Proceed, with fingers crossed.

! Missing $ inserted.
<inserted text> 
                $
l.1175 
       
I've inserted a begin-math/end-math symbol since I think
you left one out. Proceed, with fingers crossed.

! Missing $ inserted.
<inserted text> 
                $
l.1180 \right
             ),
I've inserted a begin-math/end-math symbol since I think
you left one out. Proceed, with fingers crossed.

[32]
! Extra \right.
l.1180 \right)
              ,
I'm ignoring a \right that had no matching \left.

! Missing $ inserted.
<inserted text> 
                $
l.1181 
       
I've inserted a begin-math/end-math symbol since I think
you left one out. Proceed, with fingers crossed.


! LaTeX Error: Bad math environment delimiter.

See the LaTeX manual or LaTeX Companion for explanation.
Type  H <return>  for immediate help.
 ...                                              
                                                  
l.1186 \]
         
Your command was ignored.
Type  I <command> <return>  to replace it with another command,
or  <return>  to continue without it.

! Missing $ inserted.
<inserted text> 
                $
l.1186 \]
         
I've inserted something that you may have forgotten.
(See the <inserted text> above.)
With luck, this will get me unwedged. But if you
really didn't forget anything, try typing `2' now; then
my insertion and my current dilemma will both disappear.

! Display math should end with $$.
<to be read again> 
                   \endgroup 
l.1186 \]
         
The `$' that I just saw supposedly matches a previous `$$'.
So I shall assume that you typed `$$' both times.

! Missing $ inserted.
<inserted text> 
                $
l.1197 
       
I've inserted a begin-math/end-math symbol since I think
you left one out. Proceed, with fingers crossed.

! Display math should end with $$.
<to be read again> 
                   \tex_par:D 
l.1197 
       
The `$' that I just saw supposedly matches a previous `$$'.
So I shall assume that you typed `$$' both times.


! Package amsmath Error: \dot allowed only in math mode.

See the amsmath package documentation for explanation.
Type  H <return>  for immediate help.
 ...                                              
                                                  
l.1198 \dot{g}
              (t)=v_F(t)-v_R(t),
You're in trouble here.  Try typing  <return>  to proceed.
If that doesn't work, type  X <return>  to quit.

! Missing $ inserted.
<inserted text> 
                $
l.1198 \dot{g}(t)=v_
                    F(t)-v_R(t),
I've inserted a begin-math/end-math symbol since I think
you left one out. Proceed, with fingers crossed.

! Missing $ inserted.
<inserted text> 
                $
l.1199 
       
I've inserted a begin-math/end-math symbol since I think
you left one out. Proceed, with fingers crossed.


! Package amsmath Error: \ddot allowed only in math mode.

See the amsmath package documentation for explanation.
Type  H <return>  for immediate help.
 ...                                              
                                                  
l.1202 \ddot{g}
               (t)=-a_R(t),
You're in trouble here.  Try typing  <return>  to proceed.
If that doesn't work, type  X <return>  to quit.

! Missing $ inserted.
<inserted text> 
                $
l.1202 \ddot{g}(t)=-a_
                      R(t),
I've inserted a begin-math/end-math symbol since I think
you left one out. Proceed, with fingers crossed.

! Missing $ inserted.
<inserted text> 
                $
l.1203 
       
I've inserted a begin-math/end-math symbol since I think
you left one out. Proceed, with fingers crossed.


! LaTeX Error: Bad math environment delimiter.

See the LaTeX manual or LaTeX Companion for explanation.
Type  H <return>  for immediate help.
 ...                                              
                                                  
l.1208 \]
         
Your command was ignored.
Type  I <command> <return>  to replace it with another command,
or  <return>  to continue without it.

! Missing $ inserted.
<inserted text> 
                $
l.1208 \]
         
I've inserted something that you may have forgotten.
(See the <inserted text> above.)
With luck, this will get me unwedged. But if you
really didn't forget anything, try typing `2' now; then
my insertion and my current dilemma will both disappear.

! Display math should end with $$.
<to be read again> 
                   \endgroup 
l.1208 \]
         
The `$' that I just saw supposedly matches a previous `$$'.
So I shall assume that you typed `$$' both times.

[33]
! Missing $ inserted.
<inserted text> 
                $
l.1225 
       
I've inserted a begin-math/end-math symbol since I think
you left one out. Proceed, with fingers crossed.

! Display math should end with $$.
<to be read again> 
                   \tex_par:D 
l.1225 
       
The `$' that I just saw supposedly matches a previous `$$'.
So I shall assume that you typed `$$' both times.

! Missing $ inserted.
<inserted text> 
                $
l.1226 u_
         {\mathrm{RBF}}(t)=
I've inserted a begin-math/end-math symbol since I think
you left one out. Proceed, with fingers crossed.

! Missing $ inserted.
<inserted text> 
                $
l.1227 
       
I've inserted a begin-math/end-math symbol since I think
you left one out. Proceed, with fingers crossed.

! Missing $ inserted.
<inserted text> 
                $
l.1228 u_
         {\mathrm{base}}+
I've inserted a begin-math/end-math symbol since I think
you left one out. Proceed, with fingers crossed.

! Missing $ inserted.
<inserted text> 
                $
l.1229 
       
I've inserted a begin-math/end-math symbol since I think
you left one out. Proceed, with fingers crossed.

! Missing $ inserted.
<inserted text> 
                $
l.1230 u_
         {\mathrm{amp}}
I've inserted a begin-math/end-math symbol since I think
you left one out. Proceed, with fingers crossed.

! Missing $ inserted.
<inserted text> 
                $
l.1231 
       
I've inserted a begin-math/end-math symbol since I think
you left one out. Proceed, with fingers crossed.

! Missing $ inserted.
<inserted text> 
                $
l.1232 \exp
           
I've inserted a begin-math/end-math symbol since I think
you left one out. Proceed, with fingers crossed.

! Missing $ inserted.
<inserted text> 
                $
l.1233 
       
I've inserted a begin-math/end-math symbol since I think
you left one out. Proceed, with fingers crossed.

! Missing $ inserted.
<inserted text> 
                $
l.1234 \left
            (
I've inserted a begin-math/end-math symbol since I think
you left one out. Proceed, with fingers crossed.

! Missing $ inserted.
<inserted text> 
                $
l.1235 
       
I've inserted a begin-math/end-math symbol since I think
you left one out. Proceed, with fingers crossed.

! Missing \right. inserted.
<inserted text> 
                \right .
l.1235 
       
I've inserted something that you may have forgotten.
(See the <inserted text> above.)
With luck, this will get me unwedged. But if you
really didn't forget anything, try typing `2' now; then
my insertion and my current dilemma will both disappear.

! Missing $ inserted.
<inserted text> 
                $
l.1236 -\frac{d_g(t)^2}{2\sigma_d^2}
                                    
I've inserted a begin-math/end-math symbol since I think
you left one out. Proceed, with fingers crossed.

! Missing $ inserted.
<inserted text> 
                $
l.1236 -\frac{d_g(t)^2}{2\sigma_d^2}
                                    
I've inserted something that you may have forgotten.
(See the <inserted text> above.)
With luck, this will get me unwedged. But if you
really didn't forget anything, try typing `2' now; then
my insertion and my current dilemma will both disappear.

! Missing $ inserted.
<inserted text> 
                $
l.1236 -\frac{d_g(t)^2}{2\sigma_d^2}
                                    
I've inserted a begin-math/end-math symbol since I think
you left one out. Proceed, with fingers crossed.

! Extra }, or forgotten $.
\frac  #1#2->{\begingroup #1\endgroup \@@over #2}
                                                 
l.1236 -\frac{d_g(t)^2}{2\sigma_d^2}
                                    
I've deleted a group-closing symbol because it seems to be
spurious, as in `$x}$'. But perhaps the } is legitimate and
you forgot something else, as in `\hbox{$x}'. In such cases
the way to recover is to insert both the forgotten and the
deleted material, e.g., by typing `I$}'.

! Missing $ inserted.
<inserted text> 
                $
l.1237 
       
I've inserted a begin-math/end-math symbol since I think
you left one out. Proceed, with fingers crossed.

! Missing $ inserted.
<inserted text> 
                $
l.1238 -\frac{\Delta v_g(t)^2}{2\sigma_v^2}
                                           
I've inserted a begin-math/end-math symbol since I think
you left one out. Proceed, with fingers crossed.

! Missing $ inserted.
<inserted text> 
                $
l.1238 -\frac{\Delta v_g(t)^2}{2\sigma_v^2}
                                           
I've inserted something that you may have forgotten.
(See the <inserted text> above.)
With luck, this will get me unwedged. But if you
really didn't forget anything, try typing `2' now; then
my insertion and my current dilemma will both disappear.

! Missing $ inserted.
<inserted text> 
                $
l.1238 -\frac{\Delta v_g(t)^2}{2\sigma_v^2}
                                           
I've inserted a begin-math/end-math symbol since I think
you left one out. Proceed, with fingers crossed.

! Extra }, or forgotten $.
\frac  #1#2->{\begingroup #1\endgroup \@@over #2}
                                                 
l.1238 -\frac{\Delta v_g(t)^2}{2\sigma_v^2}
                                           
I've deleted a group-closing symbol because it seems to be
spurious, as in `$x}$'. But perhaps the } is legitimate and
you forgot something else, as in `\hbox{$x}'. In such cases
the way to recover is to insert both the forgotten and the
deleted material, e.g., by typing `I$}'.

! Missing $ inserted.
<inserted text> 
                $
l.1239 
       
I've inserted a begin-math/end-math symbol since I think
you left one out. Proceed, with fingers crossed.

! Missing $ inserted.
<inserted text> 
                $
l.1240 \right
             ).
I've inserted a begin-math/end-math symbol since I think
you left one out. Proceed, with fingers crossed.

! Extra \right.
l.1240 \right)
              .
I'm ignoring a \right that had no matching \left.

! Missing $ inserted.
<inserted text> 
                $
l.1241 
       
I've inserted a begin-math/end-math symbol since I think
you left one out. Proceed, with fingers crossed.


! LaTeX Error: Bad math environment delimiter.

See the LaTeX manual or LaTeX Companion for explanation.
Type  H <return>  for immediate help.
 ...                                              
                                                  
l.1242 \]
         
Your command was ignored.
Type  I <command> <return>  to replace it with another command,
or  <return>  to continue without it.

! Missing $ inserted.
<inserted text> 
                $
l.1242 \]
         
I've inserted something that you may have forgotten.
(See the <inserted text> above.)
With luck, this will get me unwedged. But if you
really didn't forget anything, try typing `2' now; then
my insertion and my current dilemma will both disappear.

! Display math should end with $$.
<to be read again> 
                   \endgroup 
l.1242 \]
         
The `$' that I just saw supposedly matches a previous `$$'.
So I shall assume that you typed `$$' both times.

! Missing } inserted.
<inserted text> 
                }
l.1242 \]
         
I've inserted something that you may have forgotten.
(See the <inserted text> above.)
With luck, this will get me unwedged. But if you
really didn't forget anything, try typing `2' now; then
my insertion and my current dilemma will both disappear.

! Missing } inserted.
<inserted text> 
                }
l.1242 \]
         
I've inserted something that you may have forgotten.
(See the <inserted text> above.)
With luck, this will get me unwedged. But if you
really didn't forget anything, try typing `2' now; then
my insertion and my current dilemma will both disappear.

! Missing $ inserted.
<inserted text> 
                $
l.1253 
       
I've inserted a begin-math/end-math symbol since I think
you left one out. Proceed, with fingers crossed.

! Display math should end with $$.
<to be read again> 
                   \tex_par:D 
l.1253 
       
The `$' that I just saw supposedly matches a previous `$$'.
So I shall assume that you typed `$$' both times.


! Package amsmath Error: \bar allowed only in math mode.

See the amsmath package documentation for explanation.
Type  H <return>  for immediate help.
 ...                                              
                                                  
l.1254 \bar{R}
              _{\mathrm{SAC}}=\frac{1}{N_{\mathrm{eval}}}\sum_{j=1}^{N_{\mat...
You're in trouble here.  Try typing  <return>  to proceed.
If that doesn't work, type  X <return>  to quit.

! Missing $ inserted.
<inserted text> 
                $
l.1254 \bar{R}_
               {\mathrm{SAC}}=\frac{1}{N_{\mathrm{eval}}}\sum_{j=1}^{N_{\mat...
I've inserted a begin-math/end-math symbol since I think
you left one out. Proceed, with fingers crossed.

! Missing $ inserted.
<inserted text> 
                $
l.1255 
       
I've inserted a begin-math/end-math symbol since I think
you left one out. Proceed, with fingers crossed.


! Package amsmath Error: \bar allowed only in math mode.

See the amsmath package documentation for explanation.
Type  H <return>  for immediate help.
 ...                                              
                                                  
l.1258 \bar{R}
              _{\mathrm{RBF}}=\frac{1}{N_{\mathrm{eval}}}\sum_{j=1}^{N_{\mat...
You're in trouble here.  Try typing  <return>  to proceed.
If that doesn't work, type  X <return>  to quit.

! Missing $ inserted.
<inserted text> 
                $
l.1258 \bar{R}_
               {\mathrm{RBF}}=\frac{1}{N_{\mathrm{eval}}}\sum_{j=1}^{N_{\mat...
I've inserted a begin-math/end-math symbol since I think
you left one out. Proceed, with fingers crossed.

! Missing $ inserted.
<inserted text> 
                $
l.1259 
       
I've inserted a begin-math/end-math symbol since I think
you left one out. Proceed, with fingers crossed.

! Missing $ inserted.
<inserted text> 
                $
l.1262 N_
         {\mathrm{eval}}=100.
I've inserted a begin-math/end-math symbol since I think
you left one out. Proceed, with fingers crossed.

! Missing $ inserted.
<inserted text> 
                $
l.1263 
       
I've inserted a begin-math/end-math symbol since I think
you left one out. Proceed, with fingers crossed.


! LaTeX Error: Bad math environment delimiter.

See the LaTeX manual or LaTeX Companion for explanation.
Type  H <return>  for immediate help.
 ...                                              
                                                  
l.1264 \]
         
Your command was ignored.
Type  I <command> <return>  to replace it with another command,
or  <return>  to continue without it.

! Missing $ inserted.
<inserted text> 
                $
l.1264 \]
         
I've inserted something that you may have forgotten.
(See the <inserted text> above.)
With luck, this will get me unwedged. But if you
really didn't forget anything, try typing `2' now; then
my insertion and my current dilemma will both disappear.

! Display math should end with $$.
<to be read again> 
                   \endgroup 
l.1264 \]
         
The `$' that I just saw supposedly matches a previous `$$'.
So I shall assume that you typed `$$' both times.

[34]
File: ./images/multi_gap_environment_schematic.png Graphic file (type bmp)
<./images/multi_gap_environment_schematic.png>
! Missing $ inserted.
<inserted text> 
                $
l.1292 
       
I've inserted a begin-math/end-math symbol since I think
you left one out. Proceed, with fingers crossed.

! Display math should end with $$.
<to be read again> 
                   \tex_par:D 
l.1292 
       
The `$' that I just saw supposedly matches a previous `$$'.
So I shall assume that you typed `$$' both times.

! Missing $ inserted.
<inserted text> 
                $
l.1295 x_
         i(0)=48.0-(i-1)g_0,\qquad
I've inserted a begin-math/end-math symbol since I think
you left one out. Proceed, with fingers crossed.

! Missing $ inserted.
<inserted text> 
                $
l.1296 
       
I've inserted a begin-math/end-math symbol since I think
you left one out. Proceed, with fingers crossed.

! Missing $ inserted.
<inserted text> 
                $
l.1297 g_
         0=8.0\,\mathrm{m},\qquad
I've inserted a begin-math/end-math symbol since I think
you left one out. Proceed, with fingers crossed.

! Missing $ inserted.
<inserted text> 
                $
l.1298 
       
I've inserted a begin-math/end-math symbol since I think
you left one out. Proceed, with fingers crossed.


! LaTeX Error: Bad math environment delimiter.

See the LaTeX manual or LaTeX Companion for explanation.
Type  H <return>  for immediate help.
 ...                                              
                                                  
l.1301 \]
         
Your command was ignored.
Type  I <command> <return>  to replace it with another command,
or  <return>  to continue without it.

! Missing $ inserted.
<inserted text> 
                $
l.1301 \]
         
I've inserted something that you may have forgotten.
(See the <inserted text> above.)
With luck, this will get me unwedged. But if you
really didn't forget anything, try typing `2' now; then
my insertion and my current dilemma will both disappear.

! Display math should end with $$.
<to be read again> 
                   \endgroup 
l.1301 \]
         
The `$' that I just saw supposedly matches a previous `$$'.
So I shall assume that you typed `$$' both times.

[35]
! Missing $ inserted.
<inserted text> 
                $
l.1314 
       
I've inserted a begin-math/end-math symbol since I think
you left one out. Proceed, with fingers crossed.

! Display math should end with $$.
<to be read again> 
                   \tex_par:D 
l.1314 
       
The `$' that I just saw supposedly matches a previous `$$'.
So I shall assume that you typed `$$' both times.

! Missing $ inserted.
<inserted text> 
                $
l.1315 x_
         e(0)=30.0+\xi,\qquad
I've inserted a begin-math/end-math symbol since I think
you left one out. Proceed, with fingers crossed.

! Missing $ inserted.
<inserted text> 
                $
l.1316 
       
I've inserted a begin-math/end-math symbol since I think
you left one out. Proceed, with fingers crossed.

! Missing $ inserted.
<inserted text> 
                $
l.1317 \xi
          \sim\mathcal{U}(-10.0,15.0),\qquad
I've inserted a begin-math/end-math symbol since I think
you left one out. Proceed, with fingers crossed.

! Missing $ inserted.
<inserted text> 
                $
l.1318 
       
I've inserted a begin-math/end-math symbol since I think
you left one out. Proceed, with fingers crossed.

! Missing $ inserted.
<inserted text> 
                $
l.1319 y_
         e(0)=2.0\,\mathrm{m},\qquad
I've inserted a begin-math/end-math symbol since I think
you left one out. Proceed, with fingers crossed.

! Missing $ inserted.
<inserted text> 
                $
l.1320 
       
I've inserted a begin-math/end-math symbol since I think
you left one out. Proceed, with fingers crossed.

! Missing $ inserted.
<inserted text> 
                $
l.1321 v_
         e(0)=15.0\,\mathrm{m/s}.
I've inserted a begin-math/end-math symbol since I think
you left one out. Proceed, with fingers crossed.

! Missing $ inserted.
<inserted text> 
                $
l.1322 
       
I've inserted a begin-math/end-math symbol since I think
you left one out. Proceed, with fingers crossed.


! LaTeX Error: Bad math environment delimiter.

See the LaTeX manual or LaTeX Companion for explanation.
Type  H <return>  for immediate help.
 ...                                              
                                                  
l.1323 \]
         
Your command was ignored.
Type  I <command> <return>  to replace it with another command,
or  <return>  to continue without it.

! Missing $ inserted.
<inserted text> 
                $
l.1323 \]
         
I've inserted something that you may have forgotten.
(See the <inserted text> above.)
With luck, this will get me unwedged. But if you
really didn't forget anything, try typing `2' now; then
my insertion and my current dilemma will both disappear.

! Display math should end with $$.
<to be read again> 
                   \endgroup 
l.1323 \]
         
The `$' that I just saw supposedly matches a previous `$$'.
So I shall assume that you typed `$$' both times.

! Missing $ inserted.
<inserted text> 
                $
l.1334 
       
I've inserted a begin-math/end-math symbol since I think
you left one out. Proceed, with fingers crossed.

! Display math should end with $$.
<to be read again> 
                   \tex_par:D 
l.1334 
       
The `$' that I just saw supposedly matches a previous `$$'.
So I shall assume that you typed `$$' both times.


! LaTeX Error: \mathcal allowed only in math mode.

See the LaTeX manual or LaTeX Companion for explanation.
Type  H <return>  for immediate help.
 ...                                              
                                                  
l.1335 \mathcal
               {M}=\{0.75,1.0,1.25,1.5\}.
You're in trouble here.  Try typing  <return>  to proceed.
If that doesn't work, type  X <return>  to quit.


! LaTeX Error: Bad math environment delimiter.

See the LaTeX manual or LaTeX Companion for explanation.
Type  H <return>  for immediate help.
 ...                                              
                                                  
l.1337 \]
         
Your command was ignored.
Type  I <command> <return>  to replace it with another command,
or  <return>  to continue without it.

! Missing $ inserted.
<inserted text> 
                $
l.1337 \]
         
I've inserted something that you may have forgotten.
(See the <inserted text> above.)
With luck, this will get me unwedged. But if you
really didn't forget anything, try typing `2' now; then
my insertion and my current dilemma will both disappear.

! Display math should end with $$.
<to be read again> 
                   \endgroup 
l.1337 \]
         
The `$' that I just saw supposedly matches a previous `$$'.
So I shall assume that you typed `$$' both times.

! Missing $ inserted.
<inserted text> 
                $
l.1348 
       
I've inserted a begin-math/end-math symbol since I think
you left one out. Proceed, with fingers crossed.

! Display math should end with $$.
<to be read again> 
                   \tex_par:D 
l.1348 
       
The `$' that I just saw supposedly matches a previous `$$'.
So I shall assume that you typed `$$' both times.

! Missing $ inserted.
<inserted text> 
                $
l.1349 a_
         {i+1}(t)=
I've inserted a begin-math/end-math symbol since I think
you left one out. Proceed, with fingers crossed.

! Missing $ inserted.
<inserted text> 
                $
l.1350 
       
I've inserted a begin-math/end-math symbol since I think
you left one out. Proceed, with fingers crossed.


! LaTeX Error: \mathrm allowed only in math mode.

See the LaTeX manual or LaTeX Companion for explanation.
Type  H <return>  for immediate help.
 ...                                              
                                                  
l.1351 \mathrm
              {clip}
You're in trouble here.  Try typing  <return>  to proceed.
If that doesn't work, type  X <return>  to quit.

! Missing $ inserted.
<inserted text> 
                $
l.1353 \left
            (
I've inserted a begin-math/end-math symbol since I think
you left one out. Proceed, with fingers crossed.

! Missing $ inserted.
<inserted text> 
                $
l.1354 
       
I've inserted a begin-math/end-math symbol since I think
you left one out. Proceed, with fingers crossed.

! Missing \right. inserted.
<inserted text> 
                \right .
l.1354 
       
I've inserted something that you may have forgotten.
(See the <inserted text> above.)
With luck, this will get me unwedged. But if you
really didn't forget anything, try typing `2' now; then
my insertion and my current dilemma will both disappear.

! Missing $ inserted.
<inserted text> 
                $
l.1355 0.55\left
                [g_i(t)-g_{i,\mathrm{des}}^{(k)}\right]
I've inserted a begin-math/end-math symbol since I think
you left one out. Proceed, with fingers crossed.

! Missing $ inserted.
<inserted text> 
                $
l.1356 
       
I've inserted a begin-math/end-math symbol since I think
you left one out. Proceed, with fingers crossed.

[36]

! Package amsmath Error: \dot allowed only in math mode.

See the amsmath package documentation for explanation.
Type  H <return>  for immediate help.
 ...                                              
                                                  
l.1357  +1.05\dot{g}
                    _i(t),
You're in trouble here.  Try typing  <return>  to proceed.
If that doesn't work, type  X <return>  to quit.

! Missing $ inserted.
<inserted text> 
                $
l.1357  +1.05\dot{g}_
                     i(t),
I've inserted a begin-math/end-math symbol since I think
you left one out. Proceed, with fingers crossed.

! Missing $ inserted.
<inserted text> 
                $
l.1358 
       
I've inserted a begin-math/end-math symbol since I think
you left one out. Proceed, with fingers crossed.

! Missing $ inserted.
<inserted text> 
                $
l.1363 \right
             ).
I've inserted a begin-math/end-math symbol since I think
you left one out. Proceed, with fingers crossed.

! Extra \right.
l.1363 \right)
              .
I'm ignoring a \right that had no matching \left.

! Missing $ inserted.
<inserted text> 
                $
l.1364 
       
I've inserted a begin-math/end-math symbol since I think
you left one out. Proceed, with fingers crossed.


! LaTeX Error: Bad math environment delimiter.

See the LaTeX manual or LaTeX Companion for explanation.
Type  H <return>  for immediate help.
 ...                                              
                                                  
l.1365 \]
         
Your command was ignored.
Type  I <command> <return>  to replace it with another command,
or  <return>  to continue without it.

! Missing $ inserted.
<inserted text> 
                $
l.1365 \]
         
I've inserted something that you may have forgotten.
(See the <inserted text> above.)
With luck, this will get me unwedged. But if you
really didn't forget anything, try typing `2' now; then
my insertion and my current dilemma will both disappear.

! Display math should end with $$.
<to be read again> 
                   \endgroup 
l.1365 \]
         
The `$' that I just saw supposedly matches a previous `$$'.
So I shall assume that you typed `$$' both times.


Overfull \hbox (0.19489pt too wide) in paragraph at lines 1371--1372
[]\TU/Arial(0)/m/n/10.95 This mechanism produces a target lane in which gaps open, close, and reconfigure during the $\OT1/cmr/m/n/10.95 40\OML/cmm/m/it/10.95 :\OT1/cmr/m/n/10.95 0 []$ 
 []

! Missing $ inserted.
<inserted text> 
                $
l.1382 
       
I've inserted a begin-math/end-math symbol since I think
you left one out. Proceed, with fingers crossed.

! Display math should end with $$.
<to be read again> 
                   \tex_par:D 
l.1382 
       
The `$' that I just saw supposedly matches a previous `$$'.
So I shall assume that you typed `$$' both times.

! Missing $ inserted.
<inserted text> 
                $
l.1383 i_
         k^{\star}=\arg\max_i S_i(t_k),
I've inserted a begin-math/end-math symbol since I think
you left one out. Proceed, with fingers crossed.

! Missing $ inserted.
<inserted text> 
                $
l.1384 
       
I've inserted a begin-math/end-math symbol since I think
you left one out. Proceed, with fingers crossed.


! LaTeX Error: Bad math environment delimiter.

See the LaTeX manual or LaTeX Companion for explanation.
Type  H <return>  for immediate help.
 ...                                              
                                                  
l.1385 \]
         
Your command was ignored.
Type  I <command> <return>  to replace it with another command,
or  <return>  to continue without it.

! Missing $ inserted.
<inserted text> 
                $
l.1385 \]
         
I've inserted something that you may have forgotten.
(See the <inserted text> above.)
With luck, this will get me unwedged. But if you
really didn't forget anything, try typing `2' now; then
my insertion and my current dilemma will both disappear.

! Display math should end with $$.
<to be read again> 
                   \endgroup 
l.1385 \]
         
The `$' that I just saw supposedly matches a previous `$$'.
So I shall assume that you typed `$$' both times.

! Missing $ inserted.
<inserted text> 
                $
l.1396 
       
I've inserted a begin-math/end-math symbol since I think
you left one out. Proceed, with fingers crossed.

! Display math should end with $$.
<to be read again> 
                   \tex_par:D 
l.1396 
       
The `$' that I just saw supposedly matches a previous `$$'.
So I shall assume that you typed `$$' both times.


! Package amsmath Error: \dot allowed only in math mode.

See the amsmath package documentation for explanation.
Type  H <return>  for immediate help.
 ...                                              
                                                  
l.1397 \dot{y}
              (t)=-d_y y(t)+u_h(t)\tanh(\alpha_y y(t))+C_f(t)-C_r(t).
You're in trouble here.  Try typing  <return>  to proceed.
If that doesn't work, type  X <return>  to quit.

! Missing $ inserted.
<inserted text> 
                $
l.1397 \dot{y}(t)=-d_
                     y y(t)+u_h(t)\tanh(\alpha_y y(t))+C_f(t)-C_r(t).
I've inserted a begin-math/end-math symbol since I think
you left one out. Proceed, with fingers crossed.

! Missing $ inserted.
<inserted text> 
                $
l.1398 
       
I've inserted a begin-math/end-math symbol since I think
you left one out. Proceed, with fingers crossed.


! LaTeX Error: Bad math environment delimiter.

See the LaTeX manual or LaTeX Companion for explanation.
Type  H <return>  for immediate help.
 ...                                              
                                                  
l.1399 \]
         
Your command was ignored.
Type  I <command> <return>  to replace it with another command,
or  <return>  to continue without it.

[37]
! Missing $ inserted.
<inserted text> 
                $
l.1399 \]
         
I've inserted something that you may have forgotten.
(See the <inserted text> above.)
With luck, this will get me unwedged. But if you
really didn't forget anything, try typing `2' now; then
my insertion and my current dilemma will both disappear.

! Display math should end with $$.
<to be read again> 
                   \endgroup 
l.1399 \]
         
The `$' that I just saw supposedly matches a previous `$$'.
So I shall assume that you typed `$$' both times.

File: ./images/fig1_single_gap_training.png Graphic file (type bmp)
<./images/fig1_single_gap_training.png>
[38]
File: ./images/fig2_single_gap_policy_vs_rbf.png Graphic file (type bmp)
<./images/fig2_single_gap_policy_vs_rbf.png>
[39]
File: ./images/fig3_multi_gap_transfer.png Graphic file (type bmp)
<./images/fig3_multi_gap_transfer.png>
[40]
File: ./images/fig4_multi_gap_ablation.png Graphic file (type bmp)
<./images/fig4_multi_gap_ablation.png>
[41]
Overfull \hbox (16.94481pt too wide) in paragraph at lines 1523--1524
\TU/Arial(0)/m/n/10.95 significantly higher average rewards (+55.3%), indicating that the gap selected by the opinion-dynamics 
 []


Overfull \hbox (9.3205pt too wide) in paragraph at lines 1550--1551
\TU/Arial(0)/m/n/10.95 information in the state space during training and the inability of the lower layer to perceive the switch- 
 []

[42] [43] [44

]
Overfull \hbox (23.61258pt too wide) in alignment at lines 1591--1597
 [] [] [] [] [] [] 
 []

[45]
Overfull \hbox (23.61258pt too wide) in alignment at lines 1601--1612
 [] [] [] [] [] [] 
 []

[46]
Overfull \vbox (708.76416pt too high) has occurred while \output is active []

[47]
Overfull \vbox (546.76416pt too high) has occurred while \output is active []

[48] [49] [50]
Overfull \hbox (11.61258pt too wide) in alignment at lines 1616--1626
 [] [] [] [] [] 
 []

[51] [52]
Overfull \hbox (9.29593pt too wide) in alignment at lines 1642--1690
 [] [] [] [] 
 []

[53] [54]
! Misplaced alignment tab character &.
<inserted text> ...zhang, k., song, h., jia, y., &
                                                   dai, s. (2022). analysis ...
l.1698 
       
I can't figure out why you would want to use a tab mark
here. If you just want an ampersand, the remedy is
simple: Just type `I\&' now. But if some right brace
up above has ended a previous alignment prematurely,
you're probably due for more error messages, and you
might try typing `S' now just to see what is salvageable.

! Misplaced alignment tab character &.
<inserted text> ... yu, c., pirani, m., cao, d., &
                                                   khajepour, a. (2025). eli...
l.1698 
       
I can't figure out why you would want to use a tab mark
here. If you just want an ampersand, the remedy is
simple: Just type `I\&' now. But if some right brace
up above has ended a previous alignment prematurely,
you're probably due for more error messages, and you
might try typing `S' now just to see what is salvageable.

! Misplaced alignment tab character &.
<inserted text> ..., qu, d., song, h., wang, t., &
                                                   dai, s. (2022). analysis ...
l.1698 
       
I can't figure out why you would want to use a tab mark
here. If you just want an ampersand, the remedy is
simple: Just type `I\&' now. But if some right brace
up above has ended a previous alignment prematurely,
you're probably due for more error messages, and you
might try typing `S' now just to see what is salvageable.


Overfull \hbox (7.16217pt too wide) in paragraph at lines 1698--1698
[]\TU/Arial(0)/m/n/10.95 See reference list, \TU/Arial(0)/m/it/10.95 Zhang, k., qu, d., song, h., wang, t.,  dai, s. (2022). analysis of lane-changing 
 []

! Misplaced alignment tab character &.
<inserted text> ... cao, c., zhao, q., yang, j., &
                                                   fan, a. (2026). lane-chan...
l.1698 
       
I can't figure out why you would want to use a tab mark
here. If you just want an ampersand, the remedy is
simple: Just type `I\&' now. But if some right brace
up above has ended a previous alignment prematurely,
you're probably due for more error messages, and you
might try typing `S' now just to see what is salvageable.


Overfull \hbox (88.78444pt too wide) in paragraph at lines 1698--1698
\TU/Arial(0)/m/it/10.95 game theory. *ieee transactions on vehicular technology, 75*, 130-144. https://doi.org/10.1109/tvt.2025.3592221\TU/Arial(0)/m/n/10.95 , 
 []

[55]
! Misplaced alignment tab character &.
<inserted text> ..., deng, z., liu, z., jin, l., &
                                                   khajepour, a. (2024). dri...
l.1698 
       
I can't figure out why you would want to use a tab mark
here. If you just want an ampersand, the remedy is
simple: Just type `I\&' now. But if some right brace
up above has ended a previous alignment prematurely,
you're probably due for more error messages, and you
might try typing `S' now just to see what is salvageable.

! Misplaced alignment tab character &.
<inserted text> Yang, k., li, s., wang, m., &
                                              tang, x. (2025). interactive d...
l.1698 
       
I can't figure out why you would want to use a tab mark
here. If you just want an ampersand, the remedy is
simple: Just type `I\&' now. But if some right brace
up above has ended a previous alignment prematurely,
you're probably due for more error messages, and you
might try typing `S' now just to see what is salvageable.


Overfull \hbox (69.69678pt too wide) in paragraph at lines 1698--1698
\TU/Arial(0)/m/it/10.95 transactions on intelligent transportation systems, 26*, 6991-7005. https://doi.org/10.1109/tits.2025.3532936\TU/Arial(0)/m/n/10.95 , 
 []

! Misplaced alignment tab character &.
<inserted text> Jiang, y., man, z., wang, y., &
                                                yao, z. (2024). cooperative ...
l.1698 
       
I can't figure out why you would want to use a tab mark
here. If you just want an ampersand, the remedy is
simple: Just type `I\&' now. But if some right brace
up above has ended a previous alignment prematurely,
you're probably due for more error messages, and you
might try typing `S' now just to see what is salvageable.

! Misplaced alignment tab character &.
<inserted text> Monteiro, f. v., &
                                   ioannou, p. a. (2023). safe autonomous la...
l.1698 
       
I can't figure out why you would want to use a tab mark
here. If you just want an ampersand, the remedy is
simple: Just type `I\&' now. But if some right brace
up above has ended a previous alignment prematurely,
you're probably due for more error messages, and you
might try typing `S' now just to see what is salvageable.

! Misplaced alignment tab character &.
<inserted text> Lv, k., pei, x., chen, c., &
                                             xu, j. (2022). a safe and effic...
l.1698 
       
I can't figure out why you would want to use a tab mark
here. If you just want an ampersand, the remedy is
simple: Just type `I\&' now. But if some right brace
up above has ended a previous alignment prematurely,
you're probably due for more error messages, and you
might try typing `S' now just to see what is salvageable.


Overfull \hbox (15.47093pt too wide) in paragraph at lines 1698--1698
[]\TU/Arial(0)/m/n/10.95 See reference list, \TU/Arial(0)/m/it/10.95 Lv, k., pei, x., chen, c.,  xu, j. (2022). a safe and efficient lane change decision- 
 []

! Misplaced alignment tab character &.
<inserted text> Deng, h., zhao, y., wang, q., &
                                                nguyen, a.-t. (2023). deep r...
l.1698 
       
I can't figure out why you would want to use a tab mark
here. If you just want an ampersand, the remedy is
simple: Just type `I\&' now. But if some right brace
up above has ended a previous alignment prematurely,
you're probably due for more error messages, and you
might try typing `S' now just to see what is salvageable.


Overfull \hbox (4.51553pt too wide) in paragraph at lines 1698--1698
[]\TU/Arial(0)/m/n/10.95 See reference list, \TU/Arial(0)/m/it/10.95 Deng, h., zhao, y., wang, q.,  nguyen, a.-t. (2023). deep reinforcement learn- 
 []

! Misplaced alignment tab character &.
<inserted text> He, x., yang, h., hu, z., &
                                            lv, c. (2023). robust lane chang...
l.1698 
       
I can't figure out why you would want to use a tab mark
here. If you just want an ampersand, the remedy is
simple: Just type `I\&' now. But if some right brace
up above has ended a previous alignment prematurely,
you're probably due for more error messages, and you
might try typing `S' now just to see what is salvageable.

! Misplaced alignment tab character &.
<inserted text> ...d., yan, j., li, z., yin, h., &
                                                   ge, w. (2022). multi-agen...
l.1698 
       
I can't figure out why you would want to use a tab mark
here. If you just want an ampersand, the remedy is
simple: Just type `I\&' now. But if some right brace
up above has ended a previous alignment prematurely,
you're probably due for more error messages, and you
might try typing `S' now just to see what is salvageable.

[56]
! Misplaced alignment tab character &.
<inserted text> Zhang, j., chang, c., zeng, x., &
                                                  li, l. (2023). multi-agent...
l.1698 
       
I can't figure out why you would want to use a tab mark
here. If you just want an ampersand, the remedy is
simple: Just type `I\&' now. But if some right brace
up above has ended a previous alignment prematurely,
you're probably due for more error messages, and you
might try typing `S' now just to see what is salvageable.


Overfull \hbox (5.32286pt too wide) in paragraph at lines 1698--1698
[]\TU/Arial(0)/m/n/10.95 See reference list, \TU/Arial(0)/m/it/10.95 Zhang, j., chang, c., zeng, x.,  li, l. (2023). multi-agent drl-based lane change 
 []

! Misplaced alignment tab character &.
<inserted text> Bi, x., he, m., &
                                  sun, y. (2025). mix q-learning for lane ch...
l.1698 
       
I can't figure out why you would want to use a tab mark
here. If you just want an ampersand, the remedy is
simple: Just type `I\&' now. But if some right brace
up above has ended a previous alignment prematurely,
you're probably due for more error messages, and you
might try typing `S' now just to see what is salvageable.

! Misplaced alignment tab character &.
<inserted text> Li, a., chavez armijos, a. s., &
                                                 cassandras, c. g. (2025). r...
l.1698 
       
I can't figure out why you would want to use a tab mark
here. If you just want an ampersand, the remedy is
simple: Just type `I\&' now. But if some right brace
up above has ended a previous alignment prematurely,
you're probably due for more error messages, and you
might try typing `S' now just to see what is salvageable.

! Illegal parameter number in definition of \abx@field@title.
<to be read again> 
                    
l.1698 
       
You meant to type ## instead of #, right?
Or maybe a } was forgotten somewhere earlier, and things
are all screwed up? I'm going to assume that you meant ##.

! Illegal parameter number in definition of \abx@field@title.
<to be read again> 
                    
l.1698 
       
You meant to type ## instead of #, right?
Or maybe a } was forgotten somewhere earlier, and things
are all screwed up? I'm going to assume that you meant ##.

! Illegal parameter number in definition of \abx@field@title.
<to be read again> 
                    
l.1698 
       
You meant to type ## instead of #, right?
Or maybe a } was forgotten somewhere earlier, and things
are all screwed up? I'm going to assume that you meant ##.

! Illegal parameter number in definition of \abx@field@title.
<to be read again> 
                    
l.1698 
       
You meant to type ## instead of #, right?
Or maybe a } was forgotten somewhere earlier, and things
are all screwed up? I'm going to assume that you meant ##.


Overfull \hbox (11.23627pt too wide) in paragraph at lines 1698--1698
\TU/Arial(0)/m/it/10.95 changing control for connected autonomous vehicles in mixed traffic. *automatica, 174*, 112169. 
 []

! Misplaced alignment tab character &.
<inserted text> Bizyaeva, a., franci, a., &
                                            leonard, n. e. (2023). nonlinear...
l.1698 
       
I can't figure out why you would want to use a tab mark
here. If you just want an ampersand, the remedy is
simple: Just type `I\&' now. But if some right brace
up above has ended a previous alignment prematurely,
you're probably due for more error messages, and you
might try typing `S' now just to see what is salvageable.

! You can't use `macro parameter character #' in horizontal mode.
<inserted text> ...org/10.1109/tac.2022.3159527 ##
                                                   附录/appendices ## project ...
l.1698 
       
Sorry, but I'm not programmed to handle this case;
I'll just pretend that you didn't ask for it.
If you're in the wrong mode, you might be able to
return to the right one by typing `I}' or `I$' or `I\par'.

Missing character: There is no 附 (U+9644) in font Arial Italic/OT:language=dflt;mapping=tex-text;!
Missing character: There is no 录 (U+5F55) in font Arial Italic/OT:language=dflt;mapping=tex-text;!
! You can't use `macro parameter character #' in horizontal mode.
<inserted text> ...022.3159527 ## 附录/appendices ##
                                                   project outline ## risk a...
l.1698 
       
Sorry, but I'm not programmed to handle this case;
I'll just pretend that you didn't ask for it.
If you're in the wrong mode, you might be able to
return to the right one by typing `I}' or `I$' or `I\par'.

! You can't use `macro parameter character #' in horizontal mode.
<inserted text> ...ppendices ## project outline ##
                                                   risk assessment ## experi...
l.1698 
       
Sorry, but I'm not programmed to handle this case;
I'll just pretend that you didn't ask for it.
If you're in the wrong mode, you might be able to
return to the right one by typing `I}' or `I$' or `I\par'.

! You can't use `macro parameter character #' in horizontal mode.
<inserted text> ...t outline ## risk assessment ##
                                                   experimental parameter su...
l.1698 
       
Sorry, but I'm not programmed to handle this case;
I'll just pretend that you didn't ask for it.
If you're in the wrong mode, you might be able to
return to the right one by typing `I}' or `I$' or `I\par'.

Missing character: There is no 实 (U+5B9E) in font Arial Italic/OT:language=dflt;mapping=tex-text;!
Missing character: There is no 验 (U+9A8C) in font Arial Italic/OT:language=dflt;mapping=tex-text;!
Missing character: There is no 参 (U+53C2) in font Arial Italic/OT:language=dflt;mapping=tex-text;!
Missing character: There is no 数 (U+6570) in font Arial Italic/OT:language=dflt;mapping=tex-text;!
Missing character: There is no 总 (U+603B) in font Arial Italic/OT:language=dflt;mapping=tex-text;!
Missing character: There is no 结 (U+7ED3) in font Arial Italic/OT:language=dflt;mapping=tex-text;!
Missing character: There is no 类 (U+7C7B) in font Arial Italic/OT:language=dflt;mapping=tex-text;!
Missing character: There is no 别 (U+522B) in font Arial Italic/OT:language=dflt;mapping=tex-text;!
Missing character: There is no 符 (U+7B26) in font Arial Italic/OT:language=dflt;mapping=tex-text;!
Missing character: There is no 号 (U+53F7) in font Arial Italic/OT:language=dflt;mapping=tex-text;!
Missing character: There is no 数 (U+6570) in font Arial Italic/OT:language=dflt;mapping=tex-text;!
Missing character: There is no 值 (U+503C) in font Arial Italic/OT:language=dflt;mapping=tex-text;!
Missing character: There is no 说 (U+8BF4) in font Arial Italic/OT:language=dflt;mapping=tex-text;!
Missing character: There is no 明 (U+660E) in font Arial Italic/OT:language=dflt;mapping=tex-text;!
Missing character: There is no 仿 (U+4EFF) in font Arial Italic/OT:language=dflt;mapping=tex-text;!
Missing character: There is no 真 (U+771F) in font Arial Italic/OT:language=dflt;mapping=tex-text;!

Overfull \hbox (124.89058pt too wide) in paragraph at lines 1698--1698
\TU/Arial(0)/m/it/10.95 with tunable sensitivity. ieee transactions on automatic control, 68, 1415-1430. https://doi.org/10.1109/tac.2022.3159527 
 []


Overfull \hbox (7.07121pt too wide) in paragraph at lines 1698--1698
\TU/Arial(0)/m/it/10.95 附录/appendices  project outline  risk assessment  experimental parameter summary / 实验参数总结 
 []

Missing character: There is no 单 (U+5355) in font Arial Italic/OT:language=dflt;mapping=tex-text;!
Missing character: There is no 次 (U+6B21) in font Arial Italic/OT:language=dflt;mapping=tex-text;!
Missing character: There is no 仿 (U+4EFF) in font Arial Italic/OT:language=dflt;mapping=tex-text;!
Missing character: There is no 真 (U+771F) in font Arial Italic/OT:language=dflt;mapping=tex-text;!
Missing character: There is no 总 (U+603B) in font Arial Italic/OT:language=dflt;mapping=tex-text;!
Missing character: There is no 时 (U+65F6) in font Arial Italic/OT:language=dflt;mapping=tex-text;!
Missing character: There is no 长 (U+957F) in font Arial Italic/OT:language=dflt;mapping=tex-text;!
Missing character: There is no 仿 (U+4EFF) in font Arial Italic/OT:language=dflt;mapping=tex-text;!
Missing character: There is no 真 (U+771F) in font Arial Italic/OT:language=dflt;mapping=tex-text;!
Missing character: There is no 数 (U+6570) in font Arial Italic/OT:language=dflt;mapping=tex-text;!
Missing character: There is no 值 (U+503C) in font Arial Italic/OT:language=dflt;mapping=tex-text;!
Missing character: There is no 积 (U+79EF) in font Arial Italic/OT:language=dflt;mapping=tex-text;!
Missing character: There is no 分 (U+5206) in font Arial Italic/OT:language=dflt;mapping=tex-text;!
Missing character: There is no 步 (U+6B65) in font Arial Italic/OT:language=dflt;mapping=tex-text;!
Missing character: There is no 长 (U+957F) in font Arial Italic/OT:language=dflt;mapping=tex-text;!
Missing character: There is no 道 (U+9053) in font Arial Italic/OT:language=dflt;mapping=tex-text;!
Missing character: There is no 路 (U+8DEF) in font Arial Italic/OT:language=dflt;mapping=tex-text;!
[57]
Missing character: There is no 车 (U+8F66) in font Arial Italic/OT:language=dflt;mapping=tex-text;!
Missing character: There is no 道 (U+9053) in font Arial Italic/OT:language=dflt;mapping=tex-text;!
Missing character: There is no 宽 (U+5BBD) in font Arial Italic/OT:language=dflt;mapping=tex-text;!
Missing character: There is no 度 (U+5EA6) in font Arial Italic/OT:language=dflt;mapping=tex-text;!
Missing character: There is no 道 (U+9053) in font Arial Italic/OT:language=dflt;mapping=tex-text;!
Missing character: There is no 路 (U+8DEF) in font Arial Italic/OT:language=dflt;mapping=tex-text;!
! Missing $ inserted.
<inserted text> 
                $
l.1698 
       
I've inserted a begin-math/end-math symbol since I think
you left one out. Proceed, with fingers crossed.


! LaTeX Error: There's no line here to end.

See the LaTeX manual or LaTeX Companion for explanation.
Type  H <return>  for immediate help.
 ...                                              
                                                  
l.1698 
       
Your command was ignored.
Type  I <command> <return>  to replace it with another command,
or  <return>  to continue without it.

! Missing $ inserted.
<inserted text> 
                $
l.1698 
       
I've inserted a begin-math/end-math symbol since I think
you left one out. Proceed, with fingers crossed.

! Missing } inserted.
<inserted text> 
                }
l.1698 
       
I've inserted something that you may have forgotten.
(See the <inserted text> above.)
With luck, this will get me unwedged. But if you
really didn't forget anything, try typing `2' now; then
my insertion and my current dilemma will both disappear.

! Extra }, or forgotten \endgroup.
\par ...m \@noitemerr {\@@par }\fi \else {\@@par }
                                                  \fi 
l.1698 
       
I've deleted a group-closing symbol because it seems to be
spurious, as in `$x}$'. But perhaps the } is legitimate and
you forgot something else, as in `\hbox{$x}'. In such cases
the way to recover is to insert both the forgotten and the
deleted material, e.g., by typing `I$}'.

Missing character: There is no 原 (U+539F) in font Arial Italic/OT:language=dflt;mapping=tex-text;!
Missing character: There is no 车 (U+8F66) in font Arial Italic/OT:language=dflt;mapping=tex-text;!
Missing character: There is no 道 (U+9053) in font Arial Italic/OT:language=dflt;mapping=tex-text;!
Missing character: There is no 与 (U+4E0E) in font Arial Italic/OT:language=dflt;mapping=tex-text;!
Missing character: There is no 目 (U+76EE) in font Arial Italic/OT:language=dflt;mapping=tex-text;!
Missing character: There is no 标 (U+6807) in font Arial Italic/OT:language=dflt;mapping=tex-text;!
Missing character: There is no 车 (U+8F66) in font Arial Italic/OT:language=dflt;mapping=tex-text;!
Missing character: There is no 道 (U+9053) in font Arial Italic/OT:language=dflt;mapping=tex-text;!
Missing character: There is no 中 (U+4E2D) in font Arial Italic/OT:language=dflt;mapping=tex-text;!
Missing character: There is no 心 (U+5FC3) in font Arial Italic/OT:language=dflt;mapping=tex-text;!
Missing character: There is no 车 (U+8F66) in font Arial Italic/OT:language=dflt;mapping=tex-text;!
Missing character: There is no 辆 (U+8F86) in font Arial Italic/OT:language=dflt;mapping=tex-text;!
Missing character: There is no 车 (U+8F66) in font Arial Italic/OT:language=dflt;mapping=tex-text;!
Missing character: There is no 辆 (U+8F86) in font Arial Italic/OT:language=dflt;mapping=tex-text;!
Missing character: There is no 轴 (U+8F74) in font Arial Italic/OT:language=dflt;mapping=tex-text;!
Missing character: There is no 距 (U+8DDD) in font Arial Italic/OT:language=dflt;mapping=tex-text;!
Missing character: There is no 安 (U+5B89) in font Arial Italic/OT:language=dflt;mapping=tex-text;!
Missing character: There is no 全 (U+5168) in font Arial Italic/OT:language=dflt;mapping=tex-text;!
Missing character: There is no 碰 (U+78B0) in font Arial Italic/OT:language=dflt;mapping=tex-text;!
Missing character: There is no 撞 (U+649E) in font Arial Italic/OT:language=dflt;mapping=tex-text;!
Missing character: There is no 边 (U+8FB9) in font Arial Italic/OT:language=dflt;mapping=tex-text;!
Missing character: There is no 界 (U+754C) in font Arial Italic/OT:language=dflt;mapping=tex-text;!
Missing character: There is no 半 (U+534A) in font Arial Italic/OT:language=dflt;mapping=tex-text;!
Missing character: There is no 径 (U+5F84) in font Arial Italic/OT:language=dflt;mapping=tex-text;!
Missing character: There is no 单 (U+5355) in font Arial Italic/OT:language=dflt;mapping=tex-text;!
Missing character: There is no 初 (U+521D) in font Arial Italic/OT:language=dflt;mapping=tex-text;!
Missing character: There is no 始 (U+59CB) in font Arial Italic/OT:language=dflt;mapping=tex-text;!
Missing character: There is no 状 (U+72B6) in font Arial Italic/OT:language=dflt;mapping=tex-text;!
Missing character: There is no 态 (U+6001) in font Arial Italic/OT:language=dflt;mapping=tex-text;!
! Missing $ inserted.
<inserted text> 
                $
l.1698 
       
I've inserted a begin-math/end-math symbol since I think
you left one out. Proceed, with fingers crossed.


! LaTeX Error: There's no line here to end.

See the LaTeX manual or LaTeX Companion for explanation.
Type  H <return>  for immediate help.
 ...                                              
                                                  
l.1698 
       
Your command was ignored.
Type  I <command> <return>  to replace it with another command,
or  <return>  to continue without it.

! Missing $ inserted.
<inserted text> 
                $
l.1698 
       
I've inserted a begin-math/end-math symbol since I think
you left one out. Proceed, with fingers crossed.

! Missing } inserted.
<inserted text> 
                }
l.1698 
       
I've inserted something that you may have forgotten.
(See the <inserted text> above.)
With luck, this will get me unwedged. But if you
really didn't forget anything, try typing `2' now; then
my insertion and my current dilemma will both disappear.

! Extra }, or forgotten \endgroup.
\par ...m \@noitemerr {\@@par }\fi \else {\@@par }
                                                  \fi 
l.1698 
       
I've deleted a group-closing symbol because it seems to be
spurious, as in `$x}$'. But perhaps the } is legitimate and
you forgot something else, as in `\hbox{$x}'. In such cases
the way to recover is to insert both the forgotten and the
deleted material, e.g., by typing `I$}'.

Missing character: There is no 前 (U+524D) in font Arial Italic/OT:language=dflt;mapping=tex-text;!
Missing character: There is no 后 (U+540E) in font Arial Italic/OT:language=dflt;mapping=tex-text;!
Missing character: There is no 目 (U+76EE) in font Arial Italic/OT:language=dflt;mapping=tex-text;!
Missing character: There is no 标 (U+6807) in font Arial Italic/OT:language=dflt;mapping=tex-text;!
Missing character: There is no 车 (U+8F66) in font Arial Italic/OT:language=dflt;mapping=tex-text;!
Missing character: There is no 初 (U+521D) in font Arial Italic/OT:language=dflt;mapping=tex-text;!
Missing character: There is no 始 (U+59CB) in font Arial Italic/OT:language=dflt;mapping=tex-text;!
Missing character: There is no 位 (U+4F4D) in font Arial Italic/OT:language=dflt;mapping=tex-text;!
Missing character: There is no 置 (U+7F6E) in font Arial Italic/OT:language=dflt;mapping=tex-text;!
Missing character: There is no 单 (U+5355) in font Arial Italic/OT:language=dflt;mapping=tex-text;!
Missing character: There is no 初 (U+521D) in font Arial Italic/OT:language=dflt;mapping=tex-text;!
Missing character: There is no 始 (U+59CB) in font Arial Italic/OT:language=dflt;mapping=tex-text;!
Missing character: There is no 状 (U+72B6) in font Arial Italic/OT:language=dflt;mapping=tex-text;!
Missing character: There is no 态 (U+6001) in font Arial Italic/OT:language=dflt;mapping=tex-text;!
! Missing $ inserted.
<inserted text> 
                $
l.1698 
       
I've inserted a begin-math/end-math symbol since I think
you left one out. Proceed, with fingers crossed.


! LaTeX Error: There's no line here to end.

See the LaTeX manual or LaTeX Companion for explanation.
Type  H <return>  for immediate help.
 ...                                              
                                                  
l.1698 
       
Your command was ignored.
Type  I <command> <return>  to replace it with another command,
or  <return>  to continue without it.

! Missing $ inserted.
<inserted text> 
                $
l.1698 
       
I've inserted a begin-math/end-math symbol since I think
you left one out. Proceed, with fingers crossed.

! Missing } inserted.
<inserted text> 
                }
l.1698 
       
I've inserted something that you may have forgotten.
(See the <inserted text> above.)
With luck, this will get me unwedged. But if you
really didn't forget anything, try typing `2' now; then
my insertion and my current dilemma will both disappear.

! Extra }, or forgotten \endgroup.
\par ...m \@noitemerr {\@@par }\fi \else {\@@par }
                                                  \fi 
l.1698 
       
I've deleted a group-closing symbol because it seems to be
spurious, as in `$x}$'. But perhaps the } is legitimate and
you forgot something else, as in `\hbox{$x}'. In such cases
the way to recover is to insert both the forgotten and the
deleted material, e.g., by typing `I$}'.

[58]
Missing character: There is no 随 (U+968F) in font Arial Italic/OT:language=dflt;mapping=tex-text;!
Missing character: There is no 机 (U+673A) in font Arial Italic/OT:language=dflt;mapping=tex-text;!
Missing character: There is no 初 (U+521D) in font Arial Italic/OT:language=dflt;mapping=tex-text;!
Missing character: There is no 始 (U+59CB) in font Arial Italic/OT:language=dflt;mapping=tex-text;!
Missing character: There is no 纵 (U+7EB5) in font Arial Italic/OT:language=dflt;mapping=tex-text;!
Missing character: There is no 向 (U+5411) in font Arial Italic/OT:language=dflt;mapping=tex-text;!
Missing character: There is no 位 (U+4F4D) in font Arial Italic/OT:language=dflt;mapping=tex-text;!
Missing character: There is no 置 (U+7F6E) in font Arial Italic/OT:language=dflt;mapping=tex-text;!
Missing character: There is no 单 (U+5355) in font Arial Italic/OT:language=dflt;mapping=tex-text;!
Missing character: There is no 后 (U+540E) in font Arial Italic/OT:language=dflt;mapping=tex-text;!
Missing character: There is no 车 (U+8F66) in font Arial Italic/OT:language=dflt;mapping=tex-text;!
Missing character: There is no 运 (U+8FD0) in font Arial Italic/OT:language=dflt;mapping=tex-text;!
Missing character: There is no 动 (U+52A8) in font Arial Italic/OT:language=dflt;mapping=tex-text;!
! Missing $ inserted.
<inserted text> 
                $
l.1698 
       
I've inserted a begin-math/end-math symbol since I think
you left one out. Proceed, with fingers crossed.


! LaTeX Error: There's no line here to end.

See the LaTeX manual or LaTeX Companion for explanation.
Type  H <return>  for immediate help.
 ...                                              
                                                  
l.1698 
       
Your command was ignored.
Type  I <command> <return>  to replace it with another command,
or  <return>  to continue without it.

! Missing $ inserted.
<inserted text> 
                $
l.1698 
       
I've inserted a begin-math/end-math symbol since I think
you left one out. Proceed, with fingers crossed.

! Missing } inserted.
<inserted text> 
                }
l.1698 
       
I've inserted something that you may have forgotten.
(See the <inserted text> above.)
With luck, this will get me unwedged. But if you
really didn't forget anything, try typing `2' now; then
my insertion and my current dilemma will both disappear.

! Extra }, or forgotten \endgroup.
\par ...m \@noitemerr {\@@par }\fi \else {\@@par }
                                                  \fi 
l.1698 
       
I've deleted a group-closing symbol because it seems to be
spurious, as in `$x}$'. But perhaps the } is legitimate and
you forgot something else, as in `\hbox{$x}'. In such cases
the way to recover is to insert both the forgotten and the
deleted material, e.g., by typing `I$}'.

Missing character: There is no 后 (U+540E) in font Arial Italic/OT:language=dflt;mapping=tex-text;!
Missing character: There is no 车 (U+8F66) in font Arial Italic/OT:language=dflt;mapping=tex-text;!
Missing character: There is no 开 (U+5F00) in font Arial Italic/OT:language=dflt;mapping=tex-text;!
Missing character: There is no 始 (U+59CB) in font Arial Italic/OT:language=dflt;mapping=tex-text;!
Missing character: There is no 让 (U+8BA9) in font Arial Italic/OT:language=dflt;mapping=tex-text;!
Missing character: There is no 行 (U+884C) in font Arial Italic/OT:language=dflt;mapping=tex-text;!
Missing character: There is no 时 (U+65F6) in font Arial Italic/OT:language=dflt;mapping=tex-text;!
Missing character: There is no 间 (U+95F4) in font Arial Italic/OT:language=dflt;mapping=tex-text;!
Missing character: There is no 单 (U+5355) in font Arial Italic/OT:language=dflt;mapping=tex-text;!
Missing character: There is no 后 (U+540E) in font Arial Italic/OT:language=dflt;mapping=tex-text;!
Missing character: There is no 车 (U+8F66) in font Arial Italic/OT:language=dflt;mapping=tex-text;!
Missing character: There is no 运 (U+8FD0) in font Arial Italic/OT:language=dflt;mapping=tex-text;!
Missing character: There is no 动 (U+52A8) in font Arial Italic/OT:language=dflt;mapping=tex-text;!
! Missing $ inserted.
<inserted text> 
                $
l.1698 
       
I've inserted a begin-math/end-math symbol since I think
you left one out. Proceed, with fingers crossed.


! LaTeX Error: There's no line here to end.

See the LaTeX manual or LaTeX Companion for explanation.
Type  H <return>  for immediate help.
 ...                                              
                                                  
l.1698 
       
Your command was ignored.
Type  I <command> <return>  to replace it with another command,
or  <return>  to continue without it.

! Missing $ inserted.
<inserted text> 
                $
l.1698 
       
I've inserted a begin-math/end-math symbol since I think
you left one out. Proceed, with fingers crossed.

! Missing } inserted.
<inserted text> 
                }
l.1698 
       
I've inserted something that you may have forgotten.
(See the <inserted text> above.)
With luck, this will get me unwedged. But if you
really didn't forget anything, try typing `2' now; then
my insertion and my current dilemma will both disappear.

! Extra }, or forgotten \endgroup.
\par ...m \@noitemerr {\@@par }\fi \else {\@@par }
                                                  \fi 
l.1698 
       
I've deleted a group-closing symbol because it seems to be
spurious, as in `$x}$'. But perhaps the } is legitimate and
you forgot something else, as in `\hbox{$x}'. In such cases
the way to recover is to insert both the forgotten and the
deleted material, e.g., by typing `I$}'.

Missing character: There is no 让 (U+8BA9) in font Arial Italic/OT:language=dflt;mapping=tex-text;!
Missing character: There is no 行 (U+884C) in font Arial Italic/OT:language=dflt;mapping=tex-text;!
Missing character: There is no 前 (U+524D) in font Arial Italic/OT:language=dflt;mapping=tex-text;!
Missing character: There is no 正 (U+6B63) in font Arial Italic/OT:language=dflt;mapping=tex-text;!
Missing character: There is no 弦 (U+5F26) in font Arial Italic/OT:language=dflt;mapping=tex-text;!
Missing character: There is no 速 (U+901F) in font Arial Italic/OT:language=dflt;mapping=tex-text;!
Missing character: There is no 度 (U+5EA6) in font Arial Italic/OT:language=dflt;mapping=tex-text;!
Missing character: There is no 幅 (U+5E45) in font Arial Italic/OT:language=dflt;mapping=tex-text;!
Missing character: There is no 值 (U+503C) in font Arial Italic/OT:language=dflt;mapping=tex-text;!
Missing character: There is no 与 (U+4E0E) in font Arial Italic/OT:language=dflt;mapping=tex-text;!
Missing character: There is no 周 (U+5468) in font Arial Italic/OT:language=dflt;mapping=tex-text;!
Missing character: There is no 期 (U+671F) in font Arial Italic/OT:language=dflt;mapping=tex-text;!
Missing character: There is no 单 (U+5355) in font Arial Italic/OT:language=dflt;mapping=tex-text;!
Missing character: There is no 后 (U+540E) in font Arial Italic/OT:language=dflt;mapping=tex-text;!
Missing character: There is no 车 (U+8F66) in font Arial Italic/OT:language=dflt;mapping=tex-text;!
Missing character: There is no 运 (U+8FD0) in font Arial Italic/OT:language=dflt;mapping=tex-text;!
Missing character: There is no 动 (U+52A8) in font Arial Italic/OT:language=dflt;mapping=tex-text;!
! Missing $ inserted.
<inserted text> 
                $
l.1698 
       
I've inserted a begin-math/end-math symbol since I think
you left one out. Proceed, with fingers crossed.


! LaTeX Error: There's no line here to end.

See the LaTeX manual or LaTeX Companion for explanation.
Type  H <return>  for immediate help.
 ...                                              
                                                  
l.1698 
       
Your command was ignored.
Type  I <command> <return>  to replace it with another command,
or  <return>  to continue without it.

! Missing $ inserted.
<inserted text> 
                $
l.1698 
       
I've inserted a begin-math/end-math symbol since I think
you left one out. Proceed, with fingers crossed.

! Missing } inserted.
<inserted text> 
                }
l.1698 
       
I've inserted something that you may have forgotten.
(See the <inserted text> above.)
With luck, this will get me unwedged. But if you
really didn't forget anything, try typing `2' now; then
my insertion and my current dilemma will both disappear.

! Extra }, or forgotten \endgroup.
\par ...m \@noitemerr {\@@par }\fi \else {\@@par }
                                                  \fi 
l.1698 
       
I've deleted a group-closing symbol because it seems to be
spurious, as in `$x}$'. But perhaps the } is legitimate and
you forgot something else, as in `\hbox{$x}'. In such cases
the way to recover is to insert both the forgotten and the
deleted material, e.g., by typing `I$}'.

Missing character: There is no 让 (U+8BA9) in font Arial Italic/OT:language=dflt;mapping=tex-text;!
Missing character: There is no 行 (U+884C) in font Arial Italic/OT:language=dflt;mapping=tex-text;!
Missing character: There is no 后 (U+540E) in font Arial Italic/OT:language=dflt;mapping=tex-text;!
Missing character: There is no 目 (U+76EE) in font Arial Italic/OT:language=dflt;mapping=tex-text;!
Missing character: There is no 标 (U+6807) in font Arial Italic/OT:language=dflt;mapping=tex-text;!
Missing character: There is no 单 (U+5355) in font Arial Italic/OT:language=dflt;mapping=tex-text;!
Missing character: There is no 后 (U+540E) in font Arial Italic/OT:language=dflt;mapping=tex-text;!
Missing character: There is no 车 (U+8F66) in font Arial Italic/OT:language=dflt;mapping=tex-text;!
Missing character: There is no 运 (U+8FD0) in font Arial Italic/OT:language=dflt;mapping=tex-text;!
Missing character: There is no 动 (U+52A8) in font Arial Italic/OT:language=dflt;mapping=tex-text;!
! Missing $ inserted.
<inserted text> 
                $
l.1698 
       
I've inserted a begin-math/end-math symbol since I think
you left one out. Proceed, with fingers crossed.


! LaTeX Error: There's no line here to end.

See the LaTeX manual or LaTeX Companion for explanation.
Type  H <return>  for immediate help.
 ...                                              
                                                  
l.1698 
       
Your command was ignored.
Type  I <command> <return>  to replace it with another command,
or  <return>  to continue without it.

! Missing $ inserted.
<inserted text> 
                $
l.1698 
       
I've inserted a begin-math/end-math symbol since I think
you left one out. Proceed, with fingers crossed.

! Missing } inserted.
<inserted text> 
                }
l.1698 
       
I've inserted something that you may have forgotten.
(See the <inserted text> above.)
With luck, this will get me unwedged. But if you
really didn't forget anything, try typing `2' now; then
my insertion and my current dilemma will both disappear.

! Extra }, or forgotten \endgroup.
\par ...m \@noitemerr {\@@par }\fi \else {\@@par }
                                                  \fi 
l.1698 
       
I've deleted a group-closing symbol because it seems to be
spurious, as in `$x}$'. But perhaps the } is legitimate and
you forgot something else, as in `\hbox{$x}'. In such cases
the way to recover is to insert both the forgotten and the
deleted material, e.g., by typing `I$}'.

! Missing $ inserted.
<inserted text> 
                $
l.1698 
       
I've inserted a begin-math/end-math symbol since I think
you left one out. Proceed, with fingers crossed.


! LaTeX Error: There's no line here to end.

See the LaTeX manual or LaTeX Companion for explanation.
Type  H <return>  for immediate help.
 ...                                              
                                                  
l.1698 
       
Your command was ignored.
Type  I <command> <return>  to replace it with another command,
or  <return>  to continue without it.

! Missing $ inserted.
<inserted text> 
                $
l.1698 
       
I've inserted a begin-math/end-math symbol since I think
you left one out. Proceed, with fingers crossed.

! Missing } inserted.
<inserted text> 
                }
l.1698 
       
I've inserted something that you may have forgotten.
(See the <inserted text> above.)
With luck, this will get me unwedged. But if you
really didn't forget anything, try typing `2' now; then
my insertion and my current dilemma will both disappear.

! Extra }, or forgotten \endgroup.
\par ...m \@noitemerr {\@@par }\fi \else {\@@par }
                                                  \fi 
l.1698 
       
I've deleted a group-closing symbol because it seems to be
spurious, as in `$x}$'. But perhaps the } is legitimate and
you forgot something else, as in `\hbox{$x}'. In such cases
the way to recover is to insert both the forgotten and the
deleted material, e.g., by typing `I$}'.

Missing character: There is no 后 (U+540E) in font Arial Italic/OT:language=dflt;mapping=tex-text;!
Missing character: There is no 车 (U+8F66) in font Arial Italic/OT:language=dflt;mapping=tex-text;!
Missing character: There is no 让 (U+8BA9) in font Arial Italic/OT:language=dflt;mapping=tex-text;!
Missing character: There is no 行 (U+884C) in font Arial Italic/OT:language=dflt;mapping=tex-text;!
Missing character: There is no 控 (U+63A7) in font Arial Italic/OT:language=dflt;mapping=tex-text;!
Missing character: There is no 制 (U+5236) in font Arial Italic/OT:language=dflt;mapping=tex-text;!
Missing character: There is no 加 (U+52A0) in font Arial Italic/OT:language=dflt;mapping=tex-text;!
Missing character: There is no 速 (U+901F) in font Arial Italic/OT:language=dflt;mapping=tex-text;!
Missing character: There is no 度 (U+5EA6) in font Arial Italic/OT:language=dflt;mapping=tex-text;!
Missing character: There is no 范 (U+8303) in font Arial Italic/OT:language=dflt;mapping=tex-text;!
Missing character: There is no 围 (U+56F4) in font Arial Italic/OT:language=dflt;mapping=tex-text;!
Missing character: There is no 单 (U+5355) in font Arial Italic/OT:language=dflt;mapping=tex-text;!
Missing character: There is no 底 (U+5E95) in font Arial Italic/OT:language=dflt;mapping=tex-text;!
Missing character: There is no 层 (U+5C42) in font Arial Italic/OT:language=dflt;mapping=tex-text;!
! Missing $ inserted.
<inserted text> 
                $
l.1698 
       
I've inserted a begin-math/end-math symbol since I think
you left one out. Proceed, with fingers crossed.


! LaTeX Error: There's no line here to end.

See the LaTeX manual or LaTeX Companion for explanation.
Type  H <return>  for immediate help.
 ...                                              
                                                  
l.1698 
       
Your command was ignored.
Type  I <command> <return>  to replace it with another command,
or  <return>  to continue without it.

! Missing $ inserted.
<inserted text> 
                $
l.1698 
       
I've inserted a begin-math/end-math symbol since I think
you left one out. Proceed, with fingers crossed.

! Missing } inserted.
<inserted text> 
                }
l.1698 
       
I've inserted something that you may have forgotten.
(See the <inserted text> above.)
With luck, this will get me unwedged. But if you
really didn't forget anything, try typing `2' now; then
my insertion and my current dilemma will both disappear.

! Extra }, or forgotten \endgroup.
\par ...m \@noitemerr {\@@par }\fi \else {\@@par }
                                                  \fi 
l.1698 
       
I've deleted a group-closing symbol because it seems to be
spurious, as in `$x}$'. But perhaps the } is legitimate and
you forgot something else, as in `\hbox{$x}'. In such cases
the way to recover is to insert both the forgotten and the
deleted material, e.g., by typing `I$}'.

[59]
Missing character: There is no 单 (U+5355) in font Arial Italic/OT:language=dflt;mapping=tex-text;!
Missing character: There is no 训 (U+8BAD) in font Arial Italic/OT:language=dflt;mapping=tex-text;!
Missing character: There is no 练 (U+7EC3) in font Arial Italic/OT:language=dflt;mapping=tex-text;!
Missing character: There is no 中 (U+4E2D) in font Arial Italic/OT:language=dflt;mapping=tex-text;!
Missing character: There is no 的 (U+7684) in font Arial Italic/OT:language=dflt;mapping=tex-text;!
Missing character: There is no 安 (U+5B89) in font Arial Italic/OT:language=dflt;mapping=tex-text;!
Missing character: There is no 全 (U+5168) in font Arial Italic/OT:language=dflt;mapping=tex-text;!
Missing character: There is no 阈 (U+9608) in font Arial Italic/OT:language=dflt;mapping=tex-text;!
Missing character: There is no 值 (U+503C) in font Arial Italic/OT:language=dflt;mapping=tex-text;!
Missing character: There is no 训 (U+8BAD) in font Arial Italic/OT:language=dflt;mapping=tex-text;!
Missing character: There is no 练 (U+7EC3) in font Arial Italic/OT:language=dflt;mapping=tex-text;!
! Missing $ inserted.
<inserted text> 
                $
l.1698 
       
I've inserted a begin-math/end-math symbol since I think
you left one out. Proceed, with fingers crossed.


! LaTeX Error: There's no line here to end.

See the LaTeX manual or LaTeX Companion for explanation.
Type  H <return>  for immediate help.
 ...                                              
                                                  
l.1698 
       
Your command was ignored.
Type  I <command> <return>  to replace it with another command,
or  <return>  to continue without it.

! Missing $ inserted.
<inserted text> 
                $
l.1698 
       
I've inserted a begin-math/end-math symbol since I think
you left one out. Proceed, with fingers crossed.

! Missing } inserted.
<inserted text> 
                }
l.1698 
       
I've inserted something that you may have forgotten.
(See the <inserted text> above.)
With luck, this will get me unwedged. But if you
really didn't forget anything, try typing `2' now; then
my insertion and my current dilemma will both disappear.

! Extra }, or forgotten \endgroup.
\par ...m \@noitemerr {\@@par }\fi \else {\@@par }
                                                  \fi 
l.1698 
       
I've deleted a group-closing symbol because it seems to be
spurious, as in `$x}$'. But perhaps the } is legitimate and
you forgot something else, as in `\hbox{$x}'. In such cases
the way to recover is to insert both the forgotten and the
deleted material, e.g., by typing `I$}'.

Missing character: There is no 训 (U+8BAD) in font Arial Italic/OT:language=dflt;mapping=tex-text;!
Missing character: There is no 练 (U+7EC3) in font Arial Italic/OT:language=dflt;mapping=tex-text;!
Missing character: There is no 轮 (U+8F6E) in font Arial Italic/OT:language=dflt;mapping=tex-text;!
Missing character: There is no 次 (U+6B21) in font Arial Italic/OT:language=dflt;mapping=tex-text;!
Missing character: There is no 训 (U+8BAD) in font Arial Italic/OT:language=dflt;mapping=tex-text;!
Missing character: There is no 练 (U+7EC3) in font Arial Italic/OT:language=dflt;mapping=tex-text;!
! Missing $ inserted.
<inserted text> 
                $
l.1698 
       
I've inserted a begin-math/end-math symbol since I think
you left one out. Proceed, with fingers crossed.


! LaTeX Error: There's no line here to end.

See the LaTeX manual or LaTeX Companion for explanation.
Type  H <return>  for immediate help.
 ...                                              
                                                  
l.1698 
       
Your command was ignored.
Type  I <command> <return>  to replace it with another command,
or  <return>  to continue without it.

! Missing $ inserted.
<inserted text> 
                $
l.1698 
       
I've inserted a begin-math/end-math symbol since I think
you left one out. Proceed, with fingers crossed.

! Missing } inserted.
<inserted text> 
                }
l.1698 
       
I've inserted something that you may have forgotten.
(See the <inserted text> above.)
With luck, this will get me unwedged. But if you
really didn't forget anything, try typing `2' now; then
my insertion and my current dilemma will both disappear.

! Extra }, or forgotten \endgroup.
\par ...m \@noitemerr {\@@par }\fi \else {\@@par }
                                                  \fi 
l.1698 
       
I've deleted a group-closing symbol because it seems to be
spurious, as in `$x}$'. But perhaps the } is legitimate and
you forgot something else, as in `\hbox{$x}'. In such cases
the way to recover is to insert both the forgotten and the
deleted material, e.g., by typing `I$}'.

Missing character: There is no 初 (U+521D) in font Arial Italic/OT:language=dflt;mapping=tex-text;!
Missing character: There is no 始 (U+59CB) in font Arial Italic/OT:language=dflt;mapping=tex-text;!
Missing character: There is no 随 (U+968F) in font Arial Italic/OT:language=dflt;mapping=tex-text;!
Missing character: There is no 机 (U+673A) in font Arial Italic/OT:language=dflt;mapping=tex-text;!
Missing character: There is no 探 (U+63A2) in font Arial Italic/OT:language=dflt;mapping=tex-text;!
Missing character: There is no 索 (U+7D22) in font Arial Italic/OT:language=dflt;mapping=tex-text;!
Missing character: There is no 步 (U+6B65) in font Arial Italic/OT:language=dflt;mapping=tex-text;!
Missing character: There is no 数 (U+6570) in font Arial Italic/OT:language=dflt;mapping=tex-text;!
Missing character: There is no 训 (U+8BAD) in font Arial Italic/OT:language=dflt;mapping=tex-text;!
Missing character: There is no 练 (U+7EC3) in font Arial Italic/OT:language=dflt;mapping=tex-text;!
Missing character: There is no 折 (U+6298) in font Arial Italic/OT:language=dflt;mapping=tex-text;!
Missing character: There is no 扣 (U+6263) in font Arial Italic/OT:language=dflt;mapping=tex-text;!
Missing character: There is no 因 (U+56E0) in font Arial Italic/OT:language=dflt;mapping=tex-text;!
Missing character: There is no 子 (U+5B50) in font Arial Italic/OT:language=dflt;mapping=tex-text;!
Missing character: There is no 与 (U+4E0E) in font Arial Italic/OT:language=dflt;mapping=tex-text;!
Missing character: There is no 目 (U+76EE) in font Arial Italic/OT:language=dflt;mapping=tex-text;!
Missing character: There is no 标 (U+6807) in font Arial Italic/OT:language=dflt;mapping=tex-text;!
Missing character: There is no 网 (U+7F51) in font Arial Italic/OT:language=dflt;mapping=tex-text;!
Missing character: There is no 络 (U+7EDC) in font Arial Italic/OT:language=dflt;mapping=tex-text;!
Missing character: There is no 软 (U+8F6F) in font Arial Italic/OT:language=dflt;mapping=tex-text;!
Missing character: There is no 更 (U+66F4) in font Arial Italic/OT:language=dflt;mapping=tex-text;!
Missing character: There is no 新 (U+65B0) in font Arial Italic/OT:language=dflt;mapping=tex-text;!
Missing character: There is no 系 (U+7CFB) in font Arial Italic/OT:language=dflt;mapping=tex-text;!
Missing character: There is no 数 (U+6570) in font Arial Italic/OT:language=dflt;mapping=tex-text;!
Missing character: There is no 训 (U+8BAD) in font Arial Italic/OT:language=dflt;mapping=tex-text;!
Missing character: There is no 练 (U+7EC3) in font Arial Italic/OT:language=dflt;mapping=tex-text;!
! Missing $ inserted.
<inserted text> 
                $
l.1698 
       
I've inserted a begin-math/end-math symbol since I think
you left one out. Proceed, with fingers crossed.


! LaTeX Error: There's no line here to end.

See the LaTeX manual or LaTeX Companion for explanation.
Type  H <return>  for immediate help.
 ...                                              
                                                  
l.1698 
       
Your command was ignored.
Type  I <command> <return>  to replace it with another command,
or  <return>  to continue without it.

! Missing $ inserted.
<inserted text> 
                $
l.1698 
       
I've inserted a begin-math/end-math symbol since I think
you left one out. Proceed, with fingers crossed.

! Missing } inserted.
<inserted text> 
                }
l.1698 
       
I've inserted something that you may have forgotten.
(See the <inserted text> above.)
With luck, this will get me unwedged. But if you
really didn't forget anything, try typing `2' now; then
my insertion and my current dilemma will both disappear.

! Extra }, or forgotten \endgroup.
\par ...m \@noitemerr {\@@par }\fi \else {\@@par }
                                                  \fi 
l.1698 
       
I've deleted a group-closing symbol because it seems to be
spurious, as in `$x}$'. But perhaps the } is legitimate and
you forgot something else, as in `\hbox{$x}'. In such cases
the way to recover is to insert both the forgotten and the
deleted material, e.g., by typing `I$}'.

Missing character: There is no 批 (U+6279) in font Arial Italic/OT:language=dflt;mapping=tex-text;!
Missing character: There is no 量 (U+91CF) in font Arial Italic/OT:language=dflt;mapping=tex-text;!
Missing character: There is no 大 (U+5927) in font Arial Italic/OT:language=dflt;mapping=tex-text;!
Missing character: There is no 小 (U+5C0F) in font Arial Italic/OT:language=dflt;mapping=tex-text;!
Missing character: There is no 训 (U+8BAD) in font Arial Italic/OT:language=dflt;mapping=tex-text;!
Missing character: There is no 练 (U+7EC3) in font Arial Italic/OT:language=dflt;mapping=tex-text;!
Missing character: There is no 经 (U+7ECF) in font Arial Italic/OT:language=dflt;mapping=tex-text;!
Missing character: There is no 验 (U+9A8C) in font Arial Italic/OT:language=dflt;mapping=tex-text;!
Missing character: There is no 池 (U+6C60) in font Arial Italic/OT:language=dflt;mapping=tex-text;!
Missing character: There is no 容 (U+5BB9) in font Arial Italic/OT:language=dflt;mapping=tex-text;!
Missing character: There is no 量 (U+91CF) in font Arial Italic/OT:language=dflt;mapping=tex-text;!
Missing character: There is no 训 (U+8BAD) in font Arial Italic/OT:language=dflt;mapping=tex-text;!
Missing character: There is no 练 (U+7EC3) in font Arial Italic/OT:language=dflt;mapping=tex-text;!
! Missing $ inserted.
<inserted text> 
                $
l.1698 
       
I've inserted a begin-math/end-math symbol since I think
you left one out. Proceed, with fingers crossed.


! LaTeX Error: There's no line here to end.

See the LaTeX manual or LaTeX Companion for explanation.
Type  H <return>  for immediate help.
 ...                                              
                                                  
l.1698 
       
Your command was ignored.
Type  I <command> <return>  to replace it with another command,
or  <return>  to continue without it.

! Missing $ inserted.
<inserted text> 
                $
l.1698 
       
I've inserted a begin-math/end-math symbol since I think
you left one out. Proceed, with fingers crossed.

! Missing } inserted.
<inserted text> 
                }
l.1698 
       
I've inserted something that you may have forgotten.
(See the <inserted text> above.)
With luck, this will get me unwedged. But if you
really didn't forget anything, try typing `2' now; then
my insertion and my current dilemma will both disappear.

! Extra }, or forgotten \endgroup.
\par ...m \@noitemerr {\@@par }\fi \else {\@@par }
                                                  \fi 
l.1698 
       
I've deleted a group-closing symbol because it seems to be
spurious, as in `$x}$'. But perhaps the } is legitimate and
you forgot something else, as in `\hbox{$x}'. In such cases
the way to recover is to insert both the forgotten and the
deleted material, e.g., by typing `I$}'.

! Missing $ inserted.
<inserted text> 
                $
l.1698 
       
I've inserted a begin-math/end-math symbol since I think
you left one out. Proceed, with fingers crossed.


! LaTeX Error: There's no line here to end.

See the LaTeX manual or LaTeX Companion for explanation.
Type  H <return>  for immediate help.
 ...                                              
                                                  
l.1698 
       
Your command was ignored.
Type  I <command> <return>  to replace it with another command,
or  <return>  to continue without it.

! Missing $ inserted.
<inserted text> 
                $
l.1698 
       
I've inserted a begin-math/end-math symbol since I think
you left one out. Proceed, with fingers crossed.

! Missing } inserted.
<inserted text> 
                }
l.1698 
       
I've inserted something that you may have forgotten.
(See the <inserted text> above.)
With luck, this will get me unwedged. But if you
really didn't forget anything, try typing `2' now; then
my insertion and my current dilemma will both disappear.

! Extra }, or forgotten \endgroup.
\par ...m \@noitemerr {\@@par }\fi \else {\@@par }
                                                  \fi 
l.1698 
       
I've deleted a group-closing symbol because it seems to be
spurious, as in `$x}$'. But perhaps the } is legitimate and
you forgot something else, as in `\hbox{$x}'. In such cases
the way to recover is to insert both the forgotten and the
deleted material, e.g., by typing `I$}'.

! Missing $ inserted.
<inserted text> 
                $
l.1698 
       
I've inserted a begin-math/end-math symbol since I think
you left one out. Proceed, with fingers crossed.


! LaTeX Error: There's no line here to end.

See the LaTeX manual or LaTeX Companion for explanation.
Type  H <return>  for immediate help.
 ...                                              
                                                  
l.1698 
       
Your command was ignored.
Type  I <command> <return>  to replace it with another command,
or  <return>  to continue without it.

! Missing $ inserted.
<inserted text> 
                $
l.1698 
       
I've inserted a begin-math/end-math symbol since I think
you left one out. Proceed, with fingers crossed.

! Missing } inserted.
<inserted text> 
                }
l.1698 
       
I've inserted something that you may have forgotten.
(See the <inserted text> above.)
With luck, this will get me unwedged. But if you
really didn't forget anything, try typing `2' now; then
my insertion and my current dilemma will both disappear.

! Extra }, or forgotten \endgroup.
\par ...m \@noitemerr {\@@par }\fi \else {\@@par }
                                                  \fi 
l.1698 
       
I've deleted a group-closing symbol because it seems to be
spurious, as in `$x}$'. But perhaps the } is legitimate and
you forgot something else, as in `\hbox{$x}'. In such cases
the way to recover is to insert both the forgotten and the
deleted material, e.g., by typing `I$}'.

[60]
! Missing $ inserted.
<inserted text> 
                $
l.1698 
       
I've inserted a begin-math/end-math symbol since I think
you left one out. Proceed, with fingers crossed.


! LaTeX Error: There's no line here to end.

See the LaTeX manual or LaTeX Companion for explanation.
Type  H <return>  for immediate help.
 ...                                              
                                                  
l.1698 
       
Your command was ignored.
Type  I <command> <return>  to replace it with another command,
or  <return>  to continue without it.

! Missing $ inserted.
<inserted text> 
                $
l.1698 
       
I've inserted a begin-math/end-math symbol since I think
you left one out. Proceed, with fingers crossed.

! Missing } inserted.
<inserted text> 
                }
l.1698 
       
I've inserted something that you may have forgotten.
(See the <inserted text> above.)
With luck, this will get me unwedged. But if you
really didn't forget anything, try typing `2' now; then
my insertion and my current dilemma will both disappear.

! Extra }, or forgotten \endgroup.
\par ...m \@noitemerr {\@@par }\fi \else {\@@par }
                                                  \fi 
l.1698 
       
I've deleted a group-closing symbol because it seems to be
spurious, as in `$x}$'. But perhaps the } is legitimate and
you forgot something else, as in `\hbox{$x}'. In such cases
the way to recover is to insert both the forgotten and the
deleted material, e.g., by typing `I$}'.

Missing character: There is no 策 (U+7B56) in font Arial Italic/OT:language=dflt;mapping=tex-text;!
Missing character: There is no 略 (U+7565) in font Arial Italic/OT:language=dflt;mapping=tex-text;!
Missing character: There is no 、 (U+3001) in font Arial Italic/OT:language=dflt;mapping=tex-text;!
Missing character: There is no 网 (U+7F51) in font Arial Italic/OT:language=dflt;mapping=tex-text;!
Missing character: There is no 络 (U+7EDC) in font Arial Italic/OT:language=dflt;mapping=tex-text;!
Missing character: There is no 和 (U+548C) in font Arial Italic/OT:language=dflt;mapping=tex-text;!
Missing character: There is no 熵 (U+71B5) in font Arial Italic/OT:language=dflt;mapping=tex-text;!
Missing character: There is no 温 (U+6E29) in font Arial Italic/OT:language=dflt;mapping=tex-text;!
Missing character: There is no 度 (U+5EA6) in font Arial Italic/OT:language=dflt;mapping=tex-text;!
Missing character: There is no 学 (U+5B66) in font Arial Italic/OT:language=dflt;mapping=tex-text;!
Missing character: There is no 习 (U+4E60) in font Arial Italic/OT:language=dflt;mapping=tex-text;!
Missing character: There is no 率 (U+7387) in font Arial Italic/OT:language=dflt;mapping=tex-text;!
Missing character: There is no 训 (U+8BAD) in font Arial Italic/OT:language=dflt;mapping=tex-text;!
Missing character: There is no 练 (U+7EC3) in font Arial Italic/OT:language=dflt;mapping=tex-text;!
Missing character: There is no 隐 (U+9690) in font Arial Italic/OT:language=dflt;mapping=tex-text;!
Missing character: There is no 藏 (U+85CF) in font Arial Italic/OT:language=dflt;mapping=tex-text;!
Missing character: There is no 层 (U+5C42) in font Arial Italic/OT:language=dflt;mapping=tex-text;!
Missing character: There is no 宽 (U+5BBD) in font Arial Italic/OT:language=dflt;mapping=tex-text;!
Missing character: There is no 度 (U+5EA6) in font Arial Italic/OT:language=dflt;mapping=tex-text;!
Missing character: There is no 动 (U+52A8) in font Arial Italic/OT:language=dflt;mapping=tex-text;!
Missing character: There is no 作 (U+4F5C) in font Arial Italic/OT:language=dflt;mapping=tex-text;!
! Missing $ inserted.
<inserted text> 
                $
l.1698 
       
I've inserted a begin-math/end-math symbol since I think
you left one out. Proceed, with fingers crossed.


! LaTeX Error: There's no line here to end.

See the LaTeX manual or LaTeX Companion for explanation.
Type  H <return>  for immediate help.
 ...                                              
                                                  
l.1698 
       
Your command was ignored.
Type  I <command> <return>  to replace it with another command,
or  <return>  to continue without it.

! Missing $ inserted.
<inserted text> 
                $
l.1698 
       
I've inserted a begin-math/end-math symbol since I think
you left one out. Proceed, with fingers crossed.

! Missing } inserted.
<inserted text> 
                }
l.1698 
       
I've inserted something that you may have forgotten.
(See the <inserted text> above.)
With luck, this will get me unwedged. But if you
really didn't forget anything, try typing `2' now; then
my insertion and my current dilemma will both disappear.

! Extra }, or forgotten \endgroup.
\par ...m \@noitemerr {\@@par }\fi \else {\@@par }
                                                  \fi 
l.1698 
       
I've deleted a group-closing symbol because it seems to be
spurious, as in `$x}$'. But perhaps the } is legitimate and
you forgot something else, as in `\hbox{$x}'. In such cases
the way to recover is to insert both the forgotten and the
deleted material, e.g., by typing `I$}'.

! Missing $ inserted.
<inserted text> 
                $
l.1698 
       
I've inserted a begin-math/end-math symbol since I think
you left one out. Proceed, with fingers crossed.


! LaTeX Error: There's no line here to end.

See the LaTeX manual or LaTeX Companion for explanation.
Type  H <return>  for immediate help.
 ...                                              
                                                  
l.1698 
       
Your command was ignored.
Type  I <command> <return>  to replace it with another command,
or  <return>  to continue without it.

! Missing $ inserted.
<inserted text> 
                $
l.1698 
       
I've inserted a begin-math/end-math symbol since I think
you left one out. Proceed, with fingers crossed.

! Missing } inserted.
<inserted text> 
                }
l.1698 
       
I've inserted something that you may have forgotten.
(See the <inserted text> above.)
With luck, this will get me unwedged. But if you
really didn't forget anything, try typing `2' now; then
my insertion and my current dilemma will both disappear.

! Extra }, or forgotten \endgroup.
\par ...m \@noitemerr {\@@par }\fi \else {\@@par }
                                                  \fi 
l.1698 
       
I've deleted a group-closing symbol because it seems to be
spurious, as in `$x}$'. But perhaps the } is legitimate and
you forgot something else, as in `\hbox{$x}'. In such cases
the way to recover is to insert both the forgotten and the
deleted material, e.g., by typing `I$}'.

Missing character: There is no 学 (U+5B66) in font Arial Italic/OT:language=dflt;mapping=tex-text;!
Missing character: There is no 习 (U+4E60) in font Arial Italic/OT:language=dflt;mapping=tex-text;!
Missing character: There is no 注 (U+6CE8) in font Arial Italic/OT:language=dflt;mapping=tex-text;!
Missing character: There is no 意 (U+610F) in font Arial Italic/OT:language=dflt;mapping=tex-text;!
Missing character: There is no 力 (U+529B) in font Arial Italic/OT:language=dflt;mapping=tex-text;!
Missing character: There is no 范 (U+8303) in font Arial Italic/OT:language=dflt;mapping=tex-text;!
Missing character: There is no 围 (U+56F4) in font Arial Italic/OT:language=dflt;mapping=tex-text;!
Missing character: There is no 单 (U+5355) in font Arial Italic/OT:language=dflt;mapping=tex-text;!
Missing character: There is no 评 (U+8BC4) in font Arial Italic/OT:language=dflt;mapping=tex-text;!
Missing character: There is no 价 (U+4EF7) in font Arial Italic/OT:language=dflt;mapping=tex-text;!
! Missing $ inserted.
<inserted text> 
                $
l.1698 
       
I've inserted a begin-math/end-math symbol since I think
you left one out. Proceed, with fingers crossed.


! LaTeX Error: There's no line here to end.

See the LaTeX manual or LaTeX Companion for explanation.
Type  H <return>  for immediate help.
 ...                                              
                                                  
l.1698 
       
Your command was ignored.
Type  I <command> <return>  to replace it with another command,
or  <return>  to continue without it.

! Missing $ inserted.
<inserted text> 
                $
l.1698 
       
I've inserted a begin-math/end-math symbol since I think
you left one out. Proceed, with fingers crossed.

! Missing } inserted.
<inserted text> 
                }
l.1698 
       
I've inserted something that you may have forgotten.
(See the <inserted text> above.)
With luck, this will get me unwedged. But if you
really didn't forget anything, try typing `2' now; then
my insertion and my current dilemma will both disappear.

! Extra }, or forgotten \endgroup.
\par ...m \@noitemerr {\@@par }\fi \else {\@@par }
                                                  \fi 
l.1698 
       
I've deleted a group-closing symbol because it seems to be
spurious, as in `$x}$'. But perhaps the } is legitimate and
you forgot something else, as in `\hbox{$x}'. In such cases
the way to recover is to insert both the forgotten and the
deleted material, e.g., by typing `I$}'.

Missing character: There is no 重 (U+91CD) in font Arial Italic/OT:language=dflt;mapping=tex-text;!
Missing character: There is no 复 (U+590D) in font Arial Italic/OT:language=dflt;mapping=tex-text;!
Missing character: There is no 对 (U+5BF9) in font Arial Italic/OT:language=dflt;mapping=tex-text;!
Missing character: There is no 比 (U+6BD4) in font Arial Italic/OT:language=dflt;mapping=tex-text;!
Missing character: There is no 次 (U+6B21) in font Arial Italic/OT:language=dflt;mapping=tex-text;!
Missing character: There is no 数 (U+6570) in font Arial Italic/OT:language=dflt;mapping=tex-text;!
Missing character: There is no 基 (U+57FA) in font Arial Italic/OT:language=dflt;mapping=tex-text;!
Missing character: There is no 线 (U+7EBF) in font Arial Italic/OT:language=dflt;mapping=tex-text;!
! Missing $ inserted.
<inserted text> 
                $
l.1698 
       
I've inserted a begin-math/end-math symbol since I think
you left one out. Proceed, with fingers crossed.


! LaTeX Error: There's no line here to end.

See the LaTeX manual or LaTeX Companion for explanation.
Type  H <return>  for immediate help.
 ...                                              
                                                  
l.1698 
       
Your command was ignored.
Type  I <command> <return>  to replace it with another command,
or  <return>  to continue without it.

! Missing $ inserted.
<inserted text> 
                $
l.1698 
       
I've inserted a begin-math/end-math symbol since I think
you left one out. Proceed, with fingers crossed.

! Missing } inserted.
<inserted text> 
                }
l.1698 
       
I've inserted something that you may have forgotten.
(See the <inserted text> above.)
With luck, this will get me unwedged. But if you
really didn't forget anything, try typing `2' now; then
my insertion and my current dilemma will both disappear.

! Extra }, or forgotten \endgroup.
\par ...m \@noitemerr {\@@par }\fi \else {\@@par }
                                                  \fi 
l.1698 
       
I've deleted a group-closing symbol because it seems to be
spurious, as in `$x}$'. But perhaps the } is legitimate and
you forgot something else, as in `\hbox{$x}'. In such cases
the way to recover is to insert both the forgotten and the
deleted material, e.g., by typing `I$}'.

! Missing $ inserted.
<inserted text> 
                $
l.1698 
       
I've inserted a begin-math/end-math symbol since I think
you left one out. Proceed, with fingers crossed.


! LaTeX Error: There's no line here to end.

See the LaTeX manual or LaTeX Companion for explanation.
Type  H <return>  for immediate help.
 ...                                              
                                                  
l.1698 
       
Your command was ignored.
Type  I <command> <return>  to replace it with another command,
or  <return>  to continue without it.

! Missing $ inserted.
<inserted text> 
                $
l.1698 
       
I've inserted a begin-math/end-math symbol since I think
you left one out. Proceed, with fingers crossed.

! Missing } inserted.
<inserted text> 
                }
l.1698 
       
I've inserted something that you may have forgotten.
(See the <inserted text> above.)
With luck, this will get me unwedged. But if you
really didn't forget anything, try typing `2' now; then
my insertion and my current dilemma will both disappear.

! Extra }, or forgotten \endgroup.
\par ...m \@noitemerr {\@@par }\fi \else {\@@par }
                                                  \fi 
l.1698 
       
I've deleted a group-closing symbol because it seems to be
spurious, as in `$x}$'. But perhaps the } is legitimate and
you forgot something else, as in `\hbox{$x}'. In such cases
the way to recover is to insert both the forgotten and the
deleted material, e.g., by typing `I$}'.

Missing character: There is no 手 (U+624B) in font Arial Italic/OT:language=dflt;mapping=tex-text;!
Missing character: There is no 工 (U+5DE5) in font Arial Italic/OT:language=dflt;mapping=tex-text;!
Missing character: There is no 注 (U+6CE8) in font Arial Italic/OT:language=dflt;mapping=tex-text;!
Missing character: There is no 意 (U+610F) in font Arial Italic/OT:language=dflt;mapping=tex-text;!
Missing character: There is no 力 (U+529B) in font Arial Italic/OT:language=dflt;mapping=tex-text;!
Missing character: There is no 参 (U+53C2) in font Arial Italic/OT:language=dflt;mapping=tex-text;!
Missing character: There is no 数 (U+6570) in font Arial Italic/OT:language=dflt;mapping=tex-text;!
Missing character: There is no 基 (U+57FA) in font Arial Italic/OT:language=dflt;mapping=tex-text;!
Missing character: There is no 线 (U+7EBF) in font Arial Italic/OT:language=dflt;mapping=tex-text;!
! Missing $ inserted.
<inserted text> 
                $
l.1698 
       
I've inserted a begin-math/end-math symbol since I think
you left one out. Proceed, with fingers crossed.


! LaTeX Error: There's no line here to end.

See the LaTeX manual or LaTeX Companion for explanation.
Type  H <return>  for immediate help.
 ...                                              
                                                  
l.1698 
       
Your command was ignored.
Type  I <command> <return>  to replace it with another command,
or  <return>  to continue without it.

! Missing $ inserted.
<inserted text> 
                $
l.1698 
       
I've inserted a begin-math/end-math symbol since I think
you left one out. Proceed, with fingers crossed.

! Missing } inserted.
<inserted text> 
                }
l.1698 
       
I've inserted something that you may have forgotten.
(See the <inserted text> above.)
With luck, this will get me unwedged. But if you
really didn't forget anything, try typing `2' now; then
my insertion and my current dilemma will both disappear.

! Extra }, or forgotten \endgroup.
\par ...m \@noitemerr {\@@par }\fi \else {\@@par }
                                                  \fi 
l.1698 
       
I've deleted a group-closing symbol because it seems to be
spurious, as in `$x}$'. But perhaps the } is legitimate and
you forgot something else, as in `\hbox{$x}'. In such cases
the way to recover is to insert both the forgotten and the
deleted material, e.g., by typing `I$}'.

! Missing $ inserted.
<inserted text> 
                $
l.1698 
       
I've inserted a begin-math/end-math symbol since I think
you left one out. Proceed, with fingers crossed.


! LaTeX Error: There's no line here to end.

See the LaTeX manual or LaTeX Companion for explanation.
Type  H <return>  for immediate help.
 ...                                              
                                                  
l.1698 
       
Your command was ignored.
Type  I <command> <return>  to replace it with another command,
or  <return>  to continue without it.

! Missing $ inserted.
<inserted text> 
                $
l.1698 
       
I've inserted a begin-math/end-math symbol since I think
you left one out. Proceed, with fingers crossed.

! Missing } inserted.
<inserted text> 
                }
l.1698 
       
I've inserted something that you may have forgotten.
(See the <inserted text> above.)
With luck, this will get me unwedged. But if you
really didn't forget anything, try typing `2' now; then
my insertion and my current dilemma will both disappear.

! Extra }, or forgotten \endgroup.
\par ...m \@noitemerr {\@@par }\fi \else {\@@par }
                                                  \fi 
l.1698 
       
I've deleted a group-closing symbol because it seems to be
spurious, as in `$x}$'. But perhaps the } is legitimate and
you forgot something else, as in `\hbox{$x}'. In such cases
the way to recover is to insert both the forgotten and the
deleted material, e.g., by typing `I$}'.

Missing character: There is no 单 (U+5355) in font Arial Italic/OT:language=dflt;mapping=tex-text;!
Missing character: There is no 位 (U+4F4D) in font Arial Italic/OT:language=dflt;mapping=tex-text;!
Missing character: There is no 置 (U+7F6E) in font Arial Italic/OT:language=dflt;mapping=tex-text;!
Missing character: There is no 与 (U+4E0E) in font Arial Italic/OT:language=dflt;mapping=tex-text;!
Missing character: There is no 速 (U+901F) in font Arial Italic/OT:language=dflt;mapping=tex-text;!
Missing character: There is no 度 (U+5EA6) in font Arial Italic/OT:language=dflt;mapping=tex-text;!
Missing character: There is no 尺 (U+5C3A) in font Arial Italic/OT:language=dflt;mapping=tex-text;!
Missing character: There is no 度 (U+5EA6) in font Arial Italic/OT:language=dflt;mapping=tex-text;!
Missing character: There is no 多 (U+591A) in font Arial Italic/OT:language=dflt;mapping=tex-text;!
Missing character: There is no 车 (U+8F66) in font Arial Italic/OT:language=dflt;mapping=tex-text;!
Missing character: There is no 队 (U+961F) in font Arial Italic/OT:language=dflt;mapping=tex-text;!
Missing character: There is no 目 (U+76EE) in font Arial Italic/OT:language=dflt;mapping=tex-text;!
Missing character: There is no 标 (U+6807) in font Arial Italic/OT:language=dflt;mapping=tex-text;!
Missing character: There is no 车 (U+8F66) in font Arial Italic/OT:language=dflt;mapping=tex-text;!
Missing character: There is no 数 (U+6570) in font Arial Italic/OT:language=dflt;mapping=tex-text;!
Missing character: There is no 量 (U+91CF) in font Arial Italic/OT:language=dflt;mapping=tex-text;!
Missing character: There is no 多 (U+591A) in font Arial Italic/OT:language=dflt;mapping=tex-text;!
Missing character: There is no 车 (U+8F66) in font Arial Italic/OT:language=dflt;mapping=tex-text;!
Missing character: There is no 队 (U+961F) in font Arial Italic/OT:language=dflt;mapping=tex-text;!
! Missing $ inserted.
<inserted text> 
                $
l.1698 
       
I've inserted a begin-math/end-math symbol since I think
you left one out. Proceed, with fingers crossed.


! LaTeX Error: There's no line here to end.

See the LaTeX manual or LaTeX Companion for explanation.
Type  H <return>  for immediate help.
 ...                                              
                                                  
l.1698 
       
Your command was ignored.
Type  I <command> <return>  to replace it with another command,
or  <return>  to continue without it.

! Missing $ inserted.
<inserted text> 
                $
l.1698 
       
I've inserted a begin-math/end-math symbol since I think
you left one out. Proceed, with fingers crossed.

! Missing } inserted.
<inserted text> 
                }
l.1698 
       
I've inserted something that you may have forgotten.
(See the <inserted text> above.)
With luck, this will get me unwedged. But if you
really didn't forget anything, try typing `2' now; then
my insertion and my current dilemma will both disappear.

! Extra }, or forgotten \endgroup.
\par ...m \@noitemerr {\@@par }\fi \else {\@@par }
                                                  \fi 
l.1698 
       
I've deleted a group-closing symbol because it seems to be
spurious, as in `$x}$'. But perhaps the } is legitimate and
you forgot something else, as in `\hbox{$x}'. In such cases
the way to recover is to insert both the forgotten and the
deleted material, e.g., by typing `I$}'.

[61]
Missing character: There is no 物 (U+7269) in font Arial Italic/OT:language=dflt;mapping=tex-text;!
Missing character: There is no 理 (U+7406) in font Arial Italic/OT:language=dflt;mapping=tex-text;!
Missing character: There is no 数 (U+6570) in font Arial Italic/OT:language=dflt;mapping=tex-text;!
Missing character: There is no 量 (U+91CF) in font Arial Italic/OT:language=dflt;mapping=tex-text;!
Missing character: There is no 多 (U+591A) in font Arial Italic/OT:language=dflt;mapping=tex-text;!
Missing character: There is no 初 (U+521D) in font Arial Italic/OT:language=dflt;mapping=tex-text;!
Missing character: There is no 始 (U+59CB) in font Arial Italic/OT:language=dflt;mapping=tex-text;!
Missing character: There is no 状 (U+72B6) in font Arial Italic/OT:language=dflt;mapping=tex-text;!
Missing character: There is no 态 (U+6001) in font Arial Italic/OT:language=dflt;mapping=tex-text;!
! Missing $ inserted.
<inserted text> 
                $
l.1698 
       
I've inserted a begin-math/end-math symbol since I think
you left one out. Proceed, with fingers crossed.


! LaTeX Error: There's no line here to end.

See the LaTeX manual or LaTeX Companion for explanation.
Type  H <return>  for immediate help.
 ...                                              
                                                  
l.1698 
       
Your command was ignored.
Type  I <command> <return>  to replace it with another command,
or  <return>  to continue without it.

! Missing $ inserted.
<inserted text> 
                $
l.1698 
       
I've inserted a begin-math/end-math symbol since I think
you left one out. Proceed, with fingers crossed.

! Missing } inserted.
<inserted text> 
                }
l.1698 
       
I've inserted something that you may have forgotten.
(See the <inserted text> above.)
With luck, this will get me unwedged. But if you
really didn't forget anything, try typing `2' now; then
my insertion and my current dilemma will both disappear.

! Extra }, or forgotten \endgroup.
\par ...m \@noitemerr {\@@par }\fi \else {\@@par }
                                                  \fi 
l.1698 
       
I've deleted a group-closing symbol because it seems to be
spurious, as in `$x}$'. But perhaps the } is legitimate and
you forgot something else, as in `\hbox{$x}'. In such cases
the way to recover is to insert both the forgotten and the
deleted material, e.g., by typing `I$}'.

Missing character: There is no 目 (U+76EE) in font Arial Italic/OT:language=dflt;mapping=tex-text;!
Missing character: There is no 标 (U+6807) in font Arial Italic/OT:language=dflt;mapping=tex-text;!
Missing character: There is no 车 (U+8F66) in font Arial Italic/OT:language=dflt;mapping=tex-text;!
Missing character: There is no 初 (U+521D) in font Arial Italic/OT:language=dflt;mapping=tex-text;!
Missing character: There is no 始 (U+59CB) in font Arial Italic/OT:language=dflt;mapping=tex-text;!
Missing character: There is no 位 (U+4F4D) in font Arial Italic/OT:language=dflt;mapping=tex-text;!
Missing character: There is no 置 (U+7F6E) in font Arial Italic/OT:language=dflt;mapping=tex-text;!
Missing character: There is no 多 (U+591A) in font Arial Italic/OT:language=dflt;mapping=tex-text;!
Missing character: There is no 初 (U+521D) in font Arial Italic/OT:language=dflt;mapping=tex-text;!
Missing character: There is no 始 (U+59CB) in font Arial Italic/OT:language=dflt;mapping=tex-text;!
Missing character: There is no 状 (U+72B6) in font Arial Italic/OT:language=dflt;mapping=tex-text;!
Missing character: There is no 态 (U+6001) in font Arial Italic/OT:language=dflt;mapping=tex-text;!
! Missing $ inserted.
<inserted text> 
                $
l.1698 
       
I've inserted a begin-math/end-math symbol since I think
you left one out. Proceed, with fingers crossed.


! LaTeX Error: There's no line here to end.

See the LaTeX manual or LaTeX Companion for explanation.
Type  H <return>  for immediate help.
 ...                                              
                                                  
l.1698 
       
Your command was ignored.
Type  I <command> <return>  to replace it with another command,
or  <return>  to continue without it.

! Missing $ inserted.
<inserted text> 
                $
l.1698 
       
I've inserted a begin-math/end-math symbol since I think
you left one out. Proceed, with fingers crossed.

! Missing } inserted.
<inserted text> 
                }
l.1698 
       
I've inserted something that you may have forgotten.
(See the <inserted text> above.)
With luck, this will get me unwedged. But if you
really didn't forget anything, try typing `2' now; then
my insertion and my current dilemma will both disappear.

! Extra }, or forgotten \endgroup.
\par ...m \@noitemerr {\@@par }\fi \else {\@@par }
                                                  \fi 
l.1698 
       
I've deleted a group-closing symbol because it seems to be
spurious, as in `$x}$'. But perhaps the } is legitimate and
you forgot something else, as in `\hbox{$x}'. In such cases
the way to recover is to insert both the forgotten and the
deleted material, e.g., by typing `I$}'.

Missing character: There is no 随 (U+968F) in font Arial Italic/OT:language=dflt;mapping=tex-text;!
Missing character: There is no 机 (U+673A) in font Arial Italic/OT:language=dflt;mapping=tex-text;!
Missing character: There is no 初 (U+521D) in font Arial Italic/OT:language=dflt;mapping=tex-text;!
Missing character: There is no 始 (U+59CB) in font Arial Italic/OT:language=dflt;mapping=tex-text;!
Missing character: There is no 纵 (U+7EB5) in font Arial Italic/OT:language=dflt;mapping=tex-text;!
Missing character: There is no 向 (U+5411) in font Arial Italic/OT:language=dflt;mapping=tex-text;!
Missing character: There is no 位 (U+4F4D) in font Arial Italic/OT:language=dflt;mapping=tex-text;!
Missing character: There is no 置 (U+7F6E) in font Arial Italic/OT:language=dflt;mapping=tex-text;!
Missing character: There is no 多 (U+591A) in font Arial Italic/OT:language=dflt;mapping=tex-text;!
Missing character: There is no 调 (U+8C03) in font Arial Italic/OT:language=dflt;mapping=tex-text;!
Missing character: There is no 度 (U+5EA6) in font Arial Italic/OT:language=dflt;mapping=tex-text;!
! Missing $ inserted.
<inserted text> 
                $
l.1698 
       
I've inserted a begin-math/end-math symbol since I think
you left one out. Proceed, with fingers crossed.


! LaTeX Error: There's no line here to end.

See the LaTeX manual or LaTeX Companion for explanation.
Type  H <return>  for immediate help.
 ...                                              
                                                  
l.1698 
       
Your command was ignored.
Type  I <command> <return>  to replace it with another command,
or  <return>  to continue without it.

! Missing $ inserted.
<inserted text> 
                $
l.1698 
       
I've inserted a begin-math/end-math symbol since I think
you left one out. Proceed, with fingers crossed.

! Missing } inserted.
<inserted text> 
                }
l.1698 
       
I've inserted something that you may have forgotten.
(See the <inserted text> above.)
With luck, this will get me unwedged. But if you
really didn't forget anything, try typing `2' now; then
my insertion and my current dilemma will both disappear.

! Extra }, or forgotten \endgroup.
\par ...m \@noitemerr {\@@par }\fi \else {\@@par }
                                                  \fi 
l.1698 
       
I've deleted a group-closing symbol because it seems to be
spurious, as in `$x}$'. But perhaps the } is legitimate and
you forgot something else, as in `\hbox{$x}'. In such cases
the way to recover is to insert both the forgotten and the
deleted material, e.g., by typing `I$}'.

Missing character: There is no 基 (U+57FA) in font Arial Italic/OT:language=dflt;mapping=tex-text;!
Missing character: There is no 础 (U+7840) in font Arial Italic/OT:language=dflt;mapping=tex-text;!
Missing character: There is no 期 (U+671F) in font Arial Italic/OT:language=dflt;mapping=tex-text;!
Missing character: There is no 望 (U+671B) in font Arial Italic/OT:language=dflt;mapping=tex-text;!
Missing character: There is no 多 (U+591A) in font Arial Italic/OT:language=dflt;mapping=tex-text;!
Missing character: There is no 调 (U+8C03) in font Arial Italic/OT:language=dflt;mapping=tex-text;!
Missing character: There is no 度 (U+5EA6) in font Arial Italic/OT:language=dflt;mapping=tex-text;!
! Missing $ inserted.
<inserted text> 
                $
l.1698 
       
I've inserted a begin-math/end-math symbol since I think
you left one out. Proceed, with fingers crossed.


! LaTeX Error: There's no line here to end.

See the LaTeX manual or LaTeX Companion for explanation.
Type  H <return>  for immediate help.
 ...                                              
                                                  
l.1698 
       
Your command was ignored.
Type  I <command> <return>  to replace it with another command,
or  <return>  to continue without it.

! Missing $ inserted.
<inserted text> 
                $
l.1698 
       
I've inserted a begin-math/end-math symbol since I think
you left one out. Proceed, with fingers crossed.

! Missing } inserted.
<inserted text> 
                }
l.1698 
       
I've inserted something that you may have forgotten.
(See the <inserted text> above.)
With luck, this will get me unwedged. But if you
really didn't forget anything, try typing `2' now; then
my insertion and my current dilemma will both disappear.

! Extra }, or forgotten \endgroup.
\par ...m \@noitemerr {\@@par }\fi \else {\@@par }
                                                  \fi 
l.1698 
       
I've deleted a group-closing symbol because it seems to be
spurious, as in `$x}$'. But perhaps the } is legitimate and
you forgot something else, as in `\hbox{$x}'. In such cases
the way to recover is to insert both the forgotten and the
deleted material, e.g., by typing `I$}'.

Missing character: There is no 调 (U+8C03) in font Arial Italic/OT:language=dflt;mapping=tex-text;!
Missing character: There is no 整 (U+6574) in font Arial Italic/OT:language=dflt;mapping=tex-text;!
Missing character: There is no 周 (U+5468) in font Arial Italic/OT:language=dflt;mapping=tex-text;!
Missing character: There is no 期 (U+671F) in font Arial Italic/OT:language=dflt;mapping=tex-text;!
Missing character: There is no 多 (U+591A) in font Arial Italic/OT:language=dflt;mapping=tex-text;!
Missing character: There is no 调 (U+8C03) in font Arial Italic/OT:language=dflt;mapping=tex-text;!
Missing character: There is no 度 (U+5EA6) in font Arial Italic/OT:language=dflt;mapping=tex-text;!
Missing character: There is no 期 (U+671F) in font Arial Italic/OT:language=dflt;mapping=tex-text;!
Missing character: There is no 望 (U+671B) in font Arial Italic/OT:language=dflt;mapping=tex-text;!
Missing character: There is no 倍 (U+500D) in font Arial Italic/OT:language=dflt;mapping=tex-text;!
Missing character: There is no 率 (U+7387) in font Arial Italic/OT:language=dflt;mapping=tex-text;!
Missing character: There is no 集 (U+96C6) in font Arial Italic/OT:language=dflt;mapping=tex-text;!
Missing character: There is no 合 (U+5408) in font Arial Italic/OT:language=dflt;mapping=tex-text;!
Missing character: There is no 多 (U+591A) in font Arial Italic/OT:language=dflt;mapping=tex-text;!
Missing character: There is no 调 (U+8C03) in font Arial Italic/OT:language=dflt;mapping=tex-text;!
Missing character: There is no 度 (U+5EA6) in font Arial Italic/OT:language=dflt;mapping=tex-text;!
! Missing $ inserted.
<inserted text> 
                $
l.1698 
       
I've inserted a begin-math/end-math symbol since I think
you left one out. Proceed, with fingers crossed.


! LaTeX Error: There's no line here to end.

See the LaTeX manual or LaTeX Companion for explanation.
Type  H <return>  for immediate help.
 ...                                              
                                                  
l.1698 
       
Your command was ignored.
Type  I <command> <return>  to replace it with another command,
or  <return>  to continue without it.

! Missing $ inserted.
<inserted text> 
                $
l.1698 
       
I've inserted a begin-math/end-math symbol since I think
you left one out. Proceed, with fingers crossed.

! Missing } inserted.
<inserted text> 
                }
l.1698 
       
I've inserted something that you may have forgotten.
(See the <inserted text> above.)
With luck, this will get me unwedged. But if you
really didn't forget anything, try typing `2' now; then
my insertion and my current dilemma will both disappear.

! Extra }, or forgotten \endgroup.
\par ...m \@noitemerr {\@@par }\fi \else {\@@par }
                                                  \fi 
l.1698 
       
I've deleted a group-closing symbol because it seems to be
spurious, as in `$x}$'. But perhaps the } is legitimate and
you forgot something else, as in `\hbox{$x}'. In such cases
the way to recover is to insert both the forgotten and the
deleted material, e.g., by typing `I$}'.

[62]
Missing character: There is no 每 (U+6BCF) in font Arial Italic/OT:language=dflt;mapping=tex-text;!
Missing character: There is no 周 (U+5468) in font Arial Italic/OT:language=dflt;mapping=tex-text;!
Missing character: There is no 期 (U+671F) in font Arial Italic/OT:language=dflt;mapping=tex-text;!
Missing character: There is no 最 (U+6700) in font Arial Italic/OT:language=dflt;mapping=tex-text;!
Missing character: There is no 多 (U+591A) in font Arial Italic/OT:language=dflt;mapping=tex-text;!
Missing character: There is no 调 (U+8C03) in font Arial Italic/OT:language=dflt;mapping=tex-text;!
Missing character: There is no 整 (U+6574) in font Arial Italic/OT:language=dflt;mapping=tex-text;!
Missing character: There is no 数 (U+6570) in font Arial Italic/OT:language=dflt;mapping=tex-text;!
Missing character: There is no 多 (U+591A) in font Arial Italic/OT:language=dflt;mapping=tex-text;!
Missing character: There is no 跟 (U+8DDF) in font Arial Italic/OT:language=dflt;mapping=tex-text;!
Missing character: There is no 驰 (U+9A70) in font Arial Italic/OT:language=dflt;mapping=tex-text;!
! Missing $ inserted.
<inserted text> 
                $
l.1698 
       
I've inserted a begin-math/end-math symbol since I think
you left one out. Proceed, with fingers crossed.


! LaTeX Error: There's no line here to end.

See the LaTeX manual or LaTeX Companion for explanation.
Type  H <return>  for immediate help.
 ...                                              
                                                  
l.1698 
       
Your command was ignored.
Type  I <command> <return>  to replace it with another command,
or  <return>  to continue without it.

! Missing $ inserted.
<inserted text> 
                $
l.1698 
       
I've inserted a begin-math/end-math symbol since I think
you left one out. Proceed, with fingers crossed.

! Missing } inserted.
<inserted text> 
                }
l.1698 
       
I've inserted something that you may have forgotten.
(See the <inserted text> above.)
With luck, this will get me unwedged. But if you
really didn't forget anything, try typing `2' now; then
my insertion and my current dilemma will both disappear.

! Extra }, or forgotten \endgroup.
\par ...m \@noitemerr {\@@par }\fi \else {\@@par }
                                                  \fi 
l.1698 
       
I've deleted a group-closing symbol because it seems to be
spurious, as in `$x}$'. But perhaps the } is legitimate and
you forgot something else, as in `\hbox{$x}'. In such cases
the way to recover is to insert both the forgotten and the
deleted material, e.g., by typing `I$}'.

Missing character: There is no 跟 (U+8DDF) in font Arial Italic/OT:language=dflt;mapping=tex-text;!
Missing character: There is no 踪 (U+8E2A) in font Arial Italic/OT:language=dflt;mapping=tex-text;!
Missing character: There is no 增 (U+589E) in font Arial Italic/OT:language=dflt;mapping=tex-text;!
Missing character: There is no 益 (U+76CA) in font Arial Italic/OT:language=dflt;mapping=tex-text;!
Missing character: There is no 多 (U+591A) in font Arial Italic/OT:language=dflt;mapping=tex-text;!
Missing character: There is no 跟 (U+8DDF) in font Arial Italic/OT:language=dflt;mapping=tex-text;!
Missing character: There is no 驰 (U+9A70) in font Arial Italic/OT:language=dflt;mapping=tex-text;!
! Missing $ inserted.
<inserted text> 
                $
l.1698 
       
I've inserted a begin-math/end-math symbol since I think
you left one out. Proceed, with fingers crossed.


! LaTeX Error: There's no line here to end.

See the LaTeX manual or LaTeX Companion for explanation.
Type  H <return>  for immediate help.
 ...                                              
                                                  
l.1698 
       
Your command was ignored.
Type  I <command> <return>  to replace it with another command,
or  <return>  to continue without it.

! Missing $ inserted.
<inserted text> 
                $
l.1698 
       
I've inserted a begin-math/end-math symbol since I think
you left one out. Proceed, with fingers crossed.

! Missing } inserted.
<inserted text> 
                }
l.1698 
       
I've inserted something that you may have forgotten.
(See the <inserted text> above.)
With luck, this will get me unwedged. But if you
really didn't forget anything, try typing `2' now; then
my insertion and my current dilemma will both disappear.

! Extra }, or forgotten \endgroup.
\par ...m \@noitemerr {\@@par }\fi \else {\@@par }
                                                  \fi 
l.1698 
       
I've deleted a group-closing symbol because it seems to be
spurious, as in `$x}$'. But perhaps the } is legitimate and
you forgot something else, as in `\hbox{$x}'. In such cases
the way to recover is to insert both the forgotten and the
deleted material, e.g., by typing `I$}'.

! Missing $ inserted.
<inserted text> 
                $
l.1698 
       
I've inserted a begin-math/end-math symbol since I think
you left one out. Proceed, with fingers crossed.


! LaTeX Error: There's no line here to end.

See the LaTeX manual or LaTeX Companion for explanation.
Type  H <return>  for immediate help.
 ...                                              
                                                  
l.1698 
       
Your command was ignored.
Type  I <command> <return>  to replace it with another command,
or  <return>  to continue without it.

! Missing $ inserted.
<inserted text> 
                $
l.1698 
       
I've inserted a begin-math/end-math symbol since I think
you left one out. Proceed, with fingers crossed.

! Missing } inserted.
<inserted text> 
                }
l.1698 
       
I've inserted something that you may have forgotten.
(See the <inserted text> above.)
With luck, this will get me unwedged. But if you
really didn't forget anything, try typing `2' now; then
my insertion and my current dilemma will both disappear.

! Extra }, or forgotten \endgroup.
\par ...m \@noitemerr {\@@par }\fi \else {\@@par }
                                                  \fi 
l.1698 
       
I've deleted a group-closing symbol because it seems to be
spurious, as in `$x}$'. But perhaps the } is legitimate and
you forgot something else, as in `\hbox{$x}'. In such cases
the way to recover is to insert both the forgotten and the
deleted material, e.g., by typing `I$}'.

! Missing $ inserted.
<inserted text> 
                $
l.1698 
       
I've inserted a begin-math/end-math symbol since I think
you left one out. Proceed, with fingers crossed.


! LaTeX Error: There's no line here to end.

See the LaTeX manual or LaTeX Companion for explanation.
Type  H <return>  for immediate help.
 ...                                              
                                                  
l.1698 
       
Your command was ignored.
Type  I <command> <return>  to replace it with another command,
or  <return>  to continue without it.

! Missing $ inserted.
<inserted text> 
                $
l.1698 
       
I've inserted a begin-math/end-math symbol since I think
you left one out. Proceed, with fingers crossed.

! Missing } inserted.
<inserted text> 
                }
l.1698 
       
I've inserted something that you may have forgotten.
(See the <inserted text> above.)
With luck, this will get me unwedged. But if you
really didn't forget anything, try typing `2' now; then
my insertion and my current dilemma will both disappear.

! Extra }, or forgotten \endgroup.
\par ...m \@noitemerr {\@@par }\fi \else {\@@par }
                                                  \fi 
l.1698 
       
I've deleted a group-closing symbol because it seems to be
spurious, as in `$x}$'. But perhaps the } is legitimate and
you forgot something else, as in `\hbox{$x}'. In such cases
the way to recover is to insert both the forgotten and the
deleted material, e.g., by typing `I$}'.

Missing character: There is no 目 (U+76EE) in font Arial Italic/OT:language=dflt;mapping=tex-text;!
Missing character: There is no 标 (U+6807) in font Arial Italic/OT:language=dflt;mapping=tex-text;!
Missing character: There is no 车 (U+8F66) in font Arial Italic/OT:language=dflt;mapping=tex-text;!
Missing character: There is no 加 (U+52A0) in font Arial Italic/OT:language=dflt;mapping=tex-text;!
Missing character: There is no 速 (U+901F) in font Arial Italic/OT:language=dflt;mapping=tex-text;!
Missing character: There is no 度 (U+5EA6) in font Arial Italic/OT:language=dflt;mapping=tex-text;!
Missing character: There is no 裁 (U+88C1) in font Arial Italic/OT:language=dflt;mapping=tex-text;!
Missing character: There is no 剪 (U+526A) in font Arial Italic/OT:language=dflt;mapping=tex-text;!
Missing character: There is no 高 (U+9AD8) in font Arial Italic/OT:language=dflt;mapping=tex-text;!
Missing character: There is no 层 (U+5C42) in font Arial Italic/OT:language=dflt;mapping=tex-text;!
Missing character: There is no 意 (U+610F) in font Arial Italic/OT:language=dflt;mapping=tex-text;!
Missing character: There is no 见 (U+89C1) in font Arial Italic/OT:language=dflt;mapping=tex-text;!
! Missing $ inserted.
<inserted text> 
                $
l.1698 
       
I've inserted a begin-math/end-math symbol since I think
you left one out. Proceed, with fingers crossed.


! LaTeX Error: There's no line here to end.

See the LaTeX manual or LaTeX Companion for explanation.
Type  H <return>  for immediate help.
 ...                                              
                                                  
l.1698 
       
Your command was ignored.
Type  I <command> <return>  to replace it with another command,
or  <return>  to continue without it.

! Missing $ inserted.
<inserted text> 
                $
l.1698 
       
I've inserted a begin-math/end-math symbol since I think
you left one out. Proceed, with fingers crossed.

! Missing } inserted.
<inserted text> 
                }
l.1698 
       
I've inserted something that you may have forgotten.
(See the <inserted text> above.)
With luck, this will get me unwedged. But if you
really didn't forget anything, try typing `2' now; then
my insertion and my current dilemma will both disappear.

! Extra }, or forgotten \endgroup.
\par ...m \@noitemerr {\@@par }\fi \else {\@@par }
                                                  \fi 
l.1698 
       
I've deleted a group-closing symbol because it seems to be
spurious, as in `$x}$'. But perhaps the } is legitimate and
you forgot something else, as in `\hbox{$x}'. In such cases
the way to recover is to insert both the forgotten and the
deleted material, e.g., by typing `I$}'.

! Missing $ inserted.
<inserted text> 
                $
l.1698 
       
I've inserted a begin-math/end-math symbol since I think
you left one out. Proceed, with fingers crossed.


! LaTeX Error: There's no line here to end.

See the LaTeX manual or LaTeX Companion for explanation.
Type  H <return>  for immediate help.
 ...                                              
                                                  
l.1698 
       
Your command was ignored.
Type  I <command> <return>  to replace it with another command,
or  <return>  to continue without it.

! Missing $ inserted.
<inserted text> 
                $
l.1698 
       
I've inserted a begin-math/end-math symbol since I think
you left one out. Proceed, with fingers crossed.

! Missing } inserted.
<inserted text> 
                }
l.1698 
       
I've inserted something that you may have forgotten.
(See the <inserted text> above.)
With luck, this will get me unwedged. But if you
really didn't forget anything, try typing `2' now; then
my insertion and my current dilemma will both disappear.

! Extra }, or forgotten \endgroup.
\par ...m \@noitemerr {\@@par }\fi \else {\@@par }
                                                  \fi 
l.1698 
       
I've deleted a group-closing symbol because it seems to be
spurious, as in `$x}$'. But perhaps the } is legitimate and
you forgot something else, as in `\hbox{$x}'. In such cases
the way to recover is to insert both the forgotten and the
deleted material, e.g., by typing `I$}'.

Missing character: There is no 高 (U+9AD8) in font Arial Italic/OT:language=dflt;mapping=tex-text;!
Missing character: There is no 层 (U+5C42) in font Arial Italic/OT:language=dflt;mapping=tex-text;!
Missing character: There is no 阻 (U+963B) in font Arial Italic/OT:language=dflt;mapping=tex-text;!
Missing character: There is no 尼 (U+5C3C) in font Arial Italic/OT:language=dflt;mapping=tex-text;!
Missing character: There is no 与 (U+4E0E) in font Arial Italic/OT:language=dflt;mapping=tex-text;!
Missing character: There is no 灵 (U+7075) in font Arial Italic/OT:language=dflt;mapping=tex-text;!
Missing character: There is no 敏 (U+654F) in font Arial Italic/OT:language=dflt;mapping=tex-text;!
Missing character: There is no 度 (U+5EA6) in font Arial Italic/OT:language=dflt;mapping=tex-text;!
Missing character: There is no 高 (U+9AD8) in font Arial Italic/OT:language=dflt;mapping=tex-text;!
Missing character: There is no 层 (U+5C42) in font Arial Italic/OT:language=dflt;mapping=tex-text;!
Missing character: There is no 注 (U+6CE8) in font Arial Italic/OT:language=dflt;mapping=tex-text;!
Missing character: There is no 意 (U+610F) in font Arial Italic/OT:language=dflt;mapping=tex-text;!
Missing character: There is no 力 (U+529B) in font Arial Italic/OT:language=dflt;mapping=tex-text;!
! Missing $ inserted.
<inserted text> 
                $
l.1698 
       
I've inserted a begin-math/end-math symbol since I think
you left one out. Proceed, with fingers crossed.


! LaTeX Error: There's no line here to end.

See the LaTeX manual or LaTeX Companion for explanation.
Type  H <return>  for immediate help.
 ...                                              
                                                  
l.1698 
       
Your command was ignored.
Type  I <command> <return>  to replace it with another command,
or  <return>  to continue without it.

! Missing $ inserted.
<inserted text> 
                $
l.1698 
       
I've inserted a begin-math/end-math symbol since I think
you left one out. Proceed, with fingers crossed.

! Missing } inserted.
<inserted text> 
                }
l.1698 
       
I've inserted something that you may have forgotten.
(See the <inserted text> above.)
With luck, this will get me unwedged. But if you
really didn't forget anything, try typing `2' now; then
my insertion and my current dilemma will both disappear.

! Extra }, or forgotten \endgroup.
\par ...m \@noitemerr {\@@par }\fi \else {\@@par }
                                                  \fi 
l.1698 
       
I've deleted a group-closing symbol because it seems to be
spurious, as in `$x}$'. But perhaps the } is legitimate and
you forgot something else, as in `\hbox{$x}'. In such cases
the way to recover is to insert both the forgotten and the
deleted material, e.g., by typing `I$}'.

! Missing $ inserted.
<inserted text> 
                $
l.1698 
       
I've inserted a begin-math/end-math symbol since I think
you left one out. Proceed, with fingers crossed.


! LaTeX Error: There's no line here to end.

See the LaTeX manual or LaTeX Companion for explanation.
Type  H <return>  for immediate help.
 ...                                              
                                                  
l.1698 
       
Your command was ignored.
Type  I <command> <return>  to replace it with another command,
or  <return>  to continue without it.

! Missing $ inserted.
<inserted text> 
                $
l.1698 
       
I've inserted a begin-math/end-math symbol since I think
you left one out. Proceed, with fingers crossed.

! Missing } inserted.
<inserted text> 
                }
l.1698 
       
I've inserted something that you may have forgotten.
(See the <inserted text> above.)
With luck, this will get me unwedged. But if you
really didn't forget anything, try typing `2' now; then
my insertion and my current dilemma will both disappear.

! Extra }, or forgotten \endgroup.
\par ...m \@noitemerr {\@@par }\fi \else {\@@par }
                                                  \fi 
l.1698 
       
I've deleted a group-closing symbol because it seems to be
spurious, as in `$x}$'. But perhaps the } is legitimate and
you forgot something else, as in `\hbox{$x}'. In such cases
the way to recover is to insert both the forgotten and the
deleted material, e.g., by typing `I$}'.

Missing character: There is no 自 (U+81EA) in font Arial Italic/OT:language=dflt;mapping=tex-text;!
Missing character: There is no 更 (U+66F4) in font Arial Italic/OT:language=dflt;mapping=tex-text;!
Missing character: There is no 新 (U+65B0) in font Arial Italic/OT:language=dflt;mapping=tex-text;!
Missing character: There is no 注 (U+6CE8) in font Arial Italic/OT:language=dflt;mapping=tex-text;!
Missing character: There is no 意 (U+610F) in font Arial Italic/OT:language=dflt;mapping=tex-text;!
Missing character: There is no 力 (U+529B) in font Arial Italic/OT:language=dflt;mapping=tex-text;!
Missing character: There is no 参 (U+53C2) in font Arial Italic/OT:language=dflt;mapping=tex-text;!
Missing character: There is no 数 (U+6570) in font Arial Italic/OT:language=dflt;mapping=tex-text;!
Missing character: There is no 高 (U+9AD8) in font Arial Italic/OT:language=dflt;mapping=tex-text;!
Missing character: There is no 层 (U+5C42) in font Arial Italic/OT:language=dflt;mapping=tex-text;!
Missing character: There is no 决 (U+51B3) in font Arial Italic/OT:language=dflt;mapping=tex-text;!
Missing character: There is no 策 (U+7B56) in font Arial Italic/OT:language=dflt;mapping=tex-text;!
! Missing $ inserted.
<inserted text> 
                $
l.1698 
       
I've inserted a begin-math/end-math symbol since I think
you left one out. Proceed, with fingers crossed.


! LaTeX Error: There's no line here to end.

See the LaTeX manual or LaTeX Companion for explanation.
Type  H <return>  for immediate help.
 ...                                              
                                                  
l.1698 
       
Your command was ignored.
Type  I <command> <return>  to replace it with another command,
or  <return>  to continue without it.

! Missing $ inserted.
<inserted text> 
                $
l.1698 
       
I've inserted a begin-math/end-math symbol since I think
you left one out. Proceed, with fingers crossed.

! Missing } inserted.
<inserted text> 
                }
l.1698 
       
I've inserted something that you may have forgotten.
(See the <inserted text> above.)
With luck, this will get me unwedged. But if you
really didn't forget anything, try typing `2' now; then
my insertion and my current dilemma will both disappear.

! Extra }, or forgotten \endgroup.
\par ...m \@noitemerr {\@@par }\fi \else {\@@par }
                                                  \fi 
l.1698 
       
I've deleted a group-closing symbol because it seems to be
spurious, as in `$x}$'. But perhaps the } is legitimate and
you forgot something else, as in `\hbox{$x}'. In such cases
the way to recover is to insert both the forgotten and the
deleted material, e.g., by typing `I$}'.

Missing character: There is no 等 (U+7B49) in font Arial Italic/OT:language=dflt;mapping=tex-text;!
Missing character: There is no 待 (U+5F85) in font Arial Italic/OT:language=dflt;mapping=tex-text;!
Missing character: There is no 区 (U+533A) in font Arial Italic/OT:language=dflt;mapping=tex-text;!
Missing character: There is no 间 (U+95F4) in font Arial Italic/OT:language=dflt;mapping=tex-text;!
Missing character: There is no 阈 (U+9608) in font Arial Italic/OT:language=dflt;mapping=tex-text;!
Missing character: There is no 值 (U+503C) in font Arial Italic/OT:language=dflt;mapping=tex-text;!
Missing character: There is no 多 (U+591A) in font Arial Italic/OT:language=dflt;mapping=tex-text;!
Missing character: There is no 置 (U+7F6E) in font Arial Italic/OT:language=dflt;mapping=tex-text;!
Missing character: There is no 信 (U+4FE1) in font Arial Italic/OT:language=dflt;mapping=tex-text;!
Missing character: There is no 度 (U+5EA6) in font Arial Italic/OT:language=dflt;mapping=tex-text;!
! Missing $ inserted.
<inserted text> 
                $
l.1698 
       
I've inserted a begin-math/end-math symbol since I think
you left one out. Proceed, with fingers crossed.


! LaTeX Error: There's no line here to end.

See the LaTeX manual or LaTeX Companion for explanation.
Type  H <return>  for immediate help.
 ...                                              
                                                  
l.1698 
       
Your command was ignored.
Type  I <command> <return>  to replace it with another command,
or  <return>  to continue without it.

! Missing $ inserted.
<inserted text> 
                $
l.1698 
       
I've inserted a begin-math/end-math symbol since I think
you left one out. Proceed, with fingers crossed.

! Missing } inserted.
<inserted text> 
                }
l.1698 
       
I've inserted something that you may have forgotten.
(See the <inserted text> above.)
With luck, this will get me unwedged. But if you
really didn't forget anything, try typing `2' now; then
my insertion and my current dilemma will both disappear.

! Extra }, or forgotten \endgroup.
\par ...m \@noitemerr {\@@par }\fi \else {\@@par }
                                                  \fi 
l.1698 
       
I've deleted a group-closing symbol because it seems to be
spurious, as in `$x}$'. But perhaps the } is legitimate and
you forgot something else, as in `\hbox{$x}'. In such cases
the way to recover is to insert both the forgotten and the
deleted material, e.g., by typing `I$}'.

! Missing $ inserted.
<inserted text> 
                $
l.1698 
       
I've inserted a begin-math/end-math symbol since I think
you left one out. Proceed, with fingers crossed.


! LaTeX Error: There's no line here to end.

See the LaTeX manual or LaTeX Companion for explanation.
Type  H <return>  for immediate help.
 ...                                              
                                                  
l.1698 
       
Your command was ignored.
Type  I <command> <return>  to replace it with another command,
or  <return>  to continue without it.

! Missing $ inserted.
<inserted text> 
                $
l.1698 
       
I've inserted a begin-math/end-math symbol since I think
you left one out. Proceed, with fingers crossed.

! Missing } inserted.
<inserted text> 
                }
l.1698 
       
I've inserted something that you may have forgotten.
(See the <inserted text> above.)
With luck, this will get me unwedged. But if you
really didn't forget anything, try typing `2' now; then
my insertion and my current dilemma will both disappear.

! Extra }, or forgotten \endgroup.
\par ...m \@noitemerr {\@@par }\fi \else {\@@par }
                                                  \fi 
l.1698 
       
I've deleted a group-closing symbol because it seems to be
spurious, as in `$x}$'. But perhaps the } is legitimate and
you forgot something else, as in `\hbox{$x}'. In such cases
the way to recover is to insert both the forgotten and the
deleted material, e.g., by typing `I$}'.

[63]
Missing character: There is no 局 (U+5C40) in font Arial Italic/OT:language=dflt;mapping=tex-text;!
Missing character: There is no 部 (U+90E8) in font Arial Italic/OT:language=dflt;mapping=tex-text;!
Missing character: There is no 比 (U+6BD4) in font Arial Italic/OT:language=dflt;mapping=tex-text;!
Missing character: There is no 较 (U+8F83) in font Arial Italic/OT:language=dflt;mapping=tex-text;!
Missing character: There is no 中 (U+4E2D) in font Arial Italic/OT:language=dflt;mapping=tex-text;!
Missing character: There is no 的 (U+7684) in font Arial Italic/OT:language=dflt;mapping=tex-text;!
Missing character: There is no 位 (U+4F4D) in font Arial Italic/OT:language=dflt;mapping=tex-text;!
Missing character: There is no 置 (U+7F6E) in font Arial Italic/OT:language=dflt;mapping=tex-text;!
Missing character: There is no 与 (U+4E0E) in font Arial Italic/OT:language=dflt;mapping=tex-text;!
Missing character: There is no 速 (U+901F) in font Arial Italic/OT:language=dflt;mapping=tex-text;!
Missing character: There is no 度 (U+5EA6) in font Arial Italic/OT:language=dflt;mapping=tex-text;!
Missing character: There is no 尺 (U+5C3A) in font Arial Italic/OT:language=dflt;mapping=tex-text;!
Missing character: There is no 度 (U+5EA6) in font Arial Italic/OT:language=dflt;mapping=tex-text;!
Missing character: There is no 底 (U+5E95) in font Arial Italic/OT:language=dflt;mapping=tex-text;!
Missing character: There is no 层 (U+5C42) in font Arial Italic/OT:language=dflt;mapping=tex-text;!
Missing character: There is no 意 (U+610F) in font Arial Italic/OT:language=dflt;mapping=tex-text;!
Missing character: There is no 见 (U+89C1) in font Arial Italic/OT:language=dflt;mapping=tex-text;!
! Missing $ inserted.
<inserted text> 
                $
l.1698 
       
I've inserted a begin-math/end-math symbol since I think
you left one out. Proceed, with fingers crossed.


! LaTeX Error: There's no line here to end.

See the LaTeX manual or LaTeX Companion for explanation.
Type  H <return>  for immediate help.
 ...                                              
                                                  
l.1698 
       
Your command was ignored.
Type  I <command> <return>  to replace it with another command,
or  <return>  to continue without it.

! Missing $ inserted.
<inserted text> 
                $
l.1698 
       
I've inserted a begin-math/end-math symbol since I think
you left one out. Proceed, with fingers crossed.

! Missing } inserted.
<inserted text> 
                }
l.1698 
       
I've inserted something that you may have forgotten.
(See the <inserted text> above.)
With luck, this will get me unwedged. But if you
really didn't forget anything, try typing `2' now; then
my insertion and my current dilemma will both disappear.

! Extra }, or forgotten \endgroup.
\par ...m \@noitemerr {\@@par }\fi \else {\@@par }
                                                  \fi 
l.1698 
       
I've deleted a group-closing symbol because it seems to be
spurious, as in `$x}$'. But perhaps the } is legitimate and
you forgot something else, as in `\hbox{$x}'. In such cases
the way to recover is to insert both the forgotten and the
deleted material, e.g., by typing `I$}'.

! Missing $ inserted.
<inserted text> 
                $
l.1698 
       
I've inserted a begin-math/end-math symbol since I think
you left one out. Proceed, with fingers crossed.


! LaTeX Error: There's no line here to end.

See the LaTeX manual or LaTeX Companion for explanation.
Type  H <return>  for immediate help.
 ...                                              
                                                  
l.1698 
       
Your command was ignored.
Type  I <command> <return>  to replace it with another command,
or  <return>  to continue without it.

! Missing $ inserted.
<inserted text> 
                $
l.1698 
       
I've inserted a begin-math/end-math symbol since I think
you left one out. Proceed, with fingers crossed.

! Missing } inserted.
<inserted text> 
                }
l.1698 
       
I've inserted something that you may have forgotten.
(See the <inserted text> above.)
With luck, this will get me unwedged. But if you
really didn't forget anything, try typing `2' now; then
my insertion and my current dilemma will both disappear.

! Extra }, or forgotten \endgroup.
\par ...m \@noitemerr {\@@par }\fi \else {\@@par }
                                                  \fi 
l.1698 
       
I've deleted a group-closing symbol because it seems to be
spurious, as in `$x}$'. But perhaps the } is legitimate and
you forgot something else, as in `\hbox{$x}'. In such cases
the way to recover is to insert both the forgotten and the
deleted material, e.g., by typing `I$}'.

Missing character: There is no 多 (U+591A) in font Arial Italic/OT:language=dflt;mapping=tex-text;!
Missing character: There is no 执 (U+6267) in font Arial Italic/OT:language=dflt;mapping=tex-text;!
Missing character: There is no 行 (U+884C) in font Arial Italic/OT:language=dflt;mapping=tex-text;!
Missing character: There is no 中 (U+4E2D) in font Arial Italic/OT:language=dflt;mapping=tex-text;!
Missing character: There is no 的 (U+7684) in font Arial Italic/OT:language=dflt;mapping=tex-text;!
Missing character: There is no 偏 (U+504F) in font Arial Italic/OT:language=dflt;mapping=tex-text;!
Missing character: There is no 置 (U+7F6E) in font Arial Italic/OT:language=dflt;mapping=tex-text;!
Missing character: There is no 参 (U+53C2) in font Arial Italic/OT:language=dflt;mapping=tex-text;!
Missing character: There is no 数 (U+6570) in font Arial Italic/OT:language=dflt;mapping=tex-text;!
Missing character: There is no 底 (U+5E95) in font Arial Italic/OT:language=dflt;mapping=tex-text;!
Missing character: There is no 层 (U+5C42) in font Arial Italic/OT:language=dflt;mapping=tex-text;!
Missing character: There is no 意 (U+610F) in font Arial Italic/OT:language=dflt;mapping=tex-text;!
Missing character: There is no 见 (U+89C1) in font Arial Italic/OT:language=dflt;mapping=tex-text;!

Overfull \hbox (8.3581pt too wide) in paragraph at lines 1698--1698
\TU/Arial(0)/m/it/10.95 ) | gap-bias parameters in multi-gap execution / 多 gap 执行中的 gap 偏置参数 | | low-level opinion / 底层意见 
 []

! Missing $ inserted.
<inserted text> 
                $
l.1698 
       
I've inserted a begin-math/end-math symbol since I think
you left one out. Proceed, with fingers crossed.


! LaTeX Error: There's no line here to end.

See the LaTeX manual or LaTeX Companion for explanation.
Type  H <return>  for immediate help.
 ...                                              
                                                  
l.1698 
       
Your command was ignored.
Type  I <command> <return>  to replace it with another command,
or  <return>  to continue without it.

! Missing $ inserted.
<inserted text> 
                $
l.1698 
       
I've inserted a begin-math/end-math symbol since I think
you left one out. Proceed, with fingers crossed.

! Missing } inserted.
<inserted text> 
                }
l.1698 
       
I've inserted something that you may have forgotten.
(See the <inserted text> above.)
With luck, this will get me unwedged. But if you
really didn't forget anything, try typing `2' now; then
my insertion and my current dilemma will both disappear.

! Extra }, or forgotten \endgroup.
\par ...m \@noitemerr {\@@par }\fi \else {\@@par }
                                                  \fi 
l.1698 
       
I've deleted a group-closing symbol because it seems to be
spurious, as in `$x}$'. But perhaps the } is legitimate and
you forgot something else, as in `\hbox{$x}'. In such cases
the way to recover is to insert both the forgotten and the
deleted material, e.g., by typing `I$}'.

! Missing $ inserted.
<inserted text> 
                $
l.1698 
       
I've inserted a begin-math/end-math symbol since I think
you left one out. Proceed, with fingers crossed.


! LaTeX Error: There's no line here to end.

See the LaTeX manual or LaTeX Companion for explanation.
Type  H <return>  for immediate help.
 ...                                              
                                                  
l.1698 
       
Your command was ignored.
Type  I <command> <return>  to replace it with another command,
or  <return>  to continue without it.

! Missing $ inserted.
<inserted text> 
                $
l.1698 
       
I've inserted a begin-math/end-math symbol since I think
you left one out. Proceed, with fingers crossed.

! Missing } inserted.
<inserted text> 
                }
l.1698 
       
I've inserted something that you may have forgotten.
(See the <inserted text> above.)
With luck, this will get me unwedged. But if you
really didn't forget anything, try typing `2' now; then
my insertion and my current dilemma will both disappear.

! Extra }, or forgotten \endgroup.
\par ...m \@noitemerr {\@@par }\fi \else {\@@par }
                                                  \fi 
l.1698 
       
I've deleted a group-closing symbol because it seems to be
spurious, as in `$x}$'. But perhaps the } is legitimate and
you forgot something else, as in `\hbox{$x}'. In such cases
the way to recover is to insert both the forgotten and the
deleted material, e.g., by typing `I$}'.

Missing character: There is no 底 (U+5E95) in font Arial Italic/OT:language=dflt;mapping=tex-text;!
Missing character: There is no 层 (U+5C42) in font Arial Italic/OT:language=dflt;mapping=tex-text;!
Missing character: There is no 意 (U+610F) in font Arial Italic/OT:language=dflt;mapping=tex-text;!
Missing character: There is no 见 (U+89C1) in font Arial Italic/OT:language=dflt;mapping=tex-text;!
Missing character: There is no 阻 (U+963B) in font Arial Italic/OT:language=dflt;mapping=tex-text;!
Missing character: There is no 尼 (U+5C3C) in font Arial Italic/OT:language=dflt;mapping=tex-text;!
Missing character: There is no 与 (U+4E0E) in font Arial Italic/OT:language=dflt;mapping=tex-text;!
Missing character: There is no 灵 (U+7075) in font Arial Italic/OT:language=dflt;mapping=tex-text;!
Missing character: There is no 敏 (U+654F) in font Arial Italic/OT:language=dflt;mapping=tex-text;!
Missing character: There is no 度 (U+5EA6) in font Arial Italic/OT:language=dflt;mapping=tex-text;!
Missing character: There is no 多 (U+591A) in font Arial Italic/OT:language=dflt;mapping=tex-text;!
Missing character: There is no 评 (U+8BC4) in font Arial Italic/OT:language=dflt;mapping=tex-text;!
Missing character: There is no 价 (U+4EF7) in font Arial Italic/OT:language=dflt;mapping=tex-text;!
! Missing $ inserted.
<inserted text> 
                $
l.1698 
       
I've inserted a begin-math/end-math symbol since I think
you left one out. Proceed, with fingers crossed.


! LaTeX Error: There's no line here to end.

See the LaTeX manual or LaTeX Companion for explanation.
Type  H <return>  for immediate help.
 ...                                              
                                                  
l.1698 
       
Your command was ignored.
Type  I <command> <return>  to replace it with another command,
or  <return>  to continue without it.

! Missing $ inserted.
<inserted text> 
                $
l.1698 
       
I've inserted a begin-math/end-math symbol since I think
you left one out. Proceed, with fingers crossed.

! Missing } inserted.
<inserted text> 
                }
l.1698 
       
I've inserted something that you may have forgotten.
(See the <inserted text> above.)
With luck, this will get me unwedged. But if you
really didn't forget anything, try typing `2' now; then
my insertion and my current dilemma will both disappear.

! Extra }, or forgotten \endgroup.
\par ...m \@noitemerr {\@@par }\fi \else {\@@par }
                                                  \fi 
l.1698 
       
I've deleted a group-closing symbol because it seems to be
spurious, as in `$x}$'. But perhaps the } is legitimate and
you forgot something else, as in `\hbox{$x}'. In such cases
the way to recover is to insert both the forgotten and the
deleted material, e.g., by typing `I$}'.

Missing character: There is no 随 (U+968F) in font Arial Italic/OT:language=dflt;mapping=tex-text;!
Missing character: There is no 机 (U+673A) in font Arial Italic/OT:language=dflt;mapping=tex-text;!
Missing character: There is no 重 (U+91CD) in font Arial Italic/OT:language=dflt;mapping=tex-text;!
Missing character: There is no 复 (U+590D) in font Arial Italic/OT:language=dflt;mapping=tex-text;!
Missing character: There is no 测 (U+6D4B) in font Arial Italic/OT:language=dflt;mapping=tex-text;!
Missing character: There is no 试 (U+8BD5) in font Arial Italic/OT:language=dflt;mapping=tex-text;!
Missing character: There is no 次 (U+6B21) in font Arial Italic/OT:language=dflt;mapping=tex-text;!
Missing character: There is no 数 (U+6570) in font Arial Italic/OT:language=dflt;mapping=tex-text;!
Missing character: There is no 物 (U+7269) in font Arial Italic/OT:language=dflt;mapping=tex-text;!
Missing character: There is no 理 (U+7406) in font Arial Italic/OT:language=dflt;mapping=tex-text;!
Missing character: There is no 输 (U+8F93) in font Arial Italic/OT:language=dflt;mapping=tex-text;!
Missing character: There is no 入 (U+5165) in font Arial Italic/OT:language=dflt;mapping=tex-text;!
! Missing $ inserted.
<inserted text> 
                $
l.1698 
       
I've inserted a begin-math/end-math symbol since I think
you left one out. Proceed, with fingers crossed.


! LaTeX Error: There's no line here to end.

See the LaTeX manual or LaTeX Companion for explanation.
Type  H <return>  for immediate help.
 ...                                              
                                                  
l.1698 
       
Your command was ignored.
Type  I <command> <return>  to replace it with another command,
or  <return>  to continue without it.

! Missing $ inserted.
<inserted text> 
                $
l.1698 
       
I've inserted a begin-math/end-math symbol since I think
you left one out. Proceed, with fingers crossed.

! Missing } inserted.
<inserted text> 
                }
l.1698 
       
I've inserted something that you may have forgotten.
(See the <inserted text> above.)
With luck, this will get me unwedged. But if you
really didn't forget anything, try typing `2' now; then
my insertion and my current dilemma will both disappear.

! Extra }, or forgotten \endgroup.
\par ...m \@noitemerr {\@@par }\fi \else {\@@par }
                                                  \fi 
l.1698 
       
I've deleted a group-closing symbol because it seems to be
spurious, as in `$x}$'. But perhaps the } is legitimate and
you forgot something else, as in `\hbox{$x}'. In such cases
the way to recover is to insert both the forgotten and the
deleted material, e.g., by typing `I$}'.

Missing character: There is no 加 (U+52A0) in font Arial Italic/OT:language=dflt;mapping=tex-text;!
Missing character: There is no 速 (U+901F) in font Arial Italic/OT:language=dflt;mapping=tex-text;!
Missing character: There is no 度 (U+5EA6) in font Arial Italic/OT:language=dflt;mapping=tex-text;!
Missing character: There is no 裁 (U+88C1) in font Arial Italic/OT:language=dflt;mapping=tex-text;!
Missing character: There is no 剪 (U+526A) in font Arial Italic/OT:language=dflt;mapping=tex-text;!
Missing character: There is no 物 (U+7269) in font Arial Italic/OT:language=dflt;mapping=tex-text;!
Missing character: There is no 理 (U+7406) in font Arial Italic/OT:language=dflt;mapping=tex-text;!
Missing character: There is no 输 (U+8F93) in font Arial Italic/OT:language=dflt;mapping=tex-text;!
Missing character: There is no 入 (U+5165) in font Arial Italic/OT:language=dflt;mapping=tex-text;!
Missing character: There is no 转 (U+8F6C) in font Arial Italic/OT:language=dflt;mapping=tex-text;!
Missing character: There is no 角 (U+89D2) in font Arial Italic/OT:language=dflt;mapping=tex-text;!
Missing character: There is no 变 (U+53D8) in font Arial Italic/OT:language=dflt;mapping=tex-text;!
Missing character: There is no 化 (U+5316) in font Arial Italic/OT:language=dflt;mapping=tex-text;!
Missing character: There is no 率 (U+7387) in font Arial Italic/OT:language=dflt;mapping=tex-text;!
Missing character: There is no 裁 (U+88C1) in font Arial Italic/OT:language=dflt;mapping=tex-text;!
Missing character: There is no 剪 (U+526A) in font Arial Italic/OT:language=dflt;mapping=tex-text;!
[64] [65] (./output.aux)
 ***********
LaTeX2e <2026-06-01>
L3 programming layer <2026-06-18>
 ***********
Package logreq Info: Writing requests to 'output.run.xml'.
\openout1 = `output.run.xml'.

 ) 
Here is how much of TeX's memory you used:
 43132 strings out of 467814
 892751 string characters out of 5423460
 1739230 words of memory out of 5000000
 71598 multiletter control sequences out of 15000+600000
 634668 words of font info for 97 fonts, out of 8000000 for 9000
 1348 hyphenation exceptions out of 8191
 103i,9n,109p,5867b,7694s stack positions out of 10000i,1000n,20000p,200000b,200000s

Output written on output.xdv (65 pages, 719840 bytes).
