time,reward,total_reward,progress,success,collision,min_distance,ego_x,ego_y,decision,selected_pair,switch_count,best_gap,y_high,u_high,z_low,u_t,cf,cr
0.05,-0.3,-0.3,0.0,0.0,0.0,4.206014663839249,23.44978488224802,2.0,WAIT,None,0,8.0,-0.019201895231547778,0.0095,0.009000000000000001,0.0,0.41394199027854234,0.7979798949094978
0.1,-0.3,-0.6,0.0,0.0,0.0,4.19835367692423,24.22478488224802,2.0,WAIT,None,0,8.0,-0.03582888144278092,0.009025254903723324,0.008100000000000001,0.0,0.4135885006680213,0.7923308770757469
0.15000000000000002,-0.3,-0.8999999999999999,0.0,0.0,0.0,4.187411508670637,25.01128488224802,2.0,WAIT,None,0,8.0,-0.049826503535684165,0.008577081859016945,0.007290000000000001,0.0,0.41081113143317277,0.7772337436670332
0.2,-0.3,-1.2,0.0,0.0,0.0,4.173792335384445,25.80813488224802,2.0,WAIT,None,0,8.0,-0.06122766564008101,0.008159782927201053,0.006561000000000001,0.0,0.40646345621109065,0.7551010529073784
0.25,-0.3,-1.5,0.0,0.0,0.0,4.15810230242858,26.61429988224802,2.0,WAIT,None,0,8.0,-0.07015162729729865,0.007778135221296653,0.005904900000000001,0.0,0.4014807261806104,0.7285761037724336
0.3,-0.3,-1.8,0.0,0.0,0.0,4.14093779091315,27.42884838224802,2.0,WAIT,None,0,8.0,-0.07677223171194333,0.007434611062953329,0.005314410000000001,0.0,0.3964616468631316,0.699544469988274
0.35,-0.3,-2.1,0.0,0.0,0.0,4.122877250528897,28.25094203224802,2.0,WAIT,None,0,8.0,-0.08129431965255106,0.007127959517759892,0.0047829690000000015,0.0,0.3918126964377177,0.6693852268325289
0.39999999999999997,-0.3,-2.4,0.0,0.0,0.0,4.104475558025573,29.07982631724802,2.0,WAIT,None,0,8.0,-0.08393527431957228,0.006853364334510968,0.004304672100000001,0.0,0.38779615058784567,0.6390666805573707
0.44999999999999996,-0.3,-2.6999999999999997,0.0,0.0,0.0,4.086260148529824,29.91482217374802,2.0,WAIT,None,0,8.0,-0.08491174939883203,0.006603644272004366,0.003874204890000001,0.0,0.38456948858466083,0.6092394271825572
0.49999999999999994,-0.3,-2.9999999999999996,0.0,0.0,0.0,4.068728378616089,30.75531844459802,2.0,WAIT,None,0,8.0,-0.08443086505464249,0.006370805877667001,0.0034867844010000007,0.0,0.38221596412332653,0.5803171202013105
0.5499999999999999,-0.3,-3.2999999999999994,0.0,0.0,0.0,4.05234573679101,31.600765088363023,2.0,WAIT,None,0,8.0,-0.08268492087074793,0.006147425673901217,0.0031381059609000006,0.0,0.3807674350581046,0.5525420614315257
0.6,-0.3,-3.599999999999999,0.0,0.0,0.0,4.037544633865081,32.450667067751525,2.0,WAIT,None,0,8.0,-0.07984870459340816,0.005927592937736736,0.0028242953648100005,0.0,0.38022094261961337,0.5260361662595784
0.65,-0.3,-3.899999999999999,0.0,0.0,0.0,4.024723593189841,33.30457884920118,2.0,WAIT,None,0,8.0,-0.07607861399720485,0.005707356579944755,0.0025418658283290004,0.0,0.3805504898485687,0.5008393184815189
0.7000000000000001,-0.3,-4.199999999999999,0.0,0.0,0.0,4.01424672634815,34.16209945250586,2.0,WAIT,None,0,8.0,-0.07151297539064563,0.005484749492452576,0.0022876792454961004,0.0,0.381715254988323,0.47693752156395425
0.7500000000000001,-0.3,-4.499999999999999,0.0,0.0,0.0,4.0064434287129576,35.02286799548008,2.0,WAIT,None,0,8.0,-0.06627309850235527,0.005259518868215888,0.0020589113209464904,0.0,0.3836652215351054,0.4542831250652026
0.8000000000000002,-0.3,-4.799999999999999,0.0,0.0,0.0,4.001608264842848,35.88655968415687,2.0,WAIT,None,0,8.0,-0.06046473891467379,0.005032695644953594,0.0018530201888518412,0.0,0.38634497178781035,0.4328090691450542
0.8500000000000002,-0.3,-5.099999999999999,0.0,0.0,0.0,4.000001038387328,36.75288220396599,2.0,WAIT,None,0,8.0,-0.05417974259036224,0.004806114160585902,0.001667718169966657,0.0,0.3896961958698769,0.4124387081904689
0.9000000000000002,-0.3,-5.399999999999999,0.0,0.0,0.0,4.001847056784923,37.621572471794195,2.0,WAIT,None,0,8.0,-0.047497724523089584,0.004581961537447527,0.0015009463529699913,0.0,0.39365931586682507,0.3930924212207139
0.9500000000000003,-0.3,-5.699999999999998,0.0,0.0,0.0,4.0073376089399,38.49239371283958,2.0,WAIT,None,0,8.0,-0.04048768936909738,0.004362405412681172,0.0013508517176729921,0.0,0.3981745099724368,0.3746919195903683
1.0000000000000002,-0.3,-5.999999999999998,0.0,0.0,0.0,4.016630675501975,39.36513282978042,2.0,WAIT,None,0,8.0,-0.033209540699648474,0.004149323210533476,0.001215766545905693,0.0,0.4031823371932989,0.3571629259254859
1.0500000000000003,-0.3,-6.299999999999998,0.0,0.0,0.0,4.029851887588733,40.23959803502718,2.0,WAIT,None,0,8.0,-0.025715451457944814,0.003944137599715266,0.0010941898913151237,0.0,0.4086241022211099,0.3404367162916538
1.1000000000000003,-0.3,-6.599999999999998,0.0,0.0,0.0,4.047095742088991,41.11561671974926,2.0,WAIT,None,0,8.0,-0.018051084830361636,0.003747750642857241,0.0009847709021836113,0.0,0.4144420565954874,0.32445088092785923
1.1500000000000004,-0.3,-6.899999999999998,0.0,0.0,0.0,4.068427071439205,41.99303353599914,2.0,WAIT,None,0,8.0,-0.010256664861659104,0.003560562184166675,0.0008862938119652502,0.0,0.4205795015402826,0.3091495579060662
1.2000000000000004,-0.3,-7.1999999999999975,0.0,0.0,0.0,4.0938827543593765,42.87170867062403,2.0,WAIT,None,0,8.0,-0.002367901941871595,0.0033825548253267777,0.0007976644307687252,0.0,0.4269808362925951,0.29448332036150404
1.2500000000000004,-0.3,-7.499999999999997,0.0,0.0,0.0,4.123473642781489,43.75151629178643,2.0,WAIT,None,0,8.0,0.005583218575973756,0.003213427143006681,0.0007178979876918527,0.0,0.4335915807178968,0.28040884460067467
1.3000000000000005,-0.3,-7.799999999999997,0.0,0.0,0.0,4.157186670241965,44.63234315083259,2.0,WAIT,None,0,8.0,0.013567774704585067,0.0030527576078203094,0.0006461081889226674,0.0,0.44035839060287935,0.2668884480603626
1.3500000000000005,-0.3,-8.099999999999998,0.0,0.0,0.0,4.194987099221174,45.51408732397413,2.0,WAIT,None,0,8.0,0.021559362191109623,0.002900183265701057,0.0005814973700304007,0.0,0.4472290768678162,0.2538895586863521
1.4000000000000006,-0.3,-8.399999999999999,0.0,0.0,0.0,4.236820859861757,46.39665707980152,2.0,WAIT,None,0,8.0,0.02953365329569701,0.0027555791840571464,0.0005233476330273606,0.0,0.45415263506733966,0.241384157794392
1.4500000000000006,-0.3,-8.7,0.0,0.0,0.0,4.28261693041179,47.27996986004617,2.0,WAIT,None,0,8.0,0.03746804776680421,0.0026192266917617908,0.00047101286972462455,0.0,0.46107928826383127,0.22934822464505888
1.5000000000000007,-0.3,-9.0,0.0,0.0,0.0,4.332289710532765,48.16395136226636,2.0,WAIT,None,0,8.0,0.04534140343272224,0.0024919604396431033,0.0004239115827521621,0.0,0.4679605441765434,0.2177612011940974
1.5500000000000007,-0.3,-9.3,0.0,0.0,0.0,4.385741341941472,49.04853471426453,2.0,WAIT,None,0,8.0,0.053133833819649895,0.0023752862489484932,0.0003815204244769459,0.0,0.47474926609262447,0.20660548860658368
1.6000000000000008,-0.3,-9.600000000000001,0.0,0.0,0.0,4.442863936194102,49.933659731062875,2.0,WAIT,None,0,8.0,0.060826560655702244,0.0022714636138773656,0.00034336838202925126,0.0,0.481399756135744,0.19586598231206728
1.6500000000000008,-0.3,-9.900000000000002,0.0,0.0,0.0,4.503541676149625,50.81927224618139,2.0,WAIT,None,0,8.0,0.06840181002483234,0.0021835486052470213,0.0003090315438263261,0.0,0.48786784895848617,0.1855296490323124
1.7000000000000008,-0.3,-10.200000000000003,0.0,0.0,0.0,4.567652765132644,51.70532350978805,2.0,WAIT,None,0,8.0,0.07584274218991147,0.002115394799836883,0.00027812838944369354,0.0,0.4941110136407207,0.17558514690844007
1.7500000000000009,-0.3,-10.500000000000004,0.0,0.0,0.0,4.635071205469229,52.59176964703405,2.0,WAIT,None,0,8.0,0.0831334065469363,0.0020716117278821305,0.00025031555049932416,0.0,0.5000884614578447,0.16602248828788232
1.800000000000001,-0.3,-10.800000000000004,0.0,0.0,0.0,4.705668395404483,53.47857117055545,2.0,WAIT,None,0,8.0,0.09025871463711911,0.0020574821612638883,0.00022528399544939176,0.0,0.5057612571748679,0.15683274368881336
1.850000000000001,-0.3,-11.100000000000005,0.0,0.0,0.0,4.779314540060557,54.365692541724705,2.0,WAIT,None,0,8.0,0.09720442550515468,0.0020788413096723326,0.00020275559590445257,0.0,0.5110924315867067,0.14800778478801604
1.900000000000001,-0.3,-11.400000000000006,0.0,0.0,0.0,4.855879877816861,55.25310177577704,2.0,WAIT,None,0,8.0,0.10395713888196818,0.002141922590576761,0.0001824800363140073,0.0,0.5160470931359535,0.13954006386900822
1.950000000000001,-0.3,-11.700000000000006,0.0,0.0,0.0,4.935235728165843,56.14077008642414,2.0,WAIT,None,0,8.0,0.11050429267210687,0.002253176024369077,0.00016423203268260656,0.0,0.5205925365790736,0.13142242694354597
2.000000000000001,-0.3,-12.000000000000007,0.0,0.0,0.0,5.017255370691873,57.02867156600653,2.0,WAIT,None,0,8.0,0.11683416205724029,0.002419066413535771,0.0001478088294143459,0.0,0.5246983468288587,0.12364795766637236
2.0500000000000007,-0.3,-12.300000000000008,0.0,0.0,0.0,5.101814767386815,57.91678289763068,2.0,WAIT,None,0,8.0,0.12293585822048095,0.002645859238738304,0.00013302794647291133,0.0,0.5283364962671488,0.11620984916100803
2.1000000000000005,-0.3,-12.600000000000009,0.0,0.0,0.0,5.188793142155104,58.80508309609242,2.0,WAIT,None,0,8.0,0.1287993252840574,0.00293940260636512,0.00011972515182562019,0.0,0.5314814339924466,0.10910130093545353
2.1500000000000004,-0.3,-12.90000000000001,0.0,0.0,0.0,5.278073432205359,59.69355327470798,2.0,WAIT,None,0,8.0,0.13441533455980947,0.0033049135944514534,0.00010775263664305817,0.0,0.5341101656387993,0.10231543817066562
2.2,-0.3,-13.20000000000001,0.0,0.0,0.0,5.369542626218657,60.58217643546199,2.0,WAIT,None,0,8.0,0.13977547565209864,0.0037467769746765815,9.697737297875235e-05,0.0,0.5362023225733484,0.09584525079711045
2.25,-0.3,-13.50000000000001,0.0,0.0,0.0,5.463092003869247,61.470937280140596,2.0,WAIT,None,0,8.0,0.14487214433100967,0.00426836357025387,8.727963568087712e-05,0.0,0.5377402194490107,0.08968354992509453
2.3,-0.3,-13.800000000000011,0.0,0.0,0.0,5.558617290584231,62.35982204035134,2.0,WAIT,None,0,8.0,0.14969852740923043,0.004871874497967738,7.855167211278942e-05,0.0,0.5387088992551461,0.08382293935532259
2.3499999999999996,-0.3,-14.100000000000012,0.0,0.0,0.0,5.656018740482124,63.24881832454101,2.0,WAIT,None,0,8.0,0.1542485851053598,0.00555821630940799,7.069650490151047e-05,0.0,0.5390961651723902,0.07825580006176241
2.3999999999999995,-0.3,-14.400000000000013,0.0,0.0,0.0,5.560188908598396,64.13791498031172,2.0,WAIT,None,0,8.0,0.15851703155667085,0.006326910673659136,6.362685441135942e-05,0.0,0.5388925986976658,0.0729742857053803
2.4499999999999993,-0.3,-14.700000000000014,0.0,0.0,0.0,5.464427667927823,65.02710197050536,2.0,WAIT,None,0,8.0,0.11598975627609545,0.007176040815753124,5.726416897022347e-05,0.0,0.07802164034385127,0.5380915636615275
2.499999999999999,-0.3,-15.000000000000014,0.0,0.0,0.0,5.370512275507255,65.91637026167963,2.0,WAIT,None,0,8.0,0.07912249797505408,0.007155084996400391,5.1537752073201124e-05,0.0,0.08342684446412085,0.5366891959120624
2.549999999999999,-0.3,-15.300000000000015,0.0,0.0,0.0,5.278552995850883,66.80571172373648,2.0,WAIT,None,0,8.0,0.04718921980828047,0.0068707442442464935,4.638397686588101e-05,0.0,0.08910912632156683,0.5346843785871863
2.5999999999999988,-0.3,-15.600000000000016,0.0,0.0,0.0,5.188664391006238,67.69511903958764,2.0,WAIT,None,0,8.0,0.019591355482872372,0.00653650351386789,4.174557917929291e-05,0.0,0.0950732149359816,0.5320787030399384
2.6499999999999986,-0.3,-15.900000000000016,0.0,0.0,0.0,5.1009654157535484,68.58458562385368,2.0,WAIT,None,0,8.0,-0.004172007646783604,0.006209954559759021,3.7571021261363624e-05,0.0,0.10132308831685576,0.528876415618656
2.6999999999999984,-0.3,-16.200000000000017,0.0,0.0,0.0,5.0155794505119715,69.47410554969312,2.0,WAIT,None,0,8.0,-0.02452457557003439,0.005899457399814645,3.381391913522726e-05,0.0,0.10786190262192087,0.5250843506352674
2.7499999999999982,-0.3,-16.500000000000018,0.0,0.0,0.0,4.932634262038286,70.36367348294861,2.0,WAIT,None,0,8.0,-0.041830924616143905,0.005605162800973706,3.0432527221704536e-05,0.0,0.1146919217808704,0.5207118499795689
2.799999999999998,-0.3,-16.80000000000002,0.0,0.0,0.0,4.852261881114354,71.25328462287855,2.0,WAIT,None,0,8.0,-0.05641071365562832,0.005330645268847057,2.7389274499534083e-05,0.0,0.12181444814144834,0.515770669954722
2.849999999999998,-0.3,-17.10000000000002,0.0,0.0,0.0,4.774598385764689,72.1429346488155,2.0,WAIT,None,0,8.0,-0.06854783340370804,0.005083094819618339,2.4650347049580676e-05,0.0,0.12922975472328632,0.510274876018523
2.8999999999999977,-0.3,-17.40000000000002,0.0,0.0,0.0,4.699783578231869,73.03261967215876,2.0,WAIT,None,0,8.0,-0.07849577925043874,0.00487031493996786,2.2185312344622607e-05,0.0,0.13693701968901842,0.5042407262156494
2.9499999999999975,-0.3,-17.70000000000002,0.0,0.0,0.0,4.62796054408819,73.9223361931677,2.0,WAIT,None,0,8.0,-0.08648105594924707,0.004697916366343506,1.9966781110160346e-05,0.0,0.14493426366173157,0.4976865441773859
2.9999999999999973,-0.3,-18.00000000000002,0.0,0.0,0.0,4.559275082612109,74.81208106207573,2.0,WAIT,None,0,8.0,-0.09270576682354177,0.004567752289374886,1.797010299914431e-05,0.0,0.15321829053221717,0.49063258264664855
3.049999999999997,-0.3,-18.300000000000022,0.0,0.0,0.0,4.493874999047489,75.70185144409297,2.0,WAIT,None,0,8.0,-0.09734990289645722,0.004477602552198345,1.617309269922988e-05,0.0,0.16178463240831603,0.48310087855697686
3.099999999999997,-0.3,-18.600000000000023,0.0,0.0,0.0,4.431909251724011,76.59164478790848,2.0,WAIT,None,0,8.0,-0.10057350845701274,0.004421745649931238,1.4555783429306891e-05,0.0,0.1706274993613932,0.4751151007539943
3.149999999999997,-0.3,-18.900000000000023,0.0,0.0,0.0,4.373526950356823,77.48145879734244,2.0,WAIT,None,0,8.0,-0.1025187617126335,0.004392007383799101,1.3100205086376202e-05,0.0,0.17973973462131945,0.466700391496342
3.1999999999999966,-0.3,-19.200000000000024,0.0,0.0,0.0,4.318876206226966,78.371291405833,2.0,WAIT,None,0,8.0,-0.10331196298015685,0.004378953117500718,1.1790184577738582e-05,0.0,0.18911277586087932,0.4578832029099545
3.2499999999999964,-0.3,-19.500000000000025,0.0,0.0,0.0,4.268102840368829,79.2611407534745,2.0,WAIT,None,0,8.0,-0.10306541162620557,0.004373000068029261,1.0611166119964724e-05,0.0,0.19873662319304386,0.4486911295946278
3.2999999999999963,-0.3,-19.800000000000026,0.0,0.0,0.0,4.221348962264238,80.15100516635187,2.0,WAIT,None,0,8.0,-0.10187915377225822,0.004365324412123974,9.550049507968251e-06,0.0,0.20859981447980386,0.4391527385950749
3.349999999999996,-0.3,-20.100000000000026,0.0,0.0,0.0,4.178751438661339,81.04088313794149,2.0,WAIT,None,0,8.0,-0.09984258734789916,0.004348511537054052,8.595044557171426e-06,0.0,0.21868940851918509,0.42929739795017274
3.399999999999996,-0.3,-20.400000000000027,0.0,0.0,0.0,4.140440279672636,81.93077331237215,2.0,WAIT,None,0,8.0,-0.09703591648654201,0.004316946417629317,7.735540101454283e-06,0.0,0.2289909766375854,0.41915510502407227
3.4499999999999957,-0.3,-20.700000000000028,0.0,0.0,0.0,4.106536976809023,82.82067446935974,2.0,WAIT,None,0,8.0,-0.09353145243036144,0.004266969830813353,6.9619860913088545e-06,0.0,0.23948860316779688,0.40875631580158106
3.4999999999999956,-0.3,-21.00000000000003,0.0,0.0,0.0,4.077152834515525,83.71058551064857,2.0,WAIT,None,0,8.0,-0.08939476262142064,0.004196840745145378,6.265787482177969e-06,0.0,0.2501648952391075,0.3981317762982305
3.5499999999999954,-0.3,-21.30000000000003,0.0,0.0,0.0,4.052387342459555,84.60050544780852,2.0,WAIT,None,0,8.0,-0.08468567335477077,0.004106550680083387,5.6392087339601715e-06,0.0,0.26100100224501177,0.38731235719322543
3.599999999999995,-0.3,-21.60000000000003,0.0,0.0,0.0,4.032326639640006,85.49043339125247,2.0,WAIT,None,0,8.0,-0.0794591342440053,0.003997535719457643,5.075287860564154e-06,0.0,0.27197664528663834,0.3763288927417276
3.649999999999995,-0.3,-21.90000000000003,0.0,0.0,0.0,4.017042122751701,86.38036854035202,2.0,WAIT,None,0,8.0,-0.07376595485865628,0.0038723285619845275,4.567759074507739e-06,0.0,0.28307015681646874,0.3652120249624174
3.699999999999995,-0.3,-22.20000000000003,0.0,0.0,0.0,4.006589249713414,87.27031017454162,2.0,WAIT,None,0,8.0,-0.06765342532457458,0.003734187961400874,4.110983167056965e-06,0.0,0.2942585306278449,0.3539920540278434
3.7499999999999947,-0.3,-22.500000000000032,0.0,0.0,0.0,4.001006584626536,88.16025764531227,2.0,WAIT,None,0,8.0,-0.061165833524991234,0.0035867370037644826,3.6998848503512686e-06,0.0,0.30551748225176467,0.34269879570965495
3.7999999999999945,-0.3,-22.800000000000033,0.0,0.0,0.0,4.000315122731671,89.05021036900585,2.0,WAIT,None,0,8.0,-0.0543448918791455,0.003433635386323099,3.329896365316142e-06,0.0,0.3168215197343026,0.3313614466493661
3.8499999999999943,-0.3,-23.100000000000033,0.0,0.0,0.0,4.004517923532006,89.94016782033007,2.0,WAIT,None,0,8.0,-0.04723008656137386,0.0032783045107611865,2.9969067287845277e-06,0.0,0.32814402467645193,0.3200084581388981
3.899999999999994,-0.3,-23.400000000000034,0.0,0.0,0.0,4.013600067804658,90.83012952652187,2.0,WAIT,None,0,8.0,-0.0398589614849569,0.003123718008617153,2.697216055906075e-06,0.0,0.3394573433242129,0.308667419004778
3.949999999999994,-0.3,-23.700000000000035,0.0,0.0,0.0,4.027528940604353,91.72009506209449,2.0,WAIT,None,0,8.0,-0.03226734842190973,0.002972264468289752,2.4274944503154677e-06,0.0,0.35073288740122116,0.297364948096715
3.999999999999994,-0.3,-24.000000000000036,0.0,0.0,0.0,4.046254828593431,92.61006404410985,2.0,WAIT,None,0,8.0,-0.024489553272318682,0.002825683801327874,2.184745005283921e-06,0.0,0.3619412442802362,0.28612659678630487
4.049999999999994,-0.3,-24.300000000000036,0.0,0.0,0.0,4.069711807141966,93.50003612792366,2.0,WAIT,None,0,8.0,-0.016558506774625847,0.002685074016319447,1.9662705047555287e-06,0.0,0.373052295994368,0.2749767617859604
4.099999999999993,-0.3,-24.600000000000037,0.0,0.0,0.0,4.099016950090821,94.39001100335611,2.0,WAIT,None,0,8.008250000000004,-0.008505885965974248,0.002550961272012776,1.7696434542799758e-06,0.0,0.38403534649513626,0.26393860850287054
4.149999999999993,-0.3,-24.900000000000038,0.0,0.0,0.0,4.134514226337763,95.2799883912453,2.0,WAIT,None,0,8.024157375000016,-0.0002786456530921664,0.002423423023166604,1.5926791088519782e-06,0.0,0.39010592516776593,0.24660937374685524
4.199999999999993,-0.3,-25.20000000000004,0.0,0.0,0.0,4.176470670812338,96.16996804034557,2.0,WAIT,None,0,8.047154284589865,0.008074768208624145,0.002302251872019577,1.4334111979667803e-06,0.0,0.396356839737835,0.22997842389080592
4.249999999999993,-0.3,-25.50000000000004,0.0,0.0,0.0,4.225074271008428,97.05994972453581,2.0,WAIT,None,0,8.076697129942687,0.016508905930060803,0.0021871472495778145,1.2900700781701022e-06,0.0,0.40275413616261235,0.21406995972795842
4.299999999999993,-0.3,-25.80000000000004,0.0,0.0,0.0,4.2804342407103,97.94993324030703,2.0,WAIT,None,0,8.11226600142551,0.024981284121633984,0.0020779291622496257,1.161063070353092e-06,0.0,0.409262407803119,0.19890040831366276
4.3499999999999925,-0.3,-26.10000000000004,0.0,0.0,0.0,4.342583552447521,98.83991840450113,2.0,WAIT,None,0,8.153364118355682,0.03345234944206338,0.0019747629280970915,1.044956763317783e-06,0.0,0.4158449405494613,0.18447898187671477
4.399999999999992,-0.3,-26.40000000000004,0.0,0.0,0.0,4.411483471821491,99.72990505227583,2.0,WAIT,None,0,8.199517262354021,0.04188543574168954,0.00187837276051049,9.404610869860046e-07,0.0,0.422463879169071,0.17080829753521123
4.449999999999992,-0.3,-26.700000000000042,0.0,0.0,0.0,4.487029735238817,100.61989303527305,2.0,WAIT,None,0,8.250273205669274,0.050246713743927765,0.00179022470967103,8.464149782874042e-07,0.0,0.42908041517721646,0.15788503536858128
4.499999999999992,-0.3,-27.000000000000043,0.0,0.0,0.0,4.569059948362522,101.50988221997055,2.0,WAIT,None,0,8.305201135775107,0.058505131731539865,0.0017126633315726505,7.617734804586638e-07,0.0,0.43565499565458576,0.1457006146611159
4.549999999999992,-0.3,-27.300000000000043,0.0,0.0,0.0,4.657361759610083,102.3998724861983,2.0,WAIT,None,0,8.363891077469063,0.06663234536844237,0.0016489910548150666,6.855961324127974e-07,0.0,0.44214755164336317,0.13424187075899532
4.599999999999992,-0.3,-27.600000000000044,0.0,0.0,0.0,4.751681378654548,103.28986372580329,2.0,WAIT,None,0,8.425953313633684,0.07460263501322323,0.0016034841227066169,6.170365191715176e-07,0.0,0.44851774404746214,0.12349171778334171
4.6499999999999915,-0.3,-27.900000000000045,0.0,0.0,0.0,4.851732056540598,104.17985584144776,2.0,WAIT,None,0,8.49101780575269,0.08239280961147721,0.0015813438170324604,5.553328672543658e-07,0.0,0.4547252243511,0.11342978525913402
4.699999999999991,-0.3,-28.200000000000045,0.0,0.0,0.0,4.957202211406715,105.06984874552779,2.0,WAIT,None,0,8.558733615210201,0.08998209726177984,0.0015885860965896596,4.997995805289292e-07,0.0,0.46072990695939203,0.10403301943060293
4.749999999999991,-0.3,-28.500000000000046,0.0,0.0,0.0,5.0677629611281,105.95984235919983,2.0,WAIT,None,0,8.628768326337735,0.09735202357173212,0.0016318765567617983,4.4981962247603627e-07,0.0,0.4664922495604569,0.09527624254732063
4.799999999999991,-0.3,-28.800000000000047,0.0,0.0,0.0,5.183074901976552,106.84983661150466,2.0,WAIT,None,0,8.700807472113283,0.10448627976002342,0.0017183205628470604,4.0483766022843266e-07,0.0,0.4719735376147421,0.0871326656607242
4.849999999999991,-0.3,-29.100000000000048,0.0,0.0,0.0,5.302794043487417,107.739831438579,2.0,WAIT,None,0,8.77455396335759,0.11137058302517655,0.0018552204359271137,3.643538942055894e-07,0.0,0.477136168895457,0.07957435243333787
4.899999999999991,-0.3,-29.40000000000005,0.0,0.0,0.0,5.426576869665588,108.62982678294591,2.0,WAIT,None,0,8.849727522216398,0.11799253198756622,0.0020498126574922276,3.2791850478503047e-07,0.0,0.4819439339335452,0.07257263311900887
4.94999999999999,-0.3,-29.70000000000005,0.0,0.0,0.0,5.554084543456171,109.51982259287612,2.0,WAIT,None,0,8.926064120662474,0.12434146006640312,0.002308998256134269,2.951266543065274e-07,0.0,0.48636228825818034,0.06609846922539543
4.99999999999999,-0.3,-30.00000000000005,0.0,0.0,0.0,5.684986305001112,110.40981882181332,2.0,WAIT,None,0,9.003315424698826,0.1304082895423302,0.0026390789490147244,2.6561398887587465e-07,0.0,0.4903586124632772,0.06012277043578294
5.04999999999999,-0.3,-30.30000000000005,0.0,0.0,0.0,5.818962135860459,111.2998154278568,2.0,WAIT,None,0,9.08124824489353,0.13618538883786518,0.003045510374841587,2.3905258998828716e-07,0.0,0.4939024563636502,0.054616666170455755
5.09999999999999,-0.3,-30.60000000000005,0.0,0.0,0.0,5.955704773072866,112.18981237329592,2.0,WAIT,None,0,9.159643993828041,0.1416664352656556,0.0035326820399757936,2.1514733098945843e-07,0.0,0.4969657638204568,0.049551734738262646
5.14999999999999,-0.3,-30.900000000000052,0.0,0.0,0.0,6.094921160885631,113.07980962419114,2.0,WAIT,None,0,9.238298150993955,0.1468462851764661,0.004103731579381065,1.936325978905126e-07,0.0,0.49952307520209493,0.044900193398845184
5.1999999999999895,-0.3,-31.200000000000053,0.0,0.0,0.0,6.045108983747683,113.96980714999684,2.0,WAIT,None,0,9.31701973562808,0.15172085310171418,0.004760398777399074,1.7426933810146133e-07,0.0,0.501551704889882,0.04063505285799976
5.249999999999989,-0.3,-31.500000000000053,0.0,0.0,0.0,5.965461696192341,114.85980492322196,2.0,WAIT,None,0,9.39563078793276,0.1114182172719817,0.005502922649330111,1.568424042913152e-07,0.0,0.07195786631234528,0.5030318917230575
5.299999999999989,-0.3,-31.800000000000054,0.0,0.0,0.0,5.886871974392325,115.74980291912458,2.0,WAIT,None,0,9.473965859086832,0.07635362466701008,0.005515619802482519,1.4115816386218367e-07,0.0,0.07676781090265758,0.5039469207899463
5.349999999999989,-0.3,-32.10000000000005,0.0,0.0,0.0,5.809324241853161,116.63980111543692,2.0,WAIT,None,0,9.551871510413093,0.045862397139193746,0.005303511187384439,1.270423474759653e-07,0.0,0.0817953272580845,0.5042832154967296
5.399999999999989,-0.3,-32.40000000000005,0.0,0.0,0.0,5.732808054684121,117.52979949211804,2.0,WAIT,None,0,9.629205822030443,0.019394034297829987,0.005046629937637714,1.1433811272836878e-07,0.0,0.0870441303749603,0.5040303993681521
5.449999999999989,-0.3,-32.700000000000045,0.0,0.0,0.0,5.657318133627835,118.41979803113105,2.0,WAIT,None,0,9.705837911282373,-0.003515072890583039,0.004794563701127191,1.029043014555319e-07,0.0,0.0925176136590045,0.5031813275425596
5.4999999999999885,-0.3,-33.00000000000004,0.0,0.0,0.0,5.582854399171014,119.30979671624276,2.0,WAIT,None,0,9.78164746119944,-0.023259775649649362,0.004554835802316294,9.26138713099787e-08,0.0,0.0982188140294674,0.5017320884054898
5.549999999999988,-0.3,-33.30000000000004,0.0,0.0,0.0,5.509422009163761,120.1997955328433,2.0,WAIT,None,0,9.856524259219839,-0.040180920888237534,0.004327642819880126,8.335248417898083e-08,0.0,0.10415037562634073,0.49968197625158484
5.599999999999988,-0.3,-33.60000000000004,0.0,0.0,0.0,5.437031398191602,121.08979446778378,2.0,WAIT,None,0,9.930367746361497,-0.05457680088360573,0.004116147793401098,7.501723576108275e-08,0.0,0.11031451224498157,0.49703343626595886
5.649999999999988,-0.3,-33.900000000000034,0.0,0.0,0.0,5.365698317734703,121.9797935092302,2.0,WAIT,None,0,10.003086577008943,-0.06671100811274708,0.003926972127157588,6.751551218497447e-08,0.0,0.11671296864427745,0.4937919834672384
5.699999999999988,-0.3,-34.20000000000003,0.0,0.0,0.0,5.2954438759111975,122.86979264653199,2.0,WAIT,None,0,10.074598189449802,-0.07681757402944904,0.003767740814393541,6.076396096647702e-08,0.0,0.12334698089686197,0.48996609755114556
5.749999999999988,-0.3,-34.50000000000003,0.0,0.0,0.0,5.22629457533388,123.7597918701036,2.0,WAIT,None,0,10.144828387269285,-0.08510454332042769,0.0036445865288548774,5.468756486982932e-08,0.0,0.13021723597273857,0.4855670958135515
5.799999999999987,-0.3,-34.800000000000026,0.0,0.0,0.0,5.158282347310598,124.64979117131804,2.0,WAIT,None,0,10.213710931685313,-0.09175676577077324,0.0035605869601689276,4.921880838284638e-08,0.0,0.13732383077070104,0.4806089865148751
5.849999999999987,-0.3,-35.10000000000002,0.0,0.0,0.0,5.091444580287928,125.53979054241104,2.0,WAIT,None,0,10.281187144882836,-0.09693829959397715,0.003515231275654263,4.4296927544561746e-08,0.0,0.14466623083521848,0.4751083051746794
5.899999999999987,-0.3,-35.40000000000002,0.0,0.0,0.0,5.025824140076253,126.42978997639474,2.0,WAIT,None,0,10.347205524383355,-0.1007945932704316,0.003504675465095562,3.9867234790105574e-08,0.0,0.15224322901940537,0.46908393635881823
5.949999999999987,-0.3,-35.70000000000002,0.0,0.0,0.0,4.961469379003965,127.31978946698008,2.0,WAIT,None,0,10.411721368464015,-0.10345450832848724,0.0035224744445408276,3.588051131109502e-08,0.0,0.16005290437744016,0.4625569235450756
5.999999999999987,-0.3,-36.000000000000014,0.0,0.0,0.0,4.8984341307339765,128.20978900850687,2.0,WAIT,None,0,10.474696412620332,-0.10503220273138815,0.003560519922831319,3.229246017998552e-08,0.0,0.16809258159181628,0.45555026963151335
6.0499999999999865,-0.3,-36.30000000000001,0.0,0.0,0.0,4.836777687044154,129.099788595881,2.0,WAIT,None,0,10.53609847704817,-0.10562887849474055,0.003609988914953491,2.9063214161986967e-08,0.0,0.17635879126189213,0.4480887305897303
6.099999999999986,-0.3,-36.60000000000001,0.0,0.0,0.0,4.776564752434405,129.9897882245177,2.0,WAIT,None,0,10.595901125101989,-0.10533439210711643,0.0036621819901583256,2.615689274578827e-08,0.0,0.1848472314001253,0.44019860466858535
6.149999999999986,-0.3,-36.900000000000006,0.0,0.0,0.0,4.717865371991231,130.87978789029074,2.0,WAIT,None,0,10.654083332670197,-0.10422872582684353,0.0037091892457708406,2.3541203471209442e-08,0.0,0.19355273050063065,0.4319075194283268
6.199999999999986,-0.3,-37.2,0.0,0.0,0.0,4.660754827534481,131.76978758948647,2.0,WAIT,None,0,10.710629168392728,-0.10238331932190402,0.0037443633090550417,2.1187083124088497e-08,0.0,0.20246921256112765,0.42324421873625956
6.249999999999986,-0.3,-37.5,0.0,0.0,0.0,4.605313496712886,132.65978731876262,2.0,WAIT,None,0,10.765527484631505,-0.09986226320756093,0.0037626048805461075,1.9068374811679647e-08,0.0,0.2115896644534739,0.4142383516886391
6.299999999999986,-0.3,-37.8,0.0,0.0,0.0,4.551626669434731,133.54978707511117,2.0,WAIT,None,0,10.818771619090583,-0.09672335822090364,0.0037604812829929285,1.7161537330511683e-08,0.0,0.2209061060495026,0.40492026524459607
6.349999999999985,-0.3,-38.099999999999994,0.0,0.0,0.0,4.499784315850202,134.43978685582485,2.0,WAIT,None,0,10.870359106970795,-0.09301904574798119,0.003736205783236919,1.5445383597460516e-08,0.0,0.23040956351743805,0.3953208021716304
6.399999999999985,-0.3,-38.39999999999999,0.0,0.0,0.0,4.449880800081665,135.32978665846716,2.0,WAIT,None,0,10.920291403531465,-0.08879721704761072,0.0036895079349105017,1.3900845237714465e-08,0.0,0.24009004620929641,0.38547110571255916
6.449999999999985,-0.3,-38.69999999999999,0.0,0.0,0.0,4.402014534070584,136.21978648084524,2.0,WAIT,None,0,10.968573616921745,-0.08410190975508147,0.003621424821499141,1.2510760713943018e-08,0.0,0.24993652756139012,0.37540243219499103
6.499999999999985,-0.3,-38.999999999999986,0.0,0.0,0.0,4.356287566318303,137.10978632098553,2.0,WAIT,None,0,11.015214251133628,-0.07897390111390218,0.003534041125107652,1.1259684642548716e-08,0.0,0.25993693042735133,0.36514597261940673
6.549999999999985,-0.3,-39.29999999999998,0.0,0.0,0.0,4.312805100988699,137.9997861771118,2.0,WAIT,None,0,11.0602249589204,-0.07345120791672086,0.003430203152440411,1.0133716178293845e-08,0.0,0.27007811725648534,0.354732684083579
6.5999999999999845,-0.3,-39.59999999999998,0.0,0.0,0.0,4.271674943853599,138.88978604762542,2.0,WAIT,None,0,11.103620304515516,-0.06756950338761733,0.0033132287249468444,9.12034456046446e-09,0.0,0.28034588551883544,0.3441931317314197
6.649999999999984,-0.3,-39.89999999999998,0.0,0.0,0.0,4.233006872930218,139.77978593108767,2.0,WAIT,None,0,11.145417535979902,-0.0613624612524593,0.00318663139714058,8.208310104418014e-09,0.0,0.2907249687621426,0.33355734175518525
6.699999999999984,-0.3,-40.199999999999974,0.0,0.0,0.0,4.1969119334028955,140.6697858262037,2.0,WAIT,None,0,11.185636366998835,-0.05486203705496764,0.003053873920159512,7.387479093976213e-09,0.0,0.3011990436646605,0.3228546658322403
6.749999999999984,-0.3,-40.49999999999997,0.0,0.0,0.0,4.163501658539865,141.55978573180815,2.0,WAIT,None,0,11.224298767943566,-0.04809869640020922,0.00291816229471932,6.6487311845785915e-09,0.0,0.31175074342147857,0.31211365724216683
6.799999999999984,-0.3,-40.79999999999997,0.0,0.0,0.0,4.132887220784871,142.44978564685215,2.0,WAIT,None,0,11.261428766007924,-0.041101599243747095,0.002782288232948802,5.983858066120732e-09,0.0,0.32236167777031816,0.3013619587871579
6.849999999999984,-0.3,-41.099999999999966,0.0,0.0,0.0,4.105178519968663,143.33978557039174,2.0,WAIT,None,0,11.297052254224582,-0.033898748578909246,0.002648524454368855,5.385472259508659e-09,0.0,0.33301245992595385,0.29062620252838184
6.8999999999999835,-0.3,-41.39999999999996,0.0,0.0,0.0,4.080483218558652,144.22978550157737,2.0,WAIT,None,0,11.331196809163146,-0.026517110887314073,0.002518574066084539,4.846925033557793e-09,0.0,0.34368274065023785,0.27993192125309696
6.949999999999983,-0.3,-41.69999999999996,0.0,0.0,0.0,4.058905736922138,145.11978543964443,2.0,WAIT,None,0,11.363891517107135,-0.018982714501941788,0.0023935724075815714,4.362232530202014e-09,0.0,0.3543512496375865,0.2693034715013225
6.999999999999983,-0.3,-41.99999999999996,0.0,0.0,0.0,4.040546224563674,146.00978538390478,2.0,WAIT,None,0,11.395166808505309,-0.011320730615723185,0.0022741372502906513,3.926009277181812e-09,0.0,0.3649958443435968,0.2587639679061435
7.049999999999983,-0.3,-42.299999999999955,0.0,0.0,0.0,4.0254995260271516,146.89978533373912,2.0,WAIT,None,0,11.425054300489734,-0.0035555401366424606,0.002160461184102844,3.533408349463631e-09,0.0,0.37559356632779745,0.24833522853745577
7.099999999999983,-0.3,-42.59999999999995,0.0,0.0,0.0,4.013854162429242,147.78978528859002,2.0,WAIT,None,0,11.45358664725137,0.0042892119066889195,0.0020524384245541394,3.1800675145172677e-09,0.0,0.38612070512053626,0.2380377308845628
7.149999999999983,-0.3,-42.89999999999995,0.0,0.0,0.0,4.0056913512138115,148.67978524795583,2.0,WAIT,None,0,11.480797398062748,0.012190573967292858,0.0019498171379428162,2.862060763065541e-09,0.0,0.3965528695591671,0.227890578067318
7.199999999999982,-0.3,-43.199999999999946,0.0,0.0,0.0,4.001084087505024,149.56978521138507,2.0,WAIT,None,0,11.50672086273579,0.020126257973554863,0.0018523676903226909,2.5758546867589868e-09,0.0,0.406865066470672,0.2179114748279647
7.249999999999982,-0.3,-43.49999999999994,0.0,0.0,0.0,4.000096310246262,150.45978517847138,2.0,WAIT,None,0,11.531391984303184,0.02807462234872172,0.001760056952060236,2.3182692180830883e-09,0.0,0.4170317865069609,0.20811671282533598
7.299999999999982,-0.3,-43.79999999999994,0.0,0.0,0.0,4.002782175055057,151.34978514884904,2.0,WAIT,None,0,11.554846218710793,0.03601466835271921,0.0016732189013918572,2.0864422962747793e-09,0.0,0.42702709686641954,0.1985211647290523
7.349999999999982,-0.3,-44.09999999999994,0.0,0.0,0.0,4.00918545338554,152.23978512218895,2.0,WAIT,None,0,11.57711942130939,0.043926049248071315,0.0015927122395445264,1.8777980666473015e-09,0.0,0.4368247405610899,0.1891382865928953
7.399999999999982,-0.3,-44.399999999999935,0.0,0.0,0.0,4.019339074234587,153.12978509819487,2.0,WAIT,None,0,11.59824773993438,0.0517890907827421,0.0015200565312382284,1.6900182599825713e-09,0.0,0.4463982418144896,0.17998012797304533
7.4499999999999815,-0.3,-44.69999999999993,0.0,0.0,0.0,4.033264820403077,154.0197850766002,2.0,WAIT,None,0,11.61826751436331,0.059584820536506294,0.0014575394924382543,1.5210164339843142e-09,0.0,0.45572101710085205,0.17105734924777385
7.499999999999981,-0.3,-44.99999999999993,0.0,0.0,0.0,4.050973186449533,154.90978505716498,2.0,WAIT,None,0,11.63721518194194,0.06729500301867133,0.0014082894306572627,1.3689147905858827e-09,0.0,0.46476649126391045,0.16237924558978628
7.549999999999981,-0.3,-45.299999999999926,0.0,0.0,0.0,4.0724634002261855,155.79978503967328,2.0,WAIT,None,0,11.655127189171509,0.07490217714805386,0.0013763084586060704,1.2320233115272944e-09,0.0,0.4735082180827597,0.153953777040418
7.599999999999981,-0.3,-45.59999999999992,0.0,0.0,0.0,4.097723604575149,156.68978502393077,2.0,WAIT,None,0,11.672039909051705,0.08238969288534329,0.00136646389098804,1.1088209803745649e-09,0.0,0.48192000458507817,0.14578760413586128
7.649999999999981,-0.3,-45.89999999999992,0.0,0.0,0.0,4.126731190696409,157.5797850097625,2.0,WAIT,None,0,11.687989563975322,0.08974174422946835,0.0013844371230773704,9.979388823371084e-10,0.0,0.4899760383448666,0.13788612853909413
7.699999999999981,-0.3,-46.19999999999992,0.0,0.0,0.0,4.1594532701662565,158.46978499701106,2.0,WAIT,None,0,11.703012153973958,0.09694339640218634,0.001436631193142459,8.981449941033975e-10,0.0,0.4976510169438725,0.13025353813709065
7.7499999999999805,-0.3,-46.499999999999915,0.0,0.0,0.0,4.195847268821561,159.35978498553476,2.0,WAIT,None,0,11.717143390115524,0.10398060570627334,0.0015300400575529102,8.083304946930578e-10,0.0,0.504920278724014,0.1228928560709115
7.79999999999998,-0.3,-46.79999999999991,0.0,0.0,0.0,4.235861622900172,160.2497849752061,2.0,WAIT,None,0,11.730418632857834,0.11084023116506286,0.0016720842671193426,7.27497445223752e-10,0.0,0.5117599339130968,0.11580599317621106
7.84999999999998,-0.3,-47.09999999999991,0.0,0.0,0.0,4.279436556030532,161.1397849659103,2.0,WAIT,None,0,11.742872835165088,0.11751003758869312,0.0018704191431045448,6.547477007013767e-10,0.0,0.5181469951689825,0.10899380332343873
7.89999999999998,-0.3,-47.399999999999906,0.0,0.0,0.0,4.326504914905465,162.02978495754408,2.0,WAIT,None,0,11.754540490197371,0.12397869015277385,0.0021327226426983785,5.89272930631239e-10,0.0,0.5240595065587931,0.10245614116052124
7.94999999999998,-0.3,-47.6999999999999,0.0,0.0,0.0,4.376993041693991,162.91978495001447,2.0,WAIT,None,0,11.7654555833862,0.13023574092585943,0.0024664708272714286,5.303456375681151e-10,0.0,0.5294766699702662,0.09619192177579118
7.99999999999998,-0.3,-47.9999999999999,0.0,0.0,0.0,4.430821662321249,163.80978494323784,2.0,WAIT,None,0,11.775651548713029,0.13627160805832975,0.0028787091764565856,4.773110738113036e-10,0.0,0.5343789679428587,0.09019918181557772
8.04999999999998,-0.3,-48.2999999999999,0.0,0.0,0.0,4.4879067715196435,164.69978493713887,2.0,WAIT,None,0,11.785161229010384,0.14207754856148477,0.0033758279264434173,4.295799664301733e-10,0.0,0.538748281906845,0.08447514160886968
8.09999999999998,-0.3,-48.599999999999895,0.0,0.0,0.0,4.549469982381741,165.5897849316498,2.0,WAIT,None,0,11.785766840109687,0.1476456257716029,0.003963349176304577,3.866219697871559e-10,0.0,0.5425680048299423,0.07901626787089344
8.14999999999998,-0.3,-48.89999999999989,0.0,0.0,0.0,4.61552888015338,166.47978492670964,2.0,WAIT,None,0,11.778092563662966,0.15260102004951437,0.004645732748728714,3.479597728084403e-10,0.0,0.5393934132311234,0.07474165580477005
8.199999999999982,-0.3,-49.19999999999989,0.0,0.0,0.0,4.6860772054370425,167.36978492226348,2.0,WAIT,None,0,11.762737108879634,0.15700603880920033,0.005416635105227599,3.131637955275963e-10,0.0,0.5359378053381965,0.07056128589218236
8.249999999999982,-0.3,-49.499999999999886,0.0,0.0,0.0,4.761086190086732,168.25978491826194,2.0,WAIT,None,0,11.740274230200072,0.16091352629183642,0.006268128395065497,2.8184741597483667e-10,0.0,0.5321869643132859,0.0664893635960558
8.299999999999983,-0.3,-49.79999999999988,0.0,0.0,0.0,4.840506172056332,169.14978491466056,2.0,WAIT,None,0,11.71125325753087,0.1643681430733638,0.007191103285654594,2.53662674377353e-10,0.0,0.528127925112238,0.06253745771794533
8.349999999999984,-0.3,-50.09999999999988,0.0,0.0,0.0,4.9242684208607574,170.0397849114193,2.0,WAIT,None,0,11.676199637356092,0.167407502314782,0.008175607281923462,2.2829640693961768e-10,0.0,0.5237491104852491,0.058714807249390155
8.399999999999984,-0.3,-50.39999999999988,0.0,0.0,0.0,5.01228710584391,170.92978490850217,2.0,WAIT,None,0,11.635615483120972,0.1700631769086059,0.009211122344204768,2.0546676624565591e-10,0.0,0.519040457961469,0.05502859908158939
8.449999999999985,-0.3,-50.699999999999875,0.0,0.0,0.0,4.958443354302606,171.81978490587676,2.0,WAIT,None,0,11.58998013336381,0.17236159047042432,0.01028678974585981,1.8492008962109033e-10,0.0,0.5139935363624821,0.05148421728628565
8.499999999999986,-0.3,-50.99999999999987,0.0,0.0,0.0,4.877017560421437,172.70978490351388,2.0,WAIT,None,0,11.53975071615028,0.17432480408533613,0.011391591628530224,1.6642808065898128e-10,0.0,0.5086016504203034,0.048085465492043865
8.549999999999986,-0.3,-51.29999999999987,0.0,0.0,0.0,4.798295537887881,173.5997849013873,2.0,WAIT,None,0,11.485362718439802,0.1759712097585242,0.012514498652350796,1.4978527259308317e-10,0.0,0.5028599321383918,0.04483476438148447
8.599999999999987,-0.3,-51.599999999999866,0.0,0.0,0.0,4.722412503256355,174.48978489947336,2.0,WAIT,None,0,11.427230559086752,0.17731614059555814,0.013644592208128286,1.3480674533377485e-10,0.0,0.4967654176288016,0.04173332660083669
8.649999999999988,-0.3,-51.899999999999864,0.0,0.0,0.0,4.649507461111345,175.37978489775082,2.0,WAIT,None,0,11.365748164251045,0.17837240683648276,0.014771168316722231,1.2132607080039736e-10,0.0,0.49031710828377284,0.03878131146430068
8.699999999999989,-0.3,-52.19999999999986,0.0,0.0,0.0,4.5797226345287765,176.26978489620055,2.0,WAIT,None,0,11.301289544061717,0.17915076598847132,0.015883828869827296,1.0919346372035762e-10,0.0,0.4835160152939552,0.03597796180178198
8.74999999999999,-0.3,-52.49999999999986,0.0,0.0,0.0,4.513202763668408,177.15978489480528,2.0,WAIT,None,0,11.23420936944359,0.17966033445185142,0.016972564429810835,9.827411734832186e-11,0.0,0.4763651867053137,0.033321725178670235
8.79999999999999,-0.3,-52.799999999999855,0.0,0.0,0.0,4.450094264330527,178.04978489354957,2.0,WAIT,None,0,11.164843548082985,0.1799089472228442,0.018027831491921616,8.844670561348967e-11,0.0,0.4688697164093655,0.030810361541309835
8.84999999999999,-0.3,-53.09999999999985,0.0,0.0,0.0,4.390544241402534,178.93978489241942,2.0,WAIT,None,0,11.093509798570182,0.1799034714920947,0.019040625961192496,7.96020350521407e-11,0.0,0.4610367346827341,0.028441039135214632
8.899999999999991,-0.3,-53.39999999999985,0.0,0.0,0.0,4.334699356240071,179.82978489140228,2.0,WAIT,None,0,11.020508221817863,0.1796500792479874,0.020002553622858257,7.164183154692663e-11,0.0,0.45287538012773765,0.026210420322685467
8.949999999999992,-0.3,-53.69999999999985,0.0,0.0,0.0,4.282704552193894,180.71978489048686,2.0,WAIT,None,0,10.946121868912911,0.1791544833426556,0.020905897588743637,6.447764839223397e-11,0.0,0.4443967531108854,0.02411473870536074
8.999999999999993,-0.3,-53.999999999999844,0.0,0.0,0.0,4.234701648641773,181.609784889663,2.0,WAIT,None,0,10.870617304615593,0.1784221408892561,0.021743682075563472,5.8029883553010573e-11,0.0,0.4356138510458052,0.022149868744758966
9.049999999999994,-0.3,-54.29999999999984,0.0,0.0,0.0,4.190827820845065,182.4997848889215,2.0,WAIT,None,0,10.794245165774981,0.1774584273324397,0.0225097314045047,5.222689519770951e-11,0.0,0.42654148611592,0.02031138887631073
9.099999999999994,-0.3,-54.59999999999984,0.0,0.0,0.0,4.151213990430852,183.38978488825416,2.0,WAIT,None,0,10.717240713981795,0.17626878406952345,0.02319872279444424,4.7004205677938564e-11,0.0,0.41719618627484517,0.01859463893382478
9.149999999999995,-0.3,-54.899999999999835,0.0,0.0,0.0,4.115983158885063,184.27978488765353,2.0,WAIT,None,0,10.639824381830465,0.17485884209610955,0.02380623134364335,4.230378511014471e-11,0.0,0.4075960805940382,0.016994772543954786
9.199999999999996,-0.3,-55.19999999999983,0.0,0.0,0.0,4.085248723598844,185.169784887113,2.0,WAIT,None,0,10.562202312211042,0.17323452380447085,0.02432876554699833,3.807340659913024e-11,0.0,0.3977607702426827,0.015506805014890178
9.249999999999996,-0.3,-55.49999999999983,0.0,0.0,0.0,4.059112822123717,186.05978488662652,2.0,WAIT,None,0,10.484566890098364,0.17140212477306963,0.024763791767976853,3.4266065939217217e-11,0.0,0.38771118657986325,0.01412565712995086
9.299999999999997,-0.3,-55.79999999999983,0.0,0.0,0.0,4.037664754714836,186.94978488618867,2.0,WAIT,None,0,10.407097266350775,0.16936837714782632,0.02510974626537428,3.0839459345295494e-11,0.0,0.37746943800965616,0.012846195164031987
9.349999999999998,-0.3,-56.099999999999824,0.0,0.0,0.0,4.020979537366801,187.83978488579461,2.0,WAIT,None,0,10.329959873073562,0.16714049602664616,0.02536603365246685,2.7755513410765944e-11,0.0,0.3670586473927112,0.011663267367462678
9.399999999999999,-0.3,-56.39999999999982,0.0,0.0,0.0,4.009116636883579,188.72978488543995,2.0,WAIT,None,0,10.253308930144101,0.16472621011438457,0.025533011025197283,2.497996206968935e-11,0.0,0.35650278192047924,0.010571737105859793
9.45,-0.3,-56.69999999999982,0.0,0.0,0.0,4.002118935781771,189.61978488512077,2.0,WAIT,None,0,10.177286942534636,0.16213377781172642,0.025611957419174256,2.2481965862720414e-11,0.0,0.3458264774385139,0.009566512803946667
9.5,-0.3,-56.999999999999815,0.0,0.0,0.0,4.000011967978496,190.5097848848335,2.0,WAIT,None,0,10.166464710757026,0.1593719898338705,0.025605028722185865,2.0233769276448374e-11,0.0,0.33505485925226547,0.008642574813847956
9.55,-0.3,-57.29999999999981,0.0,0.0,0.0,4.002803456534823,191.39978488457496,2.0,WAIT,None,0,10.25561246443877,0.15645015941856757,0.025515198656830478,1.8210392348803538e-11,0.0,0.3242133614619837,0.007794999311900408
9.600000000000001,-0.3,-57.59999999999981,0.0,0.0,0.0,4.010483172785201,192.28978488434225,2.0,WAIT,None,0,10.343366616048229,0.1533781011726789,0.02534618693221485,1.6389353113923184e-11,0.0,0.3133275468533236,0.007018979320410449
9.650000000000002,-0.3,-57.89999999999981,0.0,0.0,0.0,4.023023122805668,193.17978488413283,2.0,WAIT,None,0,10.429564878680111,0.15016609961634883,0.02510237611926658,1.4750417802530865e-11,0.0,0.3024229293180673,0.006309842950062848
9.700000000000003,-0.3,-58.199999999999804,0.0,0.0,0.0,4.0403780533474185,194.06978488394435,2.0,WAIT,None,0,10.514056418484131,0.14682486850816753,0.024788719206615916,1.3275376022277778e-11,0.0,0.29152480069693654,0.005663068963021288
9.750000000000004,-0.3,-58.4999999999998,0.0,0.0,0.0,4.0624862561287625,194.95978488377472,2.0,WAIT,None,0,10.596701873533135,0.1433655020672196,0.02441064012111023,1.194783842005e-11,0.0,0.2806580638262317,0.005074299764530285
9.800000000000004,-0.3,-58.7999999999998,0.0,0.0,0.0,4.089270637709436,195.84978488362205,2.0,WAIT,None,0,10.677373322134628,0.1397994192425864,0.02397392973063636,1.0753054578044999e-11,0.0,0.26984707343486386,0.004539351940630756
9.850000000000005,-0.3,-59.099999999999795,0.0,0.0,0.0,4.1206400128590115,196.73978488348465,2.0,WAIT,None,0,10.755954204604393,0.13613830221189338,0.023484639974169212,9.6777491202405e-12,0.0,0.2591154863818715,0.004054224470219748
9.900000000000006,-0.3,-59.39999999999979,0.0,0.0,0.0,4.156490572907753,197.629784883361,2.0,WAIT,None,0,10.83233920236421,0.13239403031261146,0.022948978778350334,8.709974208216449e-12,0.0,0.2484861225501329,0.0036151047501645967
9.950000000000006,-0.3,-59.69999999999979,0.0,0.0,0.0,4.196707477264705,198.5197848832497,2.0,WAIT,None,0,10.906434078070845,0.1285786106186286,0.022373208321888362,7.838976787394804e-12,0.0,0.23798083752400329,0.0032183725817292305
10.000000000000007,-0.3,-59.99999999999979,0.0,0.0,0.0,4.241166516037417,199.40978488314954,2.0,WAIT,None,0,10.9781554803279,0.12470410636676992,0.02176354900606151,7.055079108655324e-12,0.0,0.22762040798074634,0.002860602274613828
10.050000000000008,-0.3,-60.299999999999784,0.0,0.0,0.0,4.289735794167217,200.2997848830594,2.0,WAIT,None,0,11.047430716379552,0.12078256441141767,0.021126091195310913,6.349571197789791e-12,0.0,0.21742443052208024,0.0025385630310538576
10.100000000000009,-0.3,-60.59999999999978,0.0,0.0,0.0,4.342277392192016,201.18978488297827,2.0,WAIT,None,0,11.114197496032517,0.11682594283950558,0.02046671642523609,5.714614078010812e-12,0.0,0.20741123446699072,0.0022492177764136274
10.15000000000001,-0.3,-60.89999999999978,0.0,0.0,0.0,4.398648965046945,202.07978488290524,2.0,WAIT,None,0,11.178403649902549,0.11284603981364309,0.019791029358735328,5.143152670209731e-12,0.0,0.19759780892371218,0.001989720604442637
10.20000000000001,-0.3,-61.199999999999775,0.0,0.0,0.0,4.458705247564937,202.96978488283952,2.0,WAIT,None,0,11.240006824933545,0.10885442462992513,0.01910430132885729,4.628837403188758e-12,0.0,0.18799974426103594,0.0017574130048430084
10.25000000000001,-0.3,-61.49999999999977,0.0,0.0,0.0,4.522299442939238,203.85978488278036,2.0,WAIT,None,0,11.298974159991985,0.10486237188209048,0.018411425863348,4.165953662869882e-12,0.0,0.17863118791029484,0.0015498190381159917
10.300000000000011,-0.3,-61.79999999999977,0.0,0.0,0.0,4.589284477840481,204.74978488272714,2.0,WAIT,None,0,11.355281944194786,0.10088079951876079,0.017716886163281643,3.749358296582894e-12,0.0,0.16950481425185032,0.001364639617993695
10.350000000000012,-0.3,-62.09999999999977,0.0,0.0,0.0,4.659514114742246,205.63978488267924,2.0,WAIT,None,0,11.408915260489636,0.09692021146949951,0.017024734125700998,3.3744224669246043e-12,0.0,0.16063180817650385,0.001199746055326052
10.400000000000013,-0.3,-62.399999999999764,0.0,0.0,0.0,4.732843918027953,206.5297848826361,2.0,WAIT,None,0,11.459867616867768,0.09299064540224496,0.01633858017273906,3.036980220232144e-12,0.0,0.15202186176462068,0.0010531730093506697
10.450000000000014,-0.3,-62.69999999999976,0.0,0.0,0.0,4.809132075473189,207.4197848825973,2.0,WAIT,None,0,11.508140567455229,0.0891016260627169,0.015661592887283922,2.7332821982089293e-12,0.0,0.14368318339555305,0.0009231109830913784
10.500000000000014,-0.3,-62.99999999999976,0.0,0.0,0.0,4.888240080670762,208.30978488256238,2.0,WAIT,None,0,11.553743325596656,0.08526212453835465,0.014996507262975007,2.459953978388036e-12,0.0,0.13562251848811,0.0008078984894965519
10.550000000000015,-0.3,-63.299999999999756,0.0,0.0,0.0,4.970033284919549,209.19978488253096,2.0,WAIT,None,0,11.596692370918134,0.08148052368701637,0.014345640254620854,2.2139585805492324e-12,0.0,0.12784518098009512,0.0007060140041143284
10.600000000000016,-0.3,-63.59999999999975,0.0,0.0,0.0,5.0543813291185336,210.08978488250267,2.0,WAIT,None,0,11.637011052229951,0.07776458987492897,0.013710912260414179,1.9925627224943093e-12,0.0,0.12035509458125389,0.0006160678088723486
10.650000000000016,-0.3,-63.89999999999975,0.0,0.0,0.0,5.141158467415528,210.97978488247722,2.0,WAIT,None,0,11.674729188009678,0.0741214510793172,0.013093873172791426,1.7933064502448783e-12,0.0,0.11315484277953025,0.0005367938201315285
10.700000000000017,-0.3,-64.19999999999975,0.0,0.0,0.0,5.230243794893076,211.8697848824543,2.0,WAIT,None,0,11.709882666087935,0.07055758132826102,0.012495731691373102,1.6139758052203905e-12,0.0,0.1062457265443314,0.0004670414828312568
10.750000000000018,-0.3,-64.49999999999974,0.0,0.0,0.0,5.3215213915721495,212.75978488243368,2.0,WAIT,None,0,11.742513044045467,0.06707879137287061,0.0119173866887298,1.4525782246983513e-12,0.0,0.09962782865206402,0.0004057678014311591
10.800000000000018,-0.3,-64.79999999999974,0.0,0.0,0.0,5.414880394607608,213.6497848824151,2.0,WAIT,None,0,11.772667151719418,0.06369022541408972,0.011359459546887385,1.3073204022285162e-12,0.0,0.09330008355720643,0.00035202956764349516
10.85000000000002,-0.3,-65.09999999999974,0.0,0.0,0.0,5.510215009857194,214.5397848823984,2.0,WAIT,None,0,11.800396697110727,0.060396363637908665,0.010822326528932936,1.1765883620056647e-12,0.0,0.08726035174538735,0.0003049758347738074
10.90000000000002,-0.3,-65.39999999999974,0.0,0.0,0.0,5.607424473125699,215.4297848823834,2.0,WAIT,None,0,11.82575787688154,0.05720103024852881,0.010306150406089495,1.0589295258050983e-12,0.0,0.08150549753179874,0.00026384067894657317
10.95000000000002,-0.3,-65.69999999999973,0.0,0.0,0.0,5.7064129704014706,216.31978488236985,2.0,WAIT,None,0,11.84881099253235,0.05410740662967041,0.00981091071774002,9.530365732245885e-13,0.0,0.0760314693072914,0.0002279362786681373
11.000000000000021,-0.3,-65.99999999999973,0.0,0.0,0.0,5.807089525375613,217.20978488235767,2.0,WAIT,None,0,11.8696200732536,0.05111804921082868,0.009336432193158896,8.577329159021296e-13,0.0,0.07083338128384142,0.00019664633611726998
11.050000000000022,-0.3,-66.29999999999973,0.0,0.0,0.0,5.9093678615137835,218.0997848823467,2.0,WAIT,None,0,11.888252506355286,0.04823491156927835,0.008882411003823368,7.719596243119167e-13,0.0,0.06590559584918151,0.00016941985628687992
11.100000000000023,-0.3,-66.59999999999972,0.0,0.0,0.0,6.013166244971146,218.98978488233683,2.0,WAIT,None,0,11.904778676089734,0.04545937026152536,0.008448438640383185,6.94763661880725e-13,0.0,0.061241805705515566,0.00014576529363451008
11.150000000000023,-0.3,-66.89999999999972,0.0,0.0,0.0,6.118407313724092,219.87978488232795,2.0,WAIT,None,0,11.919271611599584,0.04279225385108584,0.008034023316389914,6.252872956926526e-13,0.0,0.05683511503762475,0.00012524507022670313
11.200000000000024,-0.3,-67.19999999999972,0.0,0.0,0.0,6.225017897452823,220.76978488231995,2.0,WAIT,None,0,11.931806644642137,0.0402338745839671,0.007638608890740508,5.627585661233873e-13,0.0,0.05267811902993077,0.00010747046446004048
11.250000000000025,-0.3,-67.49999999999972,0.0,0.0,0.0,6.332928831953413,221.65978488231275,2.0,WAIT,None,0,11.94246107766537,0.037784062159532145,0.007261591372553182,5.064827095110486e-13,0.0,0.04876298112851902,9.20968652751132e-05
11.300000000000026,-0.3,-67.79999999999971,0.0,0.0,0.0,6.442074771187392,222.54978488230628,2.0,WAIT,None,0,11.95131386273701,0.03544219905244942,0.006902333126781594,4.558344385599437e-13,0.0,0.04508150752151093,7.881938330580756e-05
11.350000000000026,-0.3,-68.09999999999971,0.0,0.0,0.0,6.5523939994901506,223.43978488230047,2.0,WAIT,None,0,11.958445291759887,0.03320725686045513,0.0065601749378004165,4.1025099470394934e-13,0.0,0.041625218388164485,6.736880757525113e-05
11.400000000000027,-0.3,-68.39999999999971,0.0,0.0,0.0,6.663828245951629,224.32978488229523,2.0,WAIT,None,0,11.96393669833975,0.03107783318144937,0.006234446113363783,3.6922589523355437e-13,0.0,0.03838541554261293,5.750789410751758e-05
11.450000000000028,-0.3,-68.6999999999997,0.0,0.0,0.0,6.776322502547652,225.2197848822905,2.0,WAIT,None,0,11.967870171610599,0.02905218856036501,0.00592447282484877,3.323033057101989e-13,0.0,0.035353246171226343,4.902797111461758e-05
11.500000000000028,-0.3,-68.9999999999997,0.0,0.0,0.0,6.889824847231411,226.10978488228625,2.0,WAIT,None,0,11.970328282262102,0.027128283089395376,0.005629584883693993,2.99072975139179e-13,0.0,0.032519762432407236,4.174584418377618e-05
11.55000000000003,-0.3,-69.2999999999997,0.0,0.0,0.0,7.004286272884878,226.99978488228243,2.0,WAIT,None,0,11.971393820959463,0.025303812292553397,0.005349121150496598,2.691656776252611e-13,0.0,0.029875976753488298,3.5500984074203976e-05
11.60000000000003,-0.3,-69.5999999999997,0.0,0.0,0.0,7.119660522772272,227.88978488227897,2.0,WAIT,None,0,11.97114954929259,0.02357624197522477,0.00508243376424338,2.42249109862735e-13,0.0,0.027412912720801742,3.015297928047405e-05
11.65000000000003,-0.3,-69.8999999999997,0.0,0.0,0.0,7.235903932925234,228.7797848822759,2.0,WAIT,None,0,11.969677963342576,0.02194284176959533,0.004828891366307435,2.180241988764615e-13,0.0,0.025121651515459666,2.5579235378707675e-05
11.700000000000031,-0.3,-70.19999999999969,0.0,0.0,0.0,7.352975281715938,229.6697848822731,2.0,WAIT,None,0,11.967061069907174,0.020400717156054238,0.00458788147857484,1.9622177898881535e-13,0.0,0.022993373898745895,2.167290329302525e-05
11.750000000000032,-0.3,-70.49999999999969,0.0,0.0,0.0,7.470835646735265,230.55978488227058,2.0,WAIT,None,0,11.96338017538406,0.018946839787660357,0.00435881217855323,1.7659960108993382e-13,0.0,0.021019397796996752,1.834101895741147e-05
11.800000000000033,-0.3,-70.79999999999968,0.0,0.0,0.0,7.589448268980885,231.44978488226832,2.0,WAIT,None,0,11.958715687269574,0.017578075988577222,0.0041411131974836216,1.5893964098094042e-13,0.0,0.01919121157645371,1.550283736082369e-05
11.850000000000033,-0.3,-71.09999999999968,0.0,0.0,0.0,7.708778424273543,232.3397848822663,2.0,WAIT,None,0,11.953146928194343,0.016291213337392932,0.003934236551027788,1.4304567688284638e-13,0.0,0.017500503133832807,1.3088344613409573e-05
11.900000000000034,-0.3,-71.39999999999968,0.0,0.0,0.0,7.828793301751886,233.22978488226445,2.0,WAIT,None,0,11.946751962381398,0.015082985282066128,0.0037376567965335984,1.2874110919456174e-13,0.0,0.015939184958340992,1.1036932425789693e-05
11.950000000000035,-0.3,-71.69999999999968,0.0,0.0,0.0,7.94946188924551,234.11978488226282,2.0,WAIT,None,0,11.939607434380832,0.013950093764724792,0.0035508709965172925,1.1586699827510557e-13,0.0,0.014499415345810139,9.296220222135158e-06
12.000000000000036,-0.3,-71.99999999999967,0.0,0.0,0.0,8.070754865288592,235.00978488226133,2.0,WAIT,None,0,11.931788419905644,0.012889229861716344,0.0033733984550326813,1.0428029844759502e-13,0.0,0.013173615965732936,7.821010985774744e-06
12.050000000000036,-0.3,-72.29999999999967,0.0,0.0,0.0,8.192644497510786,235.89978488226,2.0,WAIT,None,0,11.91786828856607,0.011897092467324817,0.0032047802821015335,9.385226860283551e-14,0.0,0.011954485997537062,6.572367841564218e-06
12.100000000000037,-0.3,-72.59999999999967,0.0,0.0,0.0,8.315104547124404,236.7897848822588,2.0,WAIT,None,0,11.89821489077508,0.010970405068690571,0.003044578831353885,8.446704174255196e-14,0.0,0.010835013063776856,5.516799293895003e-06
12.150000000000038,-0.3,-72.89999999999966,0.0,0.0,0.0,8.438110179218162,237.6797848822577,2.0,WAIT,None,0,11.873185729739703,0.010105930675005773,0.0028923770474100826,7.602033756829676e-14,0.0,0.009808481195373274,4.625541947879174e-06
12.200000000000038,-0.3,-73.19999999999966,0.0,0.0,0.0,8.561637878562868,238.56978488225673,2.0,WAIT,None,0,11.843127903632507,0.009300484976362818,0.0027477777522278996,6.841830381146708e-14,0.0,0.008868476067950258,3.873930431575777e-06
12.250000000000039,-0.3,-73.49999999999966,0.0,0.0,0.0,8.685665370635746,239.45978488225586,2.0,WAIT,None,0,11.80837806774423,0.008550947817062084,0.002610402893515003,6.157647343032037e-14,0.0,0.008008887749082568,3.240845099418871e-06
12.30000000000004,-0.3,-73.79999999999966,0.0,0.0,0.0,8.810171547573884,240.34978488225508,2.0,WAIT,None,0,11.769262415760238,0.007854273075092347,0.0024798927732358057,5.541882608728833e-14,0.0,0.007223911194241432,2.7082289237703677e-06
12.35000000000004,-0.3,-74.09999999999965,0.0,0.0,0.0,8.935136398774262,241.23978488225438,2.0,WAIT,None,0,11.726096679307176,0.0072074970442168665,0.0023559052700872704,4.98769434785595e-14,0.0,0.006508044724749911,2.260665767248599e-06
12.400000000000041,-0.3,-74.39999999999965,0.0,0.0,0.0,9.060540945866396,242.12978488225374,2.0,WAIT,None,0,11.679186144920095,0.006607745417942888,0.002238115066450293,4.488924913070355e-14,0.0,0.0058560867145180055,1.885012969403887e-06
12.450000000000042,-0.3,-74.69999999999965,0.0,0.0,0.0,9.186367181794061,243.01978488225316,2.0,WAIT,None,0,11.628825687587579,0.006052238975905663,0.002126212887620855,4.0400324217633195e-14,0.0,0.005263130704034138,1.5700818750527797e-06
12.500000000000043,-0.3,-74.99999999999964,0.0,0.0,0.0,9.312598013753465,243.90978488225264,2.0,WAIT,None,0,11.575299820039788,0.005538298073114562,0.0020199047589785067,3.636029179586988e-14,0.0,0.004724559150358806,1.3063605770226883e-06
12.550000000000043,-0.3,-75.29999999999964,0.0,0.0,0.0,9.4392172097472,244.79978488225217,2.0,WAIT,None,0,11.518882756953616,0.00506334603131503,0.0019189112850620136,3.272426261628289e-14,0.0,0.004236036011014756,1.0857737430611805e-06
12.600000000000044,-0.3,-75.59999999999964,0.0,0.0,0.0,9.566209348525213,245.68978488225176,2.0,WAIT,None,0,11.45983849325998,0.004624911529614616,0.0018229669532089368,2.9451836354654604e-14,0.0,0.0037934983479524865,9.014749458997623e-07
12.650000000000045,-0.3,-75.89999999999964,0.0,0.0,0.0,9.693559772696247,246.57978488225137,2.0,WAIT,None,0,11.39842089574961,0.004220630088677696,0.0017318194634056592,2.650665271918914e-14,0.0,0.0033931471254494056,7.476674182389713e-07
12.700000000000045,-0.3,-76.19999999999963,0.0,0.0,0.0,9.821254544805335,247.46978488225105,2.0,WAIT,None,0,11.334873807186625,0.003848244739362686,0.001645229085226424,2.3855987447270226e-14,0.0,0.0030314373630973756,6.194496125400536e-07
12.750000000000046,-0.3,-76.49999999999963,0.0,0.0,0.0,9.949280406184375,248.35978488225075,2.0,WAIT,None,0,11.26943116215287,0.0035056059627880734,0.0015629680421640623,2.1470388702543204e-14,0.0,0.002705067792156337,5.126823611208131e-07
12.800000000000047,-0.3,-76.79999999999963,0.0,0.0,0.0,10.077624738394933,249.24978488225048,2.0,WAIT,None,0,11.202317113861369,0.0031906709845819226,0.0014848199232300487,1.9323349832288884e-14,0.0,0.0024109701506684275,4.238748075703161e-07
12.850000000000048,-0.3,-77.09999999999962,0.0,0.0,0.0,10.206275527092885,250.13978488225024,2.0,WAIT,None,0,11.133746171191547,0.002901502501590512,0.0014105791213938534,1.7391014849059994e-14,0.0,0.002146298239999933,3.5008661847892206e-07
12.900000000000048,-0.3,-77.39999999999962,0.0,0.0,0.0,10.33522132815554,251.02978488225003,2.0,WAIT,None,0,11.063923345216551,0.002636266914678526,0.0013400502982143956,1.5651913364153994e-14,0.0,0.001908416853035042,2.888442875724954e-07
12.950000000000049,-0.3,-77.69999999999962,0.0,0.0,0.0,10.464451235921885,251.91978488224981,2.0,WAIT,None,0,10.99304430450934,0.0023932321365170237,0.0012730478738683416,1.4086722027738594e-14,0.0,0.0016948906721996192,2.3806961520564525e-07
13.00000000000005,-0.3,-77.99999999999962,0.0,0.0,0.0,10.593954853406418,252.80978488224963,2.0,WAIT,None,0,10.921295538531524,0.0021707650384868013,0.001209395541684195,1.2678049824964734e-14,0.0,0.0015034732239298926,1.9601868743655997e-07
13.05000000000005,-0.3,-78.29999999999961,0.0,0.0,0.0,10.723722264355796,253.69978488224947,2.0,WAIT,None,0,10.848854528428234,0.0019673285960755487,0.0011489258062344077,1.1410244842468261e-14,0.0,0.0013320959651978348,1.6122989313738176e-07
13.100000000000051,-0.3,-78.59999999999961,0.0,0.0,0.0,10.853744007026648,254.58978488224932,2.0,WAIT,None,0,10.775889924569555,0.0017814787874610516,0.001091479544009916,1.0269220358221436e-14,0.0,0.0011788575673145432,1.3247970724713843e-07
13.150000000000052,-0.3,-78.89999999999961,0.0,0.0,0.0,10.984011049570832,255.4797848822492,2.0,WAIT,None,0,10.702561730199363,0.0016118612953861262,0.0010369055856947204,9.242298322399292e-15,0.0,0.0010420134524922685,1.0874513568562605e-07
13.200000000000053,-0.3,-79.1999999999996,0.0,0.0,0.0,11.114514766921731,256.36978488224906,2.0,WAIT,None,0,10.62902149057092,0.0014572080579746943,0.0009850603190664354,8.318068490159363e-15,0.0,0.0009199656295868747,8.917186481787619e-08
13.250000000000053,-0.3,-79.4999999999996,0.0,0.0,0.0,11.245246919083115,257.25978488224894,2.0,WAIT,None,0,10.555412486968805,0.0013163337098372092,0.0009358073115676059,7.486261641143426e-15,0.0,0.0008112528670725085,7.304728774416937e-08
13.300000000000054,-0.3,-79.7999999999996,0.0,0.0,0.0,11.376199630728028,258.14978488224887,2.0,WAIT,None,0,10.481869935036372,0.0011881319506877304,0.0008890169516186667,6.737635477029083e-15,0.0,0.0007145412336266545,5.97776929948693e-08
13.350000000000055,-0.3,-80.0999999999996,0.0,0.0,0.0,11.507365372021724,259.0397848822488,2.0,WAIT,None,0,10.408521186848219,0.0010715718747600733,0.0008445661077741902,6.063871929326175e-15,0.0,0.0006286150297193364,4.8869000187144795e-08
13.400000000000055,-0.3,-80.3999999999996,0.0,0.0,0.0,11.638736940589077,259.9297848822487,2.0,WAIT,None,0,10.335485936187524,0.0009656942905784801,0.0008023378048576972,5.457484736393557e-15,0.0,0.0005523681272899526,3.991051345761737e-08
13.450000000000056,-0.3,-80.69999999999959,0.0,0.0,0.0,11.770307444551348,260.81978488224865,2.0,WAIT,None,0,10.262876426507603,0.000869608057117651,0.0007622209162454591,4.911736262754202e-15,0.0,0.0004847957289410808,3.256123848319968e-08
13.500000000000057,-0.3,-80.99999999999959,0.0,0.0,0.0,11.902070286563129,261.7097848822486,2.0,WAIT,None,0,10.190797661078534,0.0007824864590830518,0.0007241098715054348,4.420562636478782e-15,0.0,0.00042498655305258477,2.6538373966352773e-08
13.550000000000058,-0.3,-81.29999999999959,0.0,0.0,0.0,12.034019148784703,262.5997848822485,2.0,WAIT,None,0,10.119347614839114,0.000703563640957887,0.0006879043786330874,3.978506372830904e-15,0.0,0.0003721154467943691,2.1607644784927317e-08
13.600000000000058,-0.3,-81.59999999999958,0.0,0.0,0.0,12.16614797872954,263.48978488224844,2.0,WAIT,None,0,10.048617447494962,0.0006321311165981701,0.0006535091601608582,3.5806557355478135e-15,0.0,0.0003254364251565754,1.7575192662477572e-08
13.650000000000059,-0.3,-81.89999999999958,0.0,0.0,0.0,12.298450975930782,264.3797848822484,2.0,WAIT,None,0,9.978691717423658,0.0005675343685101478,0.0006208337024522002,3.222590161993032e-15,0.0,0.0002842761307890366,1.4280782161457924e-08
13.70000000000006,-0.3,-82.19999999999958,0.0,0.0,0.0,12.430922579374469,265.26978488224836,2.0,WAIT,None,0,9.909648595968122,0.000509169548511256,0.0005897920175241128,2.9003311457937287e-15,0.0,0.0002480277066097219,1.1592115892487368e-08
13.75000000000006,-0.3,-82.49999999999957,0.0,0.0,0.0,12.5635574556505,266.15978488224835,2.0,WAIT,None,0,9.84156008171854,0.00045648028925157744,0.0005603024167739305,2.6102980312143557e-15,0.0,0.00021614507076698746,9.400083825872817e-09
13.800000000000061,-0.3,-82.79999999999957,0.0,0.0,0.0,12.696350487776417,267.04978488224833,2.0,WAIT,None,0,9.77449221440375,0.0004089546340509302,0.0005322872960166462,2.34926822809292e-15,0.0,0.00018813758158632142,7.614798157148543e-09
13.850000000000062,-0.3,-83.09999999999957,0.0,0.0,0.0,12.829296764651197,267.9397848822483,2.0,WAIT,None,0,9.708505288031517,0.0003661220906795927,0.0005056729312682586,2.114341405283628e-15,0.0,0.0001635650785601695,6.162287907424339e-09
13.900000000000063,-0.3,-83.39999999999957,0.0,0.0,0.0,12.962391571099788,268.8297848822483,2.0,WAIT,None,0,9.643654062936832,0.00032755081306980877,0.00048038928473853593,1.902907264755265e-15,0.0,0.0001420332842144498,4.981746851417841e-09
13.950000000000063,-0.3,-83.69999999999956,0.0,0.0,0.0,13.095630378471592,269.7197848822483,2.0,WAIT,None,0,9.579987976416078,0.00029284491348140787,0.00045636982052319234,1.7126165382797386e-15,0.0,0.00012318955077073946,4.0232449164652685e-09
14.000000000000064,-0.3,-83.99999999999956,0.0,0.0,0.0,13.229008835758528,270.6097848822483,2.0,WAIT,None,0,9.517551351643021,0.00026164190634845084,0.00043355132951082234,1.5413548844517647e-15,0.0,0.0001067189348859813,3.245827282487485e-09
14.050000000000065,-0.3,-84.29999999999956,0.0,0.0,0.0,13.362522761200685,271.49978488224826,2.0,WAIT,None,0,9.456383604581731,0.00023361028389472084,0.000411873763044068,1.3872193960065883e-15,0.0,9.234058335883009e-05,2.61593738276617e-09
14.100000000000065,-0.3,-84.59999999999955,0.0,0.0,0.0,13.496168134349674,272.38978488224825,2.0,WAIT,None,0,9.396519448628254,0.00020844722261390038,0.00039128007489744895,1.2484974564059293e-15,0.0,7.980441251373939e-05,2.1061101600471288e-09
14.150000000000066,-0.3,-84.89999999999955,0.0,0.0,0.0,13.62994108856178,273.27978488224824,2.0,WAIT,None,0,9.337989096731349,0.00018587641885506773,0.0003717160711561164,1.1236477107653363e-15,0.0,6.888806398114942e-05,1.693890533530036e-09
14.200000000000067,-0.3,-85.19999999999955,0.0,0.0,0.0,13.763837903894895,274.1697848822482,2.0,WAIT,None,0,9.280818460758894,0.00016564605102544524,0.00035313026760054876,1.0112829396888027e-15,0.0,5.939411975887607e-05,1.3609393061009133e-09
14.250000000000068,-0.3,-85.49999999999955,0.0,0.0,0.0,13.89785500038488,275.0597848822482,2.0,WAIT,None,0,9.225029347893809,0.0001475268653099843,0.000335473754221933,9.101546457199223e-16,0.0,5.114755974102461e-05,1.0922948831402458e-09
14.300000000000068,-0.3,-85.79999999999954,0.0,0.0,0.0,14.031988931678649,275.9497848822482,2.0,WAIT,None,0,9.170639653859155,0.00013131038130145264,0.0003187000665117245,8.191391811479301e-16,0.0,4.399344531418515e-05,8.757643527296032e-10
14.350000000000069,-0.3,-86.09999999999954,0.0,0.0,0.0,14.16623637900276,276.8397848822482,2.0,WAIT,None,0,9.117663552788486,0.00011680721352556762,0.0003027650631866957,7.372252630331371e-16,0.0,3.779481312574731e-05,7.014218368144325e-10
14.40000000000007,-0.3,-86.39999999999954,0.0,0.0,0.0,14.300594145447606,277.72978488224817,2.0,WAIT,None,0,9.066111683572359,0.00010384550452411146,0.00028762681002771,6.635027367298234e-16,0.0,3.2430763707486126e-05,5.611956879958449e-10
14.45000000000007,-0.3,-86.69999999999953,0.0,0.0,0.0,14.435059150548689,278.61978488224815,2.0,WAIT,None,0,9.015991332527022,9.226946491599429e-05,0.0002732454695265425,5.97152463056841e-16,0.0,2.7794730272465663e-05,4.485291834031561e-10
14.500000000000071,-0.3,-86.99999999999953,0.0,0.0,0.0,14.569628425147586,279.50978488224814,2.0,WAIT,None,0,8.967306612246034,8.193801568344964e-05,0.00025958319605035127,5.374372167511569e-16,0.0,2.3792913679949118e-05,3.5810194636969153e-10
14.550000000000072,-0.3,-87.29999999999953,0.0,0.0,0.0,14.704299106516354,280.3997848822481,2.0,WAIT,None,0,8.920058636509452,7.272352781998473e-05,0.0002466040362479182,4.836934950760412e-16,0.0,2.0342870268520702e-05,2.8560148585183977e-10
14.600000000000072,-0.3,-87.59999999999953,0.0,0.0,0.0,14.839068433730155,281.2897848822481,2.0,WAIT,None,0,8.87424569113864,6.451065442086501e-05,0.00023427383443557477,4.353241455684371e-16,0.0,1.737223998032595e-05,2.2753604864621502e-10
14.650000000000073,-0.3,-87.89999999999952,0.0,0.0,0.0,14.97393374327387,282.1797848822481,2.0,WAIT,None,0,8.829863400698088,5.7195250288800967e-05,0.0002225601427138285,3.9179173101159335e-16,0.0,1.4817602929602067e-05,1.810814865120996e-10
14.700000000000074,-0.3,-88.19999999999952,0.0,0.0,0.0,15.108892464869319,283.0697848822481,2.0,WAIT,None,0,8.78690489095834,5.0683374160622565e-05,0.00021143213557815713,3.5261255791043403e-16,0.0,1.262345329774352e-05,1.4395609684449436e-10
14.750000000000075,-0.3,-88.49999999999952,0.0,0.0,0.0,15.243942117510613,283.9597848822481,2.0,WAIT,None,0,8.745360947045754,4.489036872908131e-05,0.00020086052879926165,3.173513021193906e-16,0.0,1.0741280157978138e-05,1.143184418332333e-10
14.800000000000075,-0.3,-88.79999999999951,0.0,0.0,0.0,15.379080305695885,284.84978488224806,2.0,WAIT,None,0,8.705220167217334,3.974001373200574e-05,0.00019081750235930617,2.8561617190745156e-16,0.0,9.128745539260474e-06,9.068402113459767e-11
14.850000000000076,-0.3,-89.09999999999951,0.0,0.0,0.0,15.514304715844409,285.73978488224805,2.0,WAIT,None,0,8.666469112209398,3.516374750382959e-05,0.00018127662724134555,2.570545547167064e-16,0.0,7.748950726238251e-06,7.18573957159411e-11
14.900000000000077,-0.3,-89.39999999999951,0.0,0.0,0.0,15.649613112888801,286.62978488224803,2.0,WAIT,None,0,8.629092450119856,3.1099952527454896e-05,0.00017221279587928114,2.3134909924503577e-16,0.0,6.5697824561807815e-06,5.68769599379068e-11
14.950000000000077,-0.3,-89.6999999999995,0.0,0.0,0.0,15.785003337032594,287.519784882248,2.0,WAIT,None,0,8.593073096794399,2.7493300683395082e-05,0.00016360215608531882,2.0821418932053218e-16,0.0,5.563331311458501e-06,4.497005549775001e-11
15.000000000000078,-0.3,-89.9999999999995,0.0,0.0,0.0,15.920473300664122,288.409784882248,2.0,WAIT,None,0,8.558392351696114,2.4294154064480135e-05,0.00015542204828105396,1.8739277038847896e-16,0.0,4.705375215156717e-06,3.551653170390125e-11
15.050000000000079,-0.3,-90.2999999999995,0.0,0.0,0.0,16.056020985418154,289.299784882248,2.0,WAIT,None,0,8.5250300292482,2.1458017404821244e-05,0.00014765094586700192,1.6865349334963105e-16,0.0,3.974921516101819e-06,2.8019196056564425e-11
15.10000000000008,-0.3,-90.5999999999995,0.0,0.0,0.0,16.191644439377278,290.189784882248,2.0,WAIT,None,0,8.492964585647712,1.894503835832484e-05,0.00014026839857365222,1.5178814401466795e-16,0.0,3.353801696828076e-06,2.2079879315138576e-11
15.15000000000008,-0.3,-90.8999999999995,0.0,0.0,0.0,16.327341774405475,291.07978488224796,2.0,WAIT,None,0,8.462173241156904,1.6719552052276312e-05,0.00013325497864496985,1.3660932961320115e-16,0.0,2.8263132533152767e-06,1.7380070212415368e-11
15.200000000000081,-0.3,-91.19999999999949,0.0,0.0,0.0,16.46311116360681,291.96978488224795,2.0,WAIT,None,0,8.432632097887051,1.4749666533170993e-05,0.0001265922297127215,1.2294839665188105e-16,0.0,2.378903778540345e-06,1.366526514408847e-11
15.250000000000082,-0.3,-91.49999999999949,0.0,0.0,0.0,16.598950838902564,292.85978488224794,2.0,WAIT,None,0,8.404316253096937,1.3006885913151436e-05,0.00012026261822708551,1.1065355698669294e-16,0.0,1.9998927332667683e-06,1.0732334539735739e-11
15.300000000000082,-0.3,-91.79999999999949,0.0,0.0,0.0,16.73485908872056,293.7497848822479,2.0,WAIT,None,0,8.377199908035351,1.1465768214493147e-05,0.00011424948731573129,9.958820128802365e-17,0.0,1.6792268075881048e-06,8.419336056854921e-12
15.350000000000083,-0.3,-92.09999999999948,0.0,0.0,0.0,16.870834255790733,294.6397848822479,2.0,WAIT,None,0,8.351256472363701,1.0103615095202434e-05,0.00010853701294994475,8.962938115922128e-17,0.0,1.40826516638425e-06,6.5973100977237564e-12
15.400000000000084,-0.3,-92.39999999999948,0.0,0.0,0.0,17.006874735041446,295.5297848822479,2.0,WAIT,None,0,8.326458664201482,8.900190819818825e-06,0.00010311016230244753,8.066644304329915e-17,0.0,1.1795912320263936e-06,5.16367947239631e-12
15.450000000000085,-0.3,-92.69999999999948,0.0,0.0,0.0,17.14297897159126,296.4197848822479,2.0,WAIT,None,0,8.302778605842775,7.837468015031253e-06,9.795465418732516e-05,7.259979873896923e-17,0.0,9.868479895660077e-07,4.036945673741286e-12
15.500000000000085,-0.3,-92.99999999999947,0.0,0.0,0.0,17.27914545883126,297.30978488224787,2.0,WAIT,None,0,8.280187915197729,6.899397918992229e-06,9.305692147795892e-05,6.533981886507231e-17,0.0,8.245941045541574e-07,3.1524319711000555e-12
15.550000000000086,-0.3,-93.29999999999947,0.0,0.0,0.0,17.41537273659332,298.19978488224785,2.0,WAIT,None,0,8.258657793018386,6.07170299568553e-06,8.840407540406097e-05,5.880583697856508e-17,0.0,6.881784229235263e-07,2.4588706676415305e-12
15.600000000000087,-0.3,-93.59999999999947,0.0,0.0,0.0,17.55165938939982,299.08978488224784,2.0,WAIT,None,0,8.238159105972471,5.341689940959045e-06,8.398387163385792e-05,5.292525328070858e-17,0.0,5.736306774664081e-07,1.9156703033464733e-12
15.650000000000087,-0.3,-93.89999999999947,0.0,0.0,0.0,17.6880040447908,299.9797848822478,2.0,WAIT,None,0,8.218662465633543,4.698081254593883e-06,7.978467805216503e-05,4.763272795263772e-17,0.0,4.77566457805435e-07,1.4907298894693175e-12
15.700000000000088,-0.3,-94.19999999999946,0.0,0.0,0.0,17.8244053717246,300.8697848822478,2.0,WAIT,None,0,8.200138303459738,4.130863692877333e-06,7.579544414955678e-05,4.286945515737395e-17,0.0,3.9710471184557967e-07,1.1586927243654886e-12
15.750000000000089,-0.3,-94.49999999999946,0.0,0.0,0.0,17.960862079048255,301.7597848822478,2.0,WAIT,None,0,8.182556941837447,3.6311520485125546e-06,7.200567194207894e-05,3.858250964163655e-17,0.0,3.297962379693541e-07,8.99553029309662e-13
15.80000000000009,-0.3,-94.79999999999946,0.0,0.0,0.0,18.097372914034306,302.6497848822478,2.0,WAIT,None,0,8.165888661269236,3.191066829348245e-06,6.840538834497499e-05,3.4724258677472896e-17,0.0,2.7356180011000574e-07,6.975454316380241e-13
15.85000000000009,-0.3,-95.09999999999945,0.0,0.0,0.0,18.233936660980575,303.5397848822478,2.0,WAIT,None,0,8.150103763788195,2.8036245244346636e-06,6.498511892772623e-05,3.1251832809725606e-17,0.0,2.2663865370369137e-07,5.402609299966446e-13
15.900000000000091,-0.3,-95.39999999999945,0.0,0.0,0.0,18.370552139869947,304.42978488224776,2.0,WAIT,None,0,8.1351726326846,2.462639255455059e-06,6.173586298133992e-05,2.8126649528753045e-17,0.0,1.8753441070753998e-07,4.1794399214186973e-13
15.950000000000092,-0.3,-95.69999999999945,0.0,0.0,0.0,18.50721820508715,305.31978488224775,2.0,WAIT,None,0,8.121065788631853,2.1626347138394853e-06,5.864906983227292e-05,2.531398457587774e-17,0.0,1.5498729766435764e-07,3.2293434248151974e-13
16.000000000000092,-0.3,-95.99999999999945,0.0,0.0,0.0,18.64393374418977,306.20978488224773,2.0,WAIT,None,0,8.107753942302224,1.8987653790759757e-06,5.5716616340659275e-05,2.2782586118289965e-17,0.0,1.279319734093688e-07,2.4922418934831667e-13
16.050000000000093,-0.3,-96.29999999999944,0.0,0.0,0.0,18.780697676730938,307.0997848822477,2.0,WAIT,None,0,8.095208043563616,1.6667461021573783e-06,5.293078552362631e-05,2.050432750646097e-17,0.0,1.0547017360409413e-07,1.9210744361282887e-13
16.100000000000094,-0.3,-96.59999999999944,0.0,0.0,0.0,18.91750895313111,307.9897848822477,2.0,WAIT,None,0,8.08339932735089,1.4627892200293756e-06,5.0284246247444997e-05,1.8453894755814872e-17,0.0,8.684553893107073e-08,1.4790215401705657e-13
16.150000000000095,-0.3,-96.89999999999944,0.0,0.0,0.0,19.0543665535967,308.8797848822477,2.0,WAIT,None,0,8.074435140644368,1.2835484426411644e-06,4.777003393507275e-05,1.6608505280233384e-17,0.0,7.142206350693406e-08,1.1373114518043796e-13
16.200000000000095,-0.3,-97.19999999999943,0.0,0.0,0.0,19.19126948708327,309.7697848822477,2.0,WAIT,None,0,8.072533075328693,1.1260688240606638e-06,4.538153223831911e-05,1.4947654752210046e-17,0.0,5.8665670815175063e-08,8.734886629898477e-14
16.250000000000096,-0.3,-97.49999999999943,0.0,0.0,0.0,19.328216790301227,310.65978488224766,2.0,WAIT,None,0,8.070616938221292,9.877421934223505e-07,4.311245562640315e-05,1.345288927698904e-17,0.0,4.8128487103884646e-08,6.700488415116003e-14
16.300000000000097,-0.3,-97.79999999999943,0.0,0.0,0.0,19.465207526761976,311.54978488224765,2.0,WAIT,None,0,8.06868919835523,8.662674805508801e-07,4.0956832845083e-05,1.2107600349290137e-17,0.0,3.943543754803989e-08,5.1336398452167053e-14
16.350000000000097,-0.3,-98.09999999999943,0.0,0.0,0.0,19.60224078586272,312.43978488224764,2.0,WAIT,None,0,8.066752279340221,7.59615425268477e-07,3.890899120282885e-05,1.0896840314361124e-17,0.0,3.227283928886065e-08,3.928371436749652e-14
16.400000000000098,-0.3,-98.39999999999942,0.0,0.0,0.0,19.739315682008044,313.3297848822476,2.0,WAIT,None,0,8.064808555981585,6.659972089646372e-07,3.6963541642687406e-05,9.807156282925011e-18,0.0,2.637870841926058e-08,3.00238518332945e-14
16.4500000000001,-0.3,-98.69999999999942,0.0,0.0,0.0,19.87643135376664,314.2197848822476,2.0,WAIT,None,0,8.062860351181314,5.83836592291494e-07,3.5115364560553036e-05,8.82644065463251e-18,0.0,2.1534535711523516e-08,2.2918465485925835e-14
16.5000000000001,-0.3,-98.99999999999942,0.0,0.0,0.0,20.013586963061528,315.1097848822476,2.0,WAIT,None,0,8.060909933111418,5.117451841463677e-07,3.335959633252538e-05,7.94379658916926e-18,0.0,1.7558318951433328e-08,1.7473041955061824e-14
16.5500000000001,-0.3,-99.29999999999941,0.0,0.0,0.0,20.150781694392283,315.9997848822476,2.0,WAIT,None,0,8.058959512651029,4.485005047027491e-07,3.1691616515899115e-05,7.149416930252334e-18,0.0,1.4298668670839478e-08,1.330497294111864e-14
16.6000000000001,-0.3,-99.59999999999941,0.0,0.0,0.0,20.28801475408779,316.88978488224757,2.0,WAIT,None,0,8.057011241077703,3.930265394283282e-07,3.010703569010416e-05,6.4344752372271e-18,0.0,1.1629829327038851e-08,1.0118605043129874e-14
16.6500000000001,-0.3,-99.89999999999941,0.0,0.0,0.0,20.425285369588174,317.77978488224755,2.0,WAIT,None,0,8.05506720800355,3.4437651204682384e-07,2.860168390559895e-05,5.7910277135043904e-18,0.0,9.447479986003435e-09,7.685766608832849e-15
16.700000000000102,-0.3,-100.1999999999994,0.0,0.0,0.0,20.56259278875457,318.66978488224754,2.0,WAIT,None,0,8.053129439547604,3.017176325089266e-07,2.7171599710319004e-05,5.2119249421539516e-18,0.0,7.665197708282756e-09,5.830588745548367e-15
16.750000000000103,-0.3,-100.4999999999994,0.0,0.0,0.0,20.699936279205552,319.5597848822475,2.0,WAIT,None,0,8.051199896734545,2.6431760147246683e-07,2.5813019724803054e-05,4.690732447938556e-18,0.0,6.211483453449374e-09,4.417688753255748e-15
16.800000000000104,-0.3,-100.7999999999994,0.0,0.0,0.0,20.837315127678973,320.4497848822475,2.0,WAIT,None,0,8.050285809620505,2.3153267577484618e-07,2.45223687385629e-05,4.2216592031447005e-18,0.0,5.027264717133036e-09,3.3429830020718106e-15
16.850000000000104,-0.3,-101.0999999999994,0.0,0.0,0.0,20.974728639418142,321.3397848822475,2.0,WAIT,None,0,8.050940975151832,2.0279712011984312e-07,2.3296250301634754e-05,3.79949328283023e-18,0.0,4.063801567103777e-09,2.526553388129738e-15
16.900000000000105,-0.3,-101.3999999999994,0.0,0.0,0.0,21.11217613758128,322.2297848822475,2.0,WAIT,None,0,8.05145669605929,1.7761388889047362e-07,2.2131437786553017e-05,3.4195439545472073e-18,0.0,3.2809334946259776e-09,1.907115528931634e-15
16.950000000000106,-0.3,-101.69999999999939,0.0,0.0,0.0,21.24965696267319,323.1197848822475,2.0,WAIT,None,0,8.051837699666407,1.5554639882065446e-07,2.1024865897225365e-05,3.0775895590924867e-18,0.0,2.645613760215525e-09,1.4377346397293972e-15
17.000000000000107,-0.3,-101.99999999999939,0.0,0.0,0.0,21.38717047199825,324.00978488224746,2.0,WAIT,None,0,8.052088760180766,1.362112683790437e-07,1.9973622602364097e-05,2.769830603183238e-18,0.0,2.130685880172742e-09,1.0825120187303755e-15
17.050000000000107,-0.3,-102.29999999999939,0.0,0.0,0.0,21.52471603913377,324.89978488224745,2.0,WAIT,None,0,8.052214688218271,1.1927191329423014e-07,1.8974941472245892e-05,2.492847542864914e-18,0.0,1.713863740675906e-09,8.140256024558909e-16
17.100000000000108,-0.3,-102.59999999999938,0.0,0.0,0.0,21.662293053422836,325.78978488224743,2.0,WAIT,None,0,8.052220320708159,1.0443289982510402e-07,1.8026194398633597e-05,2.2435627885784227e-18,0.0,1.3768826886681105e-09,6.113555860831085e-16
17.15000000000011,-0.3,-102.89999999999938,0.0,0.0,0.0,21.79990091948585,326.6797848822474,2.0,WAIT,None,0,8.052110511180956,9.143496828612188e-08,1.712488467870192e-05,2.0192065097205805e-18,0.0,1.1047939641421312e-09,4.585633788240786e-16
17.20000000000011,-0.3,-103.19999999999938,0.0,0.0,0.0,21.93753905674993,327.5697848822474,2.0,WAIT,None,0,8.051890120440873,8.00506490958993e-08,1.6268640444766824e-05,1.8172858587485225e-18,0.0,8.853791214995908e-10,3.43521355914367e-16
17.25000000000011,-0.3,-103.49999999999937,0.0,0.0,0.0,22.075206898995475,328.4597848822474,2.0,WAIT,None,0,8.051564007622517,7.008040234062284e-08,1.5455208422528483e-05,1.6355572728736703e-18,0.0,7.086647389577946e-10,2.5701369874313837e-16
17.30000000000011,-0.3,-103.79999999999937,0.0,0.0,0.0,22.212903893919094,329.3497848822474,2.0,WAIT,None,0,8.051137021632485,6.134921963316632e-08,1.468244800140206e-05,1.4720015455863032e-18,0.0,5.665208222278642e-10,1.920464452019775e-16
17.35000000000011,-0.3,-104.09999999999937,0.0,0.0,0.0,22.350629502712327,330.23978488224736,2.0,WAIT,None,0,8.050613992974604,5.3703633997637094e-08,1.3948325601331957e-05,1.324801391027673e-18,0.0,4.5232894837831614e-10,1.433187792770219e-16
17.400000000000112,-0.3,-104.39999999999937,0.0,0.0,0.0,22.488383199655402,331.12978488224735,2.0,WAIT,None,0,8.04999972595698,4.700908970219769e-08,1.325090932126536e-05,1.1923212519249056e-18,0.0,3.607084343933532e-10,1.0681842082285829e-16
17.450000000000113,-0.3,-104.69999999999936,0.0,0.0,0.0,22.62616447172547,332.01978488224734,2.0,WAIT,None,0,8.04929899127859,4.114762947754655e-08,1.2588363855202092e-05,1.073089126732415e-18,0.0,2.8729071013467364e-10,7.951240169608375e-17
17.500000000000114,-0.3,-104.99999999999936,0.0,0.0,0.0,22.76397281821872,332.9097848822473,2.0,WAIT,None,0,8.048516518992528,3.601586146442031e-08,1.1958945662441988e-05,9.657802140591735e-19,0.0,2.2853367713629288e-10,5.911105869397255e-17
17.550000000000114,-0.3,-105.29999999999936,0.0,0.0,0.0,22.90180775038576,333.7997848822473,2.0,WAIT,None,0,8.047656991842473,3.152317259434169e-08,1.1360998379319888e-05,8.692021926532562e-19,0.0,1.8156918606414218e-10,4.3888149952006384e-17
17.600000000000115,-0.3,-105.59999999999935,0.0,0.0,0.0,23.03966879107983,334.6897848822473,2.0,WAIT,None,0,8.04672503896768,2.7590158980974712e-08,1.0792948460353893e-05,7.822819733879306e-19,0.0,1.4407790393103411e-10,3.254393347353073e-17
17.650000000000116,-0.3,-105.89999999999935,0.0,0.0,0.0,23.177555474417197,335.5797848822473,2.0,WAIT,None,0,8.045725229972675,2.4147247336694148e-08,1.02533010373362e-05,7.040537760491376e-19,0.0,1.1418679928760417e-10,2.4101087963463798e-17
17.700000000000117,-0.3,-106.19999999999935,0.0,0.0,0.0,23.315467345449353,336.46978488224727,2.0,WAIT,None,0,8.044662069356093,2.1133484477067984e-08,9.74063598546939e-06,6.336483984442238e-19,0.0,9.038527707615377e-11,1.7825705519948273e-17
17.750000000000117,-0.3,-106.49999999999935,0.0,0.0,0.0,23.453403959846504,337.35978488224725,2.0,WAIT,None,0,8.043539991292846,1.849547467697513e-08,9.25360418619592e-06,5.702835585998014e-19,0.0,7.145666818626494e-11,1.3167397962518415e-17
17.800000000000118,-0.3,-106.79999999999934,0.0,0.0,0.0,23.591364883591886,338.24978488224724,2.0,WAIT,None,0,8.042363354764234,1.6186447033874476e-08,8.790923976886124e-06,5.132552027398213e-19,0.0,5.642234211975064e-11,9.71395449657336e-18
17.85000000000012,-0.3,-107.09999999999934,0.0,0.0,0.0,23.7293496926865,339.1397848822472,2.0,WAIT,None,0,8.041136439029117,1.4165437110282161e-08,8.351377778041819e-06,4.619296824658391e-19,0.0,4.449618174365512e-11,7.15706215380939e-18
17.90000000000012,-0.3,-107.39999999999934,0.0,0.0,0.0,23.86735797286389,340.0297848822472,2.0,WAIT,None,0,8.039863439429666,1.2396568999267983e-08,7.933808889139728e-06,4.157367142192552e-19,0.0,3.504755152128901e-11,5.266425202474254e-18
17.95000000000012,-0.3,-107.69999999999933,0.0,0.0,0.0,24.00538931931449,340.9197848822472,2.0,WAIT,None,0,8.038548463524535,1.0848425611036031e-08,7.537118444682741e-06,3.741630427973297e-19,0.0,2.757121730797655e-11,3.870252331842055e-18
18.00000000000012,-0.3,-107.99999999999933,0.0,0.0,0.0,24.143443336419242,341.8097848822472,2.0,WAIT,None,0,8.037195527542337,9.493496439815944e-09,7.160262522448604e-06,3.367467385175967e-19,0.0,2.1662947341212853e-11,2.8405649589304143e-18
18.05000000000012,-0.3,-108.29999999999933,0.0,0.0,0.0,24.281519637492114,342.6997848822472,2.0,WAIT,None,0,8.035808553147376,8.3076933601676e-09,6.802249396326174e-06,3.0307206466583703e-19,0.0,1.6999749387491824e-11,2.0821506119189856e-18
18.100000000000122,-0.3,-108.59999999999933,0.0,0.0,0.0,24.419617844531142,343.58978488224716,2.0,WAIT,None,0,8.034391364510213,7.269926139856096e-09,6.4621369265098645e-06,2.727648581992533e-19,0.0,1.3323885691753696e-11,1.5242684027482252e-18
18.150000000000123,-0.3,-108.89999999999932,0.0,0.0,0.0,24.55773758797769,344.47978488224715,2.0,WAIT,None,0,8.032947685674571,6.361730360036897e-09,6.139030080184371e-06,2.45488372379328e-19,0.0,1.0429961789074038e-11,1.1144294846814271e-18
18.200000000000124,-0.3,-109.19999999999932,0.0,0.0,0.0,24.695878506483645,345.36978488224713,2.0,WAIT,None,0,8.031481138212996,5.566941318056361e-09,5.832078576175153e-06,2.209395351413952e-19,0.0,8.154512754827114e-12,8.137398061749918e-19
18.250000000000124,-0.3,-109.49999999999932,0.0,0.0,0.0,24.834040246686186,346.2597848822471,2.0,WAIT,None,0,8.029995239161849,4.871408267469511e-09,5.540474647366395e-06,1.988455816272557e-19,0.0,6.367615605366993e-12,5.934175115931635e-19
18.300000000000125,-0.3,-109.79999999999932,0.0,0.0,0.0,24.97222246298991,347.1497848822471,2.0,WAIT,None,0,8.028493399228353,4.262744036126512e-09,5.263450914998075e-06,1.7896102346453013e-19,0.0,4.966143105976573e-12,4.321922964265117e-19
18.350000000000126,-0.3,-110.09999999999931,0.0,0.0,0.0,25.110424817355966,348.0397848822471,2.0,WAIT,None,0,8.02697892125957,3.73010566723551e-09,5.000278369248171e-06,1.6106492111807712e-19,0.0,3.868345370628524e-12,3.143660336675429e-19
18.400000000000126,-0.3,-110.39999999999931,0.0,0.0,0.0,25.248646979098005,348.9297848822471,2.0,WAIT,None,0,8.025454998965984,3.264002259803116e-09,4.7502644507857625e-06,1.449584290062694e-19,0.0,3.009504002446861e-12,2.2836851638543746e-19
18.450000000000127,-0.3,-110.6999999999993,0.0,0.0,0.0,25.38688862468466,349.81978488224706,2.0,WAIT,None,0,8.023924715889848,2.8561266523233658e-09,4.512751228246475e-06,1.3046258610564248e-19,0.0,2.338451339447898e-12,1.656833935861296e-19
18.500000000000128,-0.3,-110.9999999999993,0.0,0.0,0.0,25.525149437548293,350.70978488224705,2.0,WAIT,None,0,8.022391044609776,2.4992080045955656e-09,4.287113666834151e-06,1.1741632749507824e-19,0.0,1.8147864818818624e-12,1.2005050956378057e-19
18.55000000000013,-0.3,-111.2999999999993,0.0,0.0,0.0,25.663429107899834,351.59978488224704,2.0,WAIT,None,0,8.020856846172705,2.18688269379715e-09,4.072757983492443e-06,1.0567469474557042e-19,0.0,1.4066517195487823e-12,8.687433087135397e-20
18.60000000000013,-0.3,-111.5999999999993,0.0,0.0,0.0,25.80172733254944,352.489784882247,2.0,WAIT,None,0,8.01932486974431,1.913581258342504e-09,3.869120084317821e-06,9.510722527101337e-20,0.0,1.0889590232381845e-12,6.278581856562405e-20
18.65000000000013,-0.3,-111.8999999999993,0.0,0.0,0.0,25.9400438147328,353.379784882247,2.0,WAIT,None,0,8.017797752468766,1.6744294018587263e-09,3.6756640801019298e-06,8.559650274391203e-20,0.0,8.419774692299073e-13,4.531839063576776e-20
18.70000000000013,-0.3,-112.19999999999929,0.0,0.0,0.0,26.078378263942827,354.269784882247,2.0,WAIT,None,0,8.016278019529125,1.4651613144298824e-09,3.4918808760968333e-06,7.703685246952083e-20,0.0,6.502097025357773e-13,3.2668594717654214e-20
18.75000000000013,-0.3,-112.49999999999929,0.0,0.0,0.0,26.216730395766636,355.159784882247,2.0,WAIT,None,0,8.01476808439935,1.2820437831860608e-09,3.317286832291992e-06,6.933316722256875e-20,0.0,5.014995340494616e-13,2.3519589119754052e-20
18.800000000000132,-0.3,-112.79999999999929,0.0,0.0,0.0,26.355099931727494,356.04978488224697,2.0,WAIT,None,0,8.013270249279401,1.1218097529455986e-09,3.1514224906773922e-06,6.239985050031188e-20,0.0,3.8632410321755326e-13,1.691112795090665e-20
18.850000000000133,-0.3,-113.09999999999928,0.0,0.0,0.0,26.493486599131703,356.93978488224695,2.0,WAIT,None,0,8.011786705704196,9.816001631355463e-10,2.9938513661435228e-06,5.615986545028068e-20,0.0,2.972332102351475e-13,1.2143930427576902e-20
18.900000000000134,-0.3,-113.39999999999928,0.0,0.0,0.0,26.6318901309201,357.82978488224694,2.0,WAIT,None,0,8.010319535318388,8.589130324172517e-10,2.8441587978363465e-06,5.054387890525262e-20,0.0,2.284058317894735e-13,8.70943765489544e-21
18.950000000000134,-0.3,-113.69999999999928,0.0,0.0,0.0,26.770310265524156,358.7197848822469,2.0,WAIT,None,0,8.008870710807741,7.515588897978865e-10,2.701950857944529e-06,4.548949101472736e-20,0.0,1.7529981148675834e-13,6.238288031269005e-21
19.000000000000135,-0.3,-113.99999999999928,0.0,0.0,0.0,26.908746746726358,359.6097848822469,2.0,WAIT,None,0,8.007442096978991,6.576217626870216e-10,2.5668533150473027e-06,4.094054191325462e-20,0.0,1.3437553000982341e-13,4.462574968086056e-21
19.050000000000136,-0.3,-114.29999999999927,0.0,0.0,0.0,27.047199323524882,360.4997848822469,2.0,WAIT,None,0,8.006035451980154,5.754250302718472e-10,2.4385106492949373e-06,3.684648772192916e-20,0.0,1.0287823123753888e-13,3.1882382278867635e-21
19.100000000000136,-0.3,-114.59999999999927,0.0,0.0,0.0,27.185667750002263,361.3897848822469,2.0,WAIT,None,0,8.00465242865198,5.035015364172293e-10,2.3165851168301903e-06,3.316183894973624e-20,0.0,7.866678889339706e-14,2.2748957492520124e-21
19.150000000000137,-0.3,-114.89999999999927,0.0,0.0,0.0,27.324151785198048,362.2797848822469,2.0,WAIT,None,0,8.003294576003668,4.4056743152659376e-10,2.2007558609886807e-06,2.9845655054762616e-20,0.0,6.007919032765711e-14,1.621130951078969e-21
19.200000000000138,-0.3,-115.19999999999926,0.0,0.0,0.0,27.462651192985174,363.16978488224686,2.0,WAIT,None,0,8.001963340804423,3.854992787268378e-10,2.0907180679392466e-06,2.6861089549286353e-20,0.0,4.582700894775443e-14,1.1537745113403956e-21
19.25000000000014,-0.3,-115.49999999999926,0.0,0.0,0.0,27.601165741950073,364.05978488224684,2.0,WAIT,None,0,8.000660069282503,3.3731401750766363e-10,1.9861821645422843e-06,2.4174980594357718e-20,0.0,3.491273135938866e-14,8.201068123160587e-22
19.30000000000014,-0.3,-115.79999999999926,0.0,0.0,0.0,27.73969520527626,364.94978488224683,2.0,WAIT,None,0,7.999386008925001,2.9515142855661426e-10,1.8868730563151701e-06,2.1757482534921945e-20,0.0,2.6565077899521985e-14,5.821929411767362e-22
19.35000000000014,-0.3,-116.09999999999926,0.0,0.0,0.0,27.87823936063135,365.8397848822468,2.0,WAIT,None,0,7.998142310370326,2.5825878786712604e-10,1.7925294034994117e-06,1.958173428142975e-20,0.0,2.018846940302594e-14,4.127726360954563e-22
19.40000000000014,-0.3,-116.39999999999925,0.0,0.0,0.0,28.016797990057384,366.7297848822468,2.0,WAIT,None,0,7.997735141733472,2.2597743703195768e-10,1.7029029333244411e-06,1.7623560853286777e-20,0.0,1.532360003059241e-14,2.9228244260331003e-22
19.45000000000014,-0.3,-116.69999999999925,0.0,0.0,0.0,28.15537087986432,367.6197848822468,2.0,WAIT,None,0,7.997637855214634,1.9773103064763078e-10,1.617757786658219e-06,1.58612047679581e-20,0.0,1.1616717159027304e-14,2.0670112907445642e-22
19.500000000000142,-0.3,-116.99999999999925,0.0,0.0,0.0,28.293957820526632,368.5097848822468,2.0,WAIT,None,0,7.997548924187129,1.7301525154302731e-10,1.5368698973253081e-06,1.427508429116229e-20,0.0,8.795718008587013e-15,1.459928860621657e-22
19.550000000000143,-0.3,-117.29999999999924,0.0,0.0,0.0,28.432558606582848,369.39978488224676,2.0,WAIT,None,0,7.997468032267761,1.5138881062989155e-10,1.4600264024590428e-06,1.284757586204606e-20,0.0,6.651575637113625e-15,1.0298398714624568e-22
19.600000000000144,-0.3,-117.59999999999924,0.0,0.0,0.0,28.571173036538013,370.28978488224675,2.0,WAIT,None,0,7.99739486862984,1.324655710132651e-10,1.3870250823360906e-06,1.1562818275841454e-20,0.0,5.023925666500374e-15,7.255332444644882e-23
19.650000000000144,-0.3,-117.89999999999924,0.0,0.0,0.0,28.709800912768884,371.17978488224674,2.0,WAIT,None,0,7.997329128138517,1.1590765599798182e-10,1.317673828219286e-06,1.0406536448257308e-20,0.0,3.789896852763245e-15,5.104991075381045e-23
19.700000000000145,-0.3,-118.19999999999924,0.0,0.0,0.0,28.848442041431863,372.0697848822467,2.0,WAIT,None,0,7.997270511471811,1.0141941813583236e-10,1.2517901368083217e-06,9.365882803431577e-21,0.0,2.855467153318206e-15,3.587427766900046e-23
19.750000000000146,-0.3,-118.49999999999923,0.0,0.0,0.0,28.987096232373496,372.9597848822467,2.0,WAIT,None,0,7.997218725226844,8.874216178593057e-11,1.1892006299679056e-06,8.42929452308842e-21,0.0,2.1487832972784993e-15,2.5178062480887778e-23
19.800000000000146,-0.3,-118.79999999999923,0.0,0.0,0.0,29.125763299043513,373.8497848822467,2.0,WAIT,None,0,7.997173482012556,7.76495250790463e-11,1.1297405984695104e-06,7.586365070779578e-21,0.0,1.6150048114904438e-15,1.764870608188576e-23
19.850000000000147,-0.3,-119.09999999999923,0.0,0.0,0.0,29.26444305841029,374.7397848822467,2.0,WAIT,None,0,7.997134500529228,6.794343892257497e-11,1.0732535685460348e-06,6.827728563701621e-21,0.0,1.2123299920797666e-15,1.2355357506398589e-23
19.900000000000148,-0.3,-119.39999999999922,0.0,0.0,0.0,29.403135330878687,375.62978488224667,2.0,WAIT,None,0,7.997101505635555,5.945059096437184e-11,1.019590890118733e-06,6.144955707331459e-21,0.0,9.089370007786502e-16,8.638734093716221e-24
19.95000000000015,-0.3,-119.69999999999922,0.0,0.0,0.0,29.541839940210135,376.51978488224665,2.0,WAIT,None,0,7.997074228403562,5.201933143309168e-11,9.686113456127963e-07,5.530460136598313e-21,0.0,6.806325227846314e-16,6.032505172759871e-24
20.00000000000015,-0.3,-119.99999999999922,0.0,0.0,0.0,29.680556713444965,377.40978488224664,2.0,WAIT,None,0,7.997052406162197,4.551696564954973e-11,9.201807783321564e-07,4.977414122938482e-21,0.0,5.090467482148626e-16,4.207252423423651e-24
20.05000000000015,-0.3,-120.29999999999922,0.0,0.0,0.0,29.819285480826856,378.2997848822466,2.0,WAIT,None,0,8.002535782530003,3.9827384897754404e-11,8.741717394155485e-07,4.479672710644634e-21,0.0,3.802496020292808e-16,2.9305772090444818e-24
20.10000000000015,-0.3,-120.59999999999921,0.0,0.0,0.0,29.958026075729347,379.1897848822466,2.0,WAIT,None,0,8.013227794937507,3.4848992949969914e-11,8.304631524447712e-07,4.03170543958017e-21,0.0,2.7512895481127695e-16,1.9745069981210426e-24
20.15000000000015,-0.3,-120.89999999999921,0.0,0.0,0.0,30.096778334584382,380.0797848822466,2.0,WAIT,None,0,8.028840288475578,3.04928931968952e-11,7.889399948225326e-07,3.6285348956221535e-21,0.0,1.9790538643909586e-16,1.3184805683959793e-24
20.200000000000152,-0.3,-121.1999999999992,0.0,0.0,0.0,30.23554209681275,380.9697848822466,2.0,WAIT,None,0,8.049093470706282,2.668130065395536e-11,7.49492995081406e-07,3.265681406059938e-21,0.0,1.415628119962164e-16,8.725861084446494e-25
20.250000000000153,-0.3,-121.4999999999992,0.0,0.0,0.0,30.37431720475646,381.8597848822466,2.0,WAIT,None,0,8.073715857347622,2.3346153107014477e-11,7.120183453273356e-07,2.9391132654539444e-21,0.0,1.0072159190830044e-16,5.723753821700225e-25
20.300000000000153,-0.3,-121.7999999999992,0.0,0.0,0.0,30.51310350361288,382.74978488224656,2.0,WAIT,None,0,8.102444209386476,2.0427895845043023e-11,6.764174280609689e-07,2.64520193890855e-21,0.0,7.129921443231873e-17,3.7215031997862825e-25
20.350000000000154,-0.3,-122.0999999999992,0.0,0.0,0.0,30.65190084137068,383.63978488224654,2.0,WAIT,None,0,8.135023462155345,1.7874418284660343e-11,6.425965566579205e-07,2.380681745017695e-21,0.0,5.0227106502297003e-17,2.3985842160632473e-25
20.400000000000155,-0.3,-122.3999999999992,0.0,0.0,0.0,30.79070906874749,384.52978488224653,2.0,WAIT,None,0,8.171206646893381,1.5640123503064062e-11,6.104667288250244e-07,2.1426135705159257e-21,0.0,3.521932897385339e-17,1.5326116254201027e-25
20.450000000000156,-0.3,-122.69999999999919,0.0,0.0,0.0,30.929528039129163,385.4197848822465,2.0,WAIT,None,0,8.21075480529322,1.3685114068424689e-11,5.799433923837732e-07,1.9283522134643333e-21,0.0,2.4587122461221354e-17,9.709523115580087e-26
20.500000000000156,-0.3,-122.99999999999919,0.0,0.0,0.0,31.06835760851071,386.3097848822465,2.0,WAIT,None,0,8.253436897519805,1.1974479632797851e-11,5.509462227645845e-07,1.7355169921179e-21,0.0,1.7092610258054434e-17,6.099672798847739e-26
20.550000000000157,-0.3,-123.29999999999919,0.0,0.0,0.0,31.207197635438742,387.1997848822465,2.0,WAIT,None,0,8.29902970417038,1.0477673569097373e-11,5.233989116263553e-07,1.56196529290611e-21,0.0,1.183504187949706e-17,3.8003003115240324e-26
20.600000000000158,-0.3,-123.59999999999918,0.0,0.0,0.0,31.346047980955454,388.0897848822465,2.0,WAIT,None,0,8.347317722628588,9.167967523135431e-12,4.972289660450375e-07,1.405768763615499e-21,0.0,8.163475198130405e-18,2.3485355043753528e-26
20.65000000000016,-0.3,-123.89999999999918,0.0,0.0,0.0,31.484908508544052,388.97978488224646,2.0,WAIT,None,0,8.398093058249117,8.021974142559585e-12,4.723675177427856e-07,1.265191887253949e-21,0.0,5.610531569178049e-18,1.4398393468989567e-26
20.70000000000016,-0.3,-124.19999999999918,0.0,0.0,0.0,31.623779084075608,389.86978488224645,2.0,WAIT,None,0,8.45115531079449,7.019229461533178e-12,4.487491418556463e-07,1.1386726985285541e-21,0.0,3.842670695301932e-18,8.758764164706314e-27
20.75000000000016,-0.3,-124.49999999999918,0.0,0.0,0.0,31.762659575757286,390.75978488224644,2.0,WAIT,None,0,8.506311456528863,6.1418274849395315e-12,4.26311684762864e-07,1.0248054286756987e-21,0.0,2.6232280590995164e-18,5.287636933962154e-27
20.80000000000016,-0.3,-124.79999999999917,0.0,0.0,0.0,31.90154985408192,391.6497848822464,2.0,WAIT,None,0,8.563375726359482,5.374100447747747e-12,4.049961005247208e-07,9.223248858081288e-22,0.0,1.7851849137226086e-18,3.1684878872767867e-27
20.85000000000016,-0.3,-125.09999999999917,0.0,0.0,0.0,32.04044979177886,392.5397848822464,2.0,WAIT,None,0,8.622169480400203,4.70233904058784e-12,3.8474629549848477e-07,8.30092397227316e-22,0.0,1.2112739672049217e-18,1.8849458138808886e-27
20.900000000000162,-0.3,-125.39999999999917,0.0,0.0,0.0,32.17935926376612,393.4297848822464,2.0,WAIT,None,0,8.682521079318235,4.114547606095921e-12,3.6550898072356053e-07,7.470831575045844e-22,0.0,8.195559599908092e-19,1.1134984606243245e-27
20.950000000000163,-0.3,-125.69999999999916,0.0,0.0,0.0,32.31827814710367,394.3197848822464,2.0,WAIT,None,0,8.744265752809042,3.600229934937842e-12,3.472335316873825e-07,6.72374841754126e-22,0.0,5.530371984247813e-19,6.533024135831712e-28
21.000000000000163,-0.3,-125.99999999999916,0.0,0.0,0.0,32.457206320947996,395.20978488224637,2.0,WAIT,None,0,8.80724546553148,3.1502018367431676e-12,3.298718551030134e-07,6.0513735757871345e-22,0.0,3.7224556882848334e-19,3.807718598957584e-28
21.050000000000164,-0.3,-126.29999999999916,0.0,0.0,0.0,32.59614366650777,396.09978488224635,2.0,WAIT,None,0,8.871308780820868,2.7564271392294817e-12,3.1337826234786273e-07,5.446236218208421e-22,0.0,2.4995496188985323e-19,2.205135068394741e-28
21.100000000000165,-0.3,-126.59999999999916,0.0,0.0,0.0,32.73509006700062,396.98978488224634,2.0,WAIT,None,0,8.936310722483938,2.4118741871008776e-12,2.9770934923046957e-07,4.9016125963875785e-22,0.0,1.6745815193885441e-19,1.2691724050345142e-28
21.150000000000166,-0.3,-126.89999999999915,0.0,0.0,0.0,32.874045407611014,397.8797848822463,2.0,WAIT,None,0,9.002112634966295,2.1103902783294133e-12,2.828238817689461e-07,4.41145133674882e-22,0.0,1.1194796216815179e-19,7.26135425958157e-29
21.200000000000166,-0.3,-127.19999999999915,0.0,0.0,0.0,33.013009575449175,398.7697848822463,2.0,WAIT,None,0,9.068582042170249,1.8465917957069495e-12,2.6868268768049875e-07,3.970306203073938e-22,0.0,7.468654797214681e-20,4.130699931624609e-29
21.250000000000167,-0.3,-127.49999999999915,0.0,0.0,0.0,33.15198245951103,399.6597848822463,2.0,WAIT,None,0,9.135592505188015,1.6157680718037917e-12,2.552485532964738e-07,3.5732755827665445e-22,0.0,4.973175104029655e-20,2.3368821475373367e-29
21.300000000000168,-0.3,-127.79999999999914,0.0,0.0,0.0,33.290963950639146,400.5497848822463,2.0,WAIT,None,0,9.20302347920267,1.4137972706922992e-12,2.424861256316501e-07,3.21594802448989e-22,0.0,3.305500096966238e-20,1.3150906463869743e-29
21.35000000000017,-0.3,-128.09999999999914,0.0,0.0,0.0,33.42995394148462,401.4397848822463,2.0,WAIT,None,0,9.270760169797654,1.237072784365522e-12,2.3036181935006761e-07,2.894353222040901e-22,0.0,2.1932979304772654e-20,7.363411749554475e-30
21.40000000000017,-0.3,-128.39999999999915,0.0,0.0,0.0,33.56895232646993,402.32978488224626,2.0,WAIT,None,0,9.338693388902925,1.082438829533488e-12,2.1884372838256422e-07,2.604917899836811e-22,0.0,1.4529753030794587e-20,4.103040777405304e-30
21.45000000000017,-0.3,-128.69999999999916,0.0,0.0,0.0,33.70795900175268,403.21978488224624,2.0,WAIT,None,0,9.406719410595429,9.471340947648175e-13,2.07901541963436e-07,2.3444261098531296e-22,0.0,9.610817000166459e-21,2.2758026251318486e-30
21.50000000000017,-0.3,-128.99999999999918,0.0,0.0,0.0,33.846973865190186,404.10978488224623,2.0,WAIT,None,0,9.474739826959535,8.287424316919395e-13,1.975064648652642e-07,2.1099834988678166e-22,0.0,6.348095318073504e-21,1.2567928115387551e-30
21.55000000000017,-0.3,-129.2999999999992,0.0,0.0,0.0,33.985996816305025,404.9997848822462,2.0,WAIT,None,0,9.542661404202477,7.251497097808115e-13,1.87631141622001e-07,1.898985148981035e-22,0.0,4.1874103679133414e-21,6.9117961735521345e-31
21.600000000000172,-0.3,-129.5999999999992,0.0,0.0,0.0,34.12502775625133,405.8897848822462,2.0,WAIT,None,0,9.610395939209354,6.345060642264784e-13,1.7824958454090094e-07,1.7090866340829314e-22,0.0,2.758689514486054e-21,3.786286195638658e-31
21.650000000000173,-0.3,-129.8999999999992,0.0,0.0,0.0,34.26406658778189,406.7797848822462,2.0,WAIT,None,0,9.67786011671194,5.551928628391552e-13,1.693371053138559e-07,1.5381779706746382e-22,0.0,1.8153067081571544e-21,2.066462672363363e-31
21.700000000000173,-0.3,-130.19999999999922,0.0,0.0,0.0,34.40311321521614,407.6697848822462,2.0,WAIT,None,0,9.744975367235156,4.857938020512979e-13,1.608702500481631e-07,1.3843601736071743e-22,0.0,1.1932191588949972e-21,1.1239026324906542e-31
21.750000000000174,-0.3,-130.49999999999923,0.0,0.0,0.0,34.542167544408784,408.55978488224616,2.0,WAIT,None,0,9.811667725976008,4.250696159089464e-13,1.5282673754575494e-07,1.245924156246457e-22,0.0,7.835109461940328e-22,6.092718698864505e-32
21.800000000000175,-0.3,-130.79999999999924,0.0,0.0,0.0,34.68122948271925,409.44978488224615,2.0,WAIT,None,0,9.877867692759708,3.719359464270289e-13,1.4518540066846719e-07,1.1213317406218112e-22,0.0,5.13990071885937e-22,3.29282019932716e-32
21.850000000000176,-0.3,-131.09999999999926,0.0,0.0,0.0,34.82029893898189,410.33978488224614,2.0,WAIT,None,0,9.943510093209738,3.254439801403291e-13,1.3792613063504382e-07,1.0091985665596301e-22,0.0,3.3688211078118e-22,1.7745621223657707e-32
21.900000000000176,-0.3,-131.39999999999927,0.0,0.0,0.0,34.959375823476755,411.2297848822461,2.0,WAIT,None,0,10.008533941257951,2.847635050774333e-13,1.3102982410329164e-07,9.082787099036671e-23,0.0,2.2061858080359827e-22,9.53830404491265e-33
21.950000000000177,-0.3,-131.69999999999928,0.0,0.0,0.0,35.098460047901234,412.1197848822461,2.0,WAIT,None,0,10.072882303114397,2.491680856062286e-13,1.2447833289812706e-07,8.174508389133004e-23,0.0,1.4436873564506587e-22,5.114425672454764e-33
22.000000000000178,-0.3,-131.9999999999993,0.0,0.0,0.0,35.23755152534221,413.0097848822461,2.0,WAIT,None,0,10.136502162806607,2.1802209041818423e-13,1.182544162532207e-07,7.357057550219703e-23,0.0,9.440518468887837e-23,2.7362499710661726e-33
22.05000000000018,-0.3,-132.2999999999993,0.0,0.0,0.0,35.37665017024895,413.8997848822461,2.0,WAIT,None,0,10.19934428939115,1.9076934201003336e-13,1.1234169544055967e-07,6.621351795197733e-23,0.0,6.169267218178642e-23,1.4609443074688658e-33
22.10000000000018,-0.3,-132.5999999999993,0.0,0.0,0.0,35.515755898406596,414.78978488224607,2.0,WAIT,None,0,10.261363105932048,1.669231849764694e-13,1.0672461066853168e-07,5.95921661567796e-23,0.0,4.0291044529884465e-23,7.786004415928053e-34
22.15000000000018,-0.3,-132.89999999999932,0.0,0.0,0.0,35.65486862691028,415.67978488224605,2.0,WAIT,None,0,10.322516560333895,1.4605779576313163e-13,1.013883801351051e-07,5.363294954110164e-23,0.0,2.629914492135697e-23,4.1426769203594885e-34
22.20000000000018,-0.3,-133.19999999999933,0.0,0.0,0.0,35.79398827413982,416.56978488224604,2.0,WAIT,None,0,10.382765998109221,1.278005786978797e-13,9.631896112834984e-08,4.826965458699148e-23,0.0,1.7157446276544165e-23,2.200966522027959e-34
22.25000000000018,-0.3,-133.49999999999935,0.0,0.0,0.0,35.93311475973502,417.459784882246,2.0,WAIT,None,0,10.442076037153925,1.1182551251601364e-13,9.150301307193234e-08,4.3442689128292333e-23,0.0,1.1188199114935941e-23,1.167858989011128e-34
22.300000000000182,-0.3,-133.79999999999936,0.0,0.0,0.0,36.07224800457153,418.349784882246,2.0,WAIT,None,0,10.500414444597709,9.784732856806223e-14,8.692786241833573e-08,3.90984202154631e-23,0.0,7.292588670017159e-24,6.189972291311117e-35
22.350000000000183,-0.3,-134.09999999999937,0.0,0.0,0.0,36.21138793073724,419.239784882246,2.0,WAIT,None,0,10.55775201578939,8.561641675012158e-14,8.258146929741894e-08,3.5188578193916786e-23,0.0,4.751531512164566e-24,3.277804845231705e-35
22.400000000000183,-0.3,-134.39999999999938,0.0,0.0,0.0,36.350534461509234,420.129784882246,2.0,WAIT,None,0,10.614062455471753,7.491436819167587e-14,7.845239583254799e-08,3.166972037452511e-23,0.0,3.0947899051482925e-24,1.7343883050172653e-35
22.450000000000184,-0.3,-134.6999999999994,0.0,0.0,0.0,36.48968752133126,421.019784882246,2.0,WAIT,None,0,10.669322261194509,6.555007510642297e-14,7.452977604092059e-08,2.8502748337072597e-23,0.0,2.0150630706975565e-24,9.171685759850267e-36
22.500000000000185,-0.3,-134.9999999999994,0.0,0.0,0.0,36.6288470357917,421.90978488224596,2.0,WAIT,None,0,10.72351060900769,5.735631816090189e-14,7.080328723887455e-08,2.5652473503365336e-23,0.0,1.3116539289727922e-24,4.8479736445468006e-36
22.550000000000185,-0.3,-135.29999999999941,0.0,0.0,0.0,36.76801293160203,422.79978488224594,2.0,WAIT,None,0,10.776609241473295,5.0186780421339764e-14,6.726312287693082e-08,2.3087226153028804e-23,0.0,8.535623973365114e-25,2.5618055613275552e-36
22.600000000000186,-0.3,-135.59999999999943,0.0,0.0,0.0,36.907185136575805,423.68978488224593,2.0,WAIT,None,0,10.828602358027467,4.3913434556559846e-14,6.389996673308428e-08,2.0778503537725922e-23,0.0,5.553259260253055e-25,1.3535408643941385e-36
22.650000000000187,-0.3,-135.89999999999944,0.0,0.0,0.0,37.046363579608055,424.5797848822459,2.0,WAIT,None,0,10.879476507720256,3.842425664004143e-14,6.070496839643007e-08,1.870065318395333e-23,0.0,3.612165373229789e-25,7.151517484604698e-37
22.700000000000188,-0.3,-136.19999999999945,0.0,0.0,0.0,37.18554819065517,425.4697848822459,2.0,WAIT,None,0,10.929220484356051,3.362122572631964e-14,5.7669719976608566e-08,1.6830587865557997e-23,0.0,2.3491119992050382e-25,3.779086603287367e-37
22.75000000000019,-0.3,-136.49999999999946,0.0,0.0,0.0,37.32473890071524,426.3597848822459,2.0,WAIT,None,0,10.97782522405248,2.9418573480000657e-14,5.478623397777814e-08,1.5147529079002198e-23,0.0,1.5274421738019043e-25,1.9975392006764758e-37
22.80000000000019,-0.3,-136.79999999999947,0.0,0.0,0.0,37.463935641808824,427.2497848822459,2.0,WAIT,None,0,11.025283705231743,2.5741252600871964e-14,5.204692227888923e-08,1.3632776171101978e-23,0.0,9.930210604273855e-26,1.0562809580167874e-37
22.85000000000019,-0.3,-137.09999999999948,0.0,0.0,0.0,37.6031383469601,428.13978488224586,2.0,WAIT,None,0,11.071590851054395,2.252359669564268e-14,4.9444576164944765e-08,1.226949855399178e-23,0.0,6.454930966895062e-26,5.588470081410475e-38
22.90000000000019,-0.3,-137.3999999999995,0.0,0.0,0.0,37.74234695017851,429.02978488224585,2.0,WAIT,None,0,11.116743434301156,1.970814766552429e-14,4.6972347356697525e-08,1.1042548698592603e-23,0.0,4.1953696036902824e-26,2.958606658577631e-38
22.95000000000019,-0.3,-137.6999999999995,0.0,0.0,0.0,37.88156138644072,429.91978488224584,2.0,WAIT,None,0,11.160739984705344,1.7244629670204096e-14,4.462372998886265e-08,9.938293828733342e-24,0.0,2.7264627573108935e-26,1.5675147775960267e-38
23.000000000000192,-0.3,-137.99999999999952,0.0,0.0,0.0,38.02078159167306,430.8097848822458,2.0,WAIT,None,0,11.2035806987343,1.508905134618932e-14,4.239254348941952e-08,8.944464445860009e-24,0.0,1.771675181636808e-26,8.312148155444752e-39
23.050000000000193,-0.3,-138.29999999999953,0.0,0.0,0.0,38.160007502734224,431.6997848822458,2.0,WAIT,None,0,11.245267351815983,1.3202920247747863e-14,4.027291631494854e-08,8.050018001274008e-24,0.0,1.1511384416449576e-26,4.412015654666932e-39
23.100000000000193,-0.3,-138.59999999999954,0.0,0.0,0.0,38.29923905739852,432.5897848822458,2.0,WAIT,None,0,11.285803213002112,1.1552555482639806e-14,3.8259270499201116e-08,7.245016201146607e-24,0.0,7.47881789975139e-27,2.344367489935963e-39
23.150000000000194,-0.3,-138.89999999999955,0.0,0.0,0.0,38.43847619433929,433.4797848822458,2.0,WAIT,None,0,11.32519296205811,1.0108486268306245e-14,3.634630697424106e-08,6.520514581031946e-24,0.0,4.858504839052568e-27,1.2471531187960795e-39
23.200000000000195,-0.3,-139.19999999999956,0.0,0.0,0.0,38.57771885311281,434.36978488224577,2.0,WAIT,None,0,11.36344260896584,8.844925668471194e-15,3.4528991625529006e-08,5.868463122928751e-24,0.0,3.156009260003491e-27,6.642899866165382e-40
23.250000000000195,-0.3,-139.49999999999957,0.0,0.0,0.0,38.71696697414253,435.25978488224575,2.0,WAIT,None,0,11.40055941582358,7.739310112615579e-15,3.2802542044252554e-08,5.281616810635876e-24,0.0,2.0499387046916002e-27,3.54303730294741e-40
23.300000000000196,-0.3,-139.79999999999959,0.0,0.0,0.0,38.85622049870357,436.14978488224574,2.0,WAIT,None,0,11.436551821124567,6.7718964754732204e-15,3.1162414942039926e-08,4.753455129572288e-24,0.0,1.3314071114418074e-27,1.8923782249168145e-40
23.350000000000197,-0.3,-140.0999999999996,0.0,0.0,0.0,38.99547936890761,437.0397848822457,2.0,WAIT,None,0,11.471429366393181,5.925409521553435e-15,2.960429419493793e-08,4.278109616615059e-24,0.0,8.646653985283175e-28,1.0122466370741198e-40
23.400000000000198,-0.3,-140.3999999999996,0.0,0.0,0.0,39.134743527688116,437.9297848822457,2.0,WAIT,None,0,11.505202625156414,5.184733419068067e-15,2.8124079485191033e-08,3.850298654953554e-24,0.0,5.615025725301591e-28,5.42301499260484e-41
23.4500000000002,-0.3,-140.69999999999962,0.0,0.0,0.0,39.27401291878581,438.8197848822457,2.0,WAIT,None,0,11.537883134224955,4.5366418145925044e-15,2.6717875510931483e-08,3.4652687894581986e-24,0.0,3.646032950059481e-28,2.910041092901291e-41
23.5000000000002,-0.3,-140.99999999999963,0.0,0.0,0.0,39.4132874867345,439.7097848822457,2.0,WAIT,None,0,11.569483327257842,3.969561648373169e-15,2.5381981735384908e-08,3.1187419105123787e-24,0.0,2.367297177227484e-28,1.564181048226242e-41
23.5500000000002,-0.3,-141.29999999999964,0.0,0.0,0.0,39.55256717684719,440.5997848822457,2.0,WAIT,None,0,11.600016470581522,3.4733664927042007e-15,2.4112882648615662e-08,2.806867719461141e-24,0.0,1.5369014052427056e-28,8.422251078193193e-42
23.6000000000002,-0.3,-141.59999999999965,0.0,0.0,0.0,39.69185193520249,441.48978488224566,2.0,WAIT,None,0,11.629496601233654,3.0391957229926197e-15,2.290723851618488e-08,2.526180947515027e-24,0.0,9.976942714129663e-29,4.543016185407153e-42
23.6500000000002,-0.3,-141.89999999999966,0.0,0.0,0.0,39.83114170863127,442.37978488224564,2.0,WAIT,None,0,11.65793846719987,2.659296292428336e-15,2.1761876590375635e-08,2.273562852763524e-24,0.0,6.475956835694411e-29,2.4550197961339416e-42
23.700000000000202,-0.3,-142.19999999999968,0.0,0.0,0.0,39.970436444703644,443.26978488224563,2.0,WAIT,None,0,11.68535746981047,2.326884284810435e-15,2.0673782760856854e-08,2.0462065674871716e-24,0.0,4.203022625672444e-29,1.3291623933180609e-42
23.750000000000203,-0.3,-142.4999999999997,0.0,0.0,0.0,40.109736091716194,444.1597848822456,2.0,WAIT,None,0,11.711769608263012,2.036023773261882e-15,1.964009362281401e-08,1.8415859107384544e-24,0.0,2.727512408690674e-29,7.209899498190687e-43
23.800000000000203,-0.3,-142.7999999999997,0.0,0.0,0.0,40.24904059867947,445.0497848822456,2.0,WAIT,None,0,11.737191426235427,1.7815208215979964e-15,1.865808894167331e-08,1.657427319664609e-24,0.0,1.76976045367178e-29,3.918522852863815e-43
23.850000000000204,-0.3,-143.0999999999997,0.0,0.0,0.0,40.388349915305724,445.9397848822456,2.0,WAIT,None,0,11.761639960553225,1.5588307355181345e-15,1.7725184494589646e-08,1.491684587698148e-24,0.0,1.1481539722051353e-29,2.1338780006055785e-43
23.900000000000205,-0.3,-143.39999999999972,0.0,0.0,0.0,40.527663991996924,446.8297848822456,2.0,WAIT,None,0,11.78513269187357,1.3639769073936492e-15,1.6838925269860163e-08,1.3425161289283332e-24,0.0,7.447636598621176e-30,1.1643431927060924e-43
23.950000000000205,-0.3,-143.69999999999973,0.0,0.0,0.0,40.66698277983297,447.71978488224556,2.0,WAIT,None,0,11.807687497348297,1.1934798054533959e-15,1.5996979006367154e-08,1.2082645160355e-24,0.0,4.830187578007502e-30,6.365976739965164e-44
24.000000000000206,-0.3,-143.99999999999974,0.0,0.0,0.0,40.80630623056024,448.60978488224555,2.0,WAIT,None,0,11.829322605226707,1.0442948393177572e-15,1.5197130056048798e-08,1.08743806443195e-24,0.0,3.1320656684377517e-30,3.4876134378066014e-44
24.050000000000207,-0.3,-144.29999999999976,0.0,0.0,0.0,40.945634296580224,449.49978488224554,2.0,WAIT,None,0,11.85005655135933,9.137579923381798e-16,1.4437273553246357e-08,9.78694257988755e-25,0.0,2.030546529427891e-30,1.9145901220815765e-44
24.100000000000207,-0.3,-144.59999999999977,0.0,0.0,0.0,41.08496693093855,450.3897848822455,2.0,WAIT,None,0,11.869908137561879,7.995382498919944e-16,1.371540987558404e-08,8.808248321898795e-25,0.0,1.3161453958822481e-30,1.0531996469491808e-44
24.150000000000208,-0.3,-144.89999999999978,0.0,0.0,0.0,41.2243040873141,451.2797848822455,2.0,WAIT,None,0,11.88889639179962,6.995959741384925e-16,1.3029639381804838e-08,7.9274234897089155e-25,0.0,8.528977946166995e-31,5.805433044397683e-45
24.20000000000021,-0.3,-145.1999999999998,0.0,0.0,0.0,41.36364572000841,452.1697848822455,2.0,WAIT,None,0,11.907040530151164,6.121464819289226e-16,1.2378157412714595e-08,7.134681140738024e-25,0.0,5.525676362375434e-31,3.2066205525590335e-45
24.25000000000021,-0.3,-145.4999999999998,0.0,0.0,0.0,41.50299178393526,453.0597848822455,2.0,WAIT,None,0,11.924359920510312,5.356281754764301e-16,1.1759249542078866e-08,6.421213026664221e-25,0.0,3.579003696854593e-31,1.7747942686917434e-45
24.30000000000021,-0.3,-145.7999999999998,0.0,0.0,0.0,41.642342234610496,453.94978488224547,2.0,WAIT,None,0,11.940874047984892,4.68674656691169e-16,1.1171287064974923e-08,5.779091723997799e-25,0.0,2.3175004127060975e-31,9.843122942037087e-46
24.35000000000021,-0.3,-146.09999999999982,0.0,0.0,0.0,41.78169702814203,454.83978488224545,2.0,WAIT,None,0,11.956602481951109,4.1009032722262247e-16,1.0612722711726177e-08,5.201182551598019e-25,0.0,1.5002063785257314e-31,5.470131123749472e-46
24.40000000000021,-0.3,-146.39999999999984,0.0,0.0,0.0,41.92105612122004,455.72978488224544,2.0,WAIT,None,0,11.9715648447214,3.588290384958821e-16,1.0082086576139868e-08,4.681064296438217e-25,0.0,9.708409590407717e-32,3.046046803359339e-46
24.450000000000212,-0.3,-146.69999999999985,0.0,0.0,0.0,42.060419471107366,456.6197848822454,2.0,WAIT,None,0,11.98578078178474,3.139754104927695e-16,9.577982247332875e-09,4.2129578667943955e-25,0.0,6.280631370866955e-32,1.6995819791181205e-46
24.500000000000213,-0.3,-146.99999999999986,0.0,0.0,0.0,42.19978703563011,457.5097848822454,2.0,WAIT,None,0,11.999269933577295,2.7472848568479877e-16,9.09908313496623e-09,3.791662080114956e-25,0.0,4.061708510137291e-32,9.501797101441387e-47
24.550000000000214,-0.3,-147.29999999999987,0.0,0.0,0.0,42.3391587731684,458.3997848822454,2.0,WAIT,None,0,12.01205190874208,2.403874262240876e-16,8.644128978217918e-09,3.4124958721034605e-25,0.0,2.6257684551577785e-32,5.322523408534384e-47
24.600000000000215,-0.3,-147.59999999999988,0.0,0.0,0.0,42.47853464264734,459.2897848822454,2.0,WAIT,None,0,12.024146258836197,2.1033899898504662e-16,8.211922529307022e-09,3.0712462848931143e-25,0.0,1.696829533172164e-32,2.987214968966795e-47
24.650000000000215,-0.3,-147.8999999999999,0.0,0.0,0.0,42.61791460352815,460.1797848822454,2.0,WAIT,None,0,12.035572454444491,1.8404662497555958e-16,7.801326402841671e-09,2.764121656403803e-25,0.0,1.0960892529280708e-32,1.6797325550621992e-47
24.700000000000216,-0.3,-148.1999999999999,0.0,0.0,0.0,42.75729861579945,461.06978488224536,2.0,WAIT,None,0,12.046349862658474,1.6104079757151853e-16,7.411260082699587e-09,2.4877094907634228e-25,0.0,7.077359765607338e-33,9.46291925020067e-48
24.750000000000217,-0.3,-148.49999999999991,0.0,0.0,0.0,42.89668663996874,461.95978488224534,2.0,WAIT,None,0,12.056497725880092,1.4091069847183633e-16,7.040697078564608e-09,2.2389385416870807e-25,0.0,4.5677880717061384e-33,5.340807758902927e-48
24.800000000000217,-0.3,-148.79999999999993,0.0,0.0,0.0,43.036078637054054,462.84978488224533,2.0,WAIT,None,0,12.066035141909481,1.2329686165891155e-16,6.688662224636378e-09,2.0150446875183727e-25,0.0,2.946738281783266e-33,3.019743304460784e-48
24.850000000000218,-0.3,-149.09999999999994,0.0,0.0,0.0,43.17547456857571,463.7397848822453,2.0,WAIT,None,0,12.074981045277184,1.0788475436389313e-16,6.354229113404559e-09,1.8135402187665354e-25,0.0,1.900070530121754e-33,1.7104006234594645e-48
24.90000000000022,-0.3,-149.39999999999995,0.0,0.0,0.0,43.3148743965483,464.6297848822453,2.0,WAIT,None,0,12.083354189780835,9.439916041116871e-17,6.036517657734331e-09,1.632186196889882e-25,0.0,1.2245654083981055e-33,9.70449493784702e-49
24.95000000000022,-0.3,-149.69999999999996,0.0,0.0,0.0,43.45427808347278,465.5197848822453,2.0,WAIT,None,0,12.091173132187066,8.259926564469371e-17,5.734691774847615e-09,1.4689675772008936e-25,0.0,7.88805482535287e-34,5.515399188930105e-49
25.00000000000022,-0.3,-149.99999999999997,0.0,0.0,0.0,43.59368559232874,466.4097848822453,2.0,WAIT,None,0,12.098456217060232,7.227435767594767e-17,5.447957186105234e-09,1.3220708194808042e-25,0.0,5.078378683949079e-34,3.1397183970607175e-49
25.05000000000022,-0.3,-150.29999999999998,0.0,0.0,0.0,43.73309688656679,467.29978488224526,2.0,WAIT,None,0,12.105221562679105,6.324006316332801e-17,5.175559326799972e-09,1.1898637375327238e-25,0.0,3.2676764179684867e-34,1.7901697015442684e-49
25.10000000000022,-0.3,-150.6,0.0,0.0,0.0,43.872511930101126,468.18978488224525,2.0,WAIT,None,0,12.111487048004278,5.5335055431563355e-17,4.9167813604599735e-09,1.0708773637794514e-25,0.0,2.1013742127831485e-34,1.0222726680748554e-49
25.150000000000222,-0.3,-150.9,0.0,0.0,0.0,44.0119306873022,469.07978488224524,2.0,WAIT,None,0,12.117270300658902,4.841817363865312e-17,4.670942292436975e-09,9.637896274015062e-26,0.0,1.350547207303154e-34,5.846378534232866e-50
25.200000000000223,-0.3,-151.20000000000002,0.0,0.0,0.0,44.15135312298956,469.9697848822452,2.0,WAIT,None,0,12.122588685885773,4.2365902046900726e-17,4.4373951778151265e-09,8.674106646613556e-26,0.0,8.674607221328028e-35,3.348364240848737e-50
25.250000000000224,-0.3,-151.50000000000003,0.0,0.0,0.0,44.29077920242483,470.8597848822452,2.0,WAIT,None,0,12.127459296445124,3.707016438503526e-17,4.21552541892437e-09,7.8066959819522e-26,0.0,5.568205577216829e-35,1.9203544313521744e-50
25.300000000000225,-0.3,-151.80000000000004,0.0,0.0,0.0,44.430208891304744,471.7497848822452,2.0,WAIT,None,0,12.131898943417468,3.243639391504096e-17,4.004749147978152e-09,7.02602638375698e-26,0.0,3.571888244934943e-35,1.10283317062999e-50
25.350000000000225,-0.3,-152.10000000000005,0.0,0.0,0.0,44.56964215575444,472.6397848822452,2.0,WAIT,None,0,12.135924147876608,2.838184474061065e-17,3.804511690579244e-09,6.323423745381283e-26,0.0,2.2897573261370658e-35,6.341533242408349e-51
25.400000000000226,-0.3,-152.40000000000006,0.0,0.0,0.0,44.70907896232073,473.52978488224517,2.0,WAIT,None,0,12.1395511333983,2.483411420202385e-17,3.614286106050282e-09,5.691081370843154e-26,0.0,1.4668373184147102e-35,3.650989503525998e-51
25.450000000000227,-0.3,-152.70000000000007,0.0,0.0,0.0,44.848519277965664,474.41978488224515,2.0,WAIT,None,0,12.142795819371656,2.1729849971649664e-17,3.433571800747768e-09,5.1219732337588385e-26,0.0,9.390037498218122e-36,2.104428476550471e-51
25.500000000000227,-0.3,-153.00000000000009,0.0,0.0,0.0,44.98796307006003,475.30978488224514,2.0,WAIT,None,0,12.145673815079817,1.9013618762498957e-17,3.2618932107103796e-09,4.609775910382955e-26,0.0,6.006723697753415e-36,1.2143393663339434e-51
25.550000000000228,-0.3,-153.3000000000001,0.0,0.0,0.0,45.12741030637713,476.1997848822451,2.0,WAIT,None,0,12.148200414517532,1.6636916448196783e-17,3.0987985501748607e-09,4.148798319344659e-26,0.0,3.839592179931008e-36,7.01460162252693e-52
25.60000000000023,-0.3,-153.6000000000001,0.0,0.0,0.0,45.26686095508656,477.0897848822451,2.0,WAIT,None,0,12.1503905919148,1.455730191794941e-17,2.9438586226661175e-09,3.733918487410193e-26,0.0,2.4524599004052495e-36,4.055994969789827e-52
25.65000000000023,-0.3,-153.90000000000012,0.0,0.0,0.0,45.406314984748185,477.9797848822451,2.0,WAIT,None,0,12.152258997934837,1.2737639199633053e-17,2.7966656915328116e-09,3.3605266386691736e-26,0.0,1.565238303737645e-36,2.3474559008945194e-52
25.70000000000023,-0.3,-154.20000000000013,0.0,0.0,0.0,45.54577236430616,478.8697848822451,2.0,WAIT,None,0,12.153819956516656,1.114543431749038e-17,2.656832406956171e-09,3.0244739748022565e-26,0.0,9.981900233896212e-37,1.359806420521055e-52
25.75000000000023,-0.3,-154.50000000000014,0.0,0.0,0.0,45.68523306308311,479.75978488224507,2.0,WAIT,None,0,12.155087462332745,9.752255042609859e-18,2.5239907866083623e-09,2.722026577322031e-26,0.0,6.360522171506963e-37,7.883337987624333e-53
25.80000000000023,-0.3,-154.80000000000015,0.0,0.0,0.0,45.824697050774375,480.64978488224506,2.0,WAIT,None,0,12.156075178832737,8.533223174590926e-18,2.397791247277944e-09,2.4498239195898278e-26,0.0,4.049596984948076e-37,4.5737275865517475e-53
25.850000000000232,-0.3,-155.10000000000016,0.0,0.0,0.0,45.96416429744238,481.53978488224504,2.0,WAIT,None,0,12.156796436845639,7.466570287997505e-18,2.277901684914047e-09,2.204841527630845e-26,0.0,2.5761025425036076e-37,2.6554070906314514e-53
25.900000000000233,-0.3,-155.40000000000018,0.0,0.0,0.0,46.103634773511125,482.42978488224503,2.0,WAIT,None,0,12.15726423371217,6.533249010501873e-18,2.1640066006683446e-09,1.9843573748677604e-26,0.0,1.6373432774825541e-37,1.5426454382256555e-53
25.950000000000234,-0.3,-155.7000000000002,0.0,0.0,0.0,46.24310844976072,483.319784882245,2.0,WAIT,None,0,12.15749123292187,5.716592891258136e-18,2.055806270634927e-09,1.7859216373809844e-26,0.0,1.0397637242638167e-37,8.967034096497157e-54
26.000000000000234,-0.3,-156.0000000000002,0.0,0.0,0.0,46.38258529732209,484.209784882245,2.0,WAIT,None,0,12.157489764227762,5.0020187857269724e-18,1.953015957103181e-09,1.607329473642886e-26,0.0,6.596918383360598e-38,5.2149809749534566e-54
26.050000000000235,-0.3,-156.3000000000002,0.0,0.0,0.0,46.52206528767168,485.099784882245,2.0,WAIT,None,0,12.15727182421432,4.3767664423956124e-18,1.855365159248022e-09,1.4465965262785974e-26,0.0,4.1816957028414234e-38,3.0342502533046247e-54
26.100000000000236,-0.3,-156.60000000000022,0.0,0.0,0.0,46.66154839262638,485.989784882245,2.0,WAIT,None,0,12.15684907729326,3.829670641156411e-18,1.762596901285621e-09,1.3019368736507377e-26,0.0,2.648268900971774e-38,1.766112878916809e-54
26.150000000000237,-0.3,-156.90000000000023,0.0,0.0,0.0,46.80103458433842,486.87978488224496,2.0,WAIT,None,0,12.156232857104271,3.3509618143869426e-18,1.67446705622134e-09,1.1717431862856639e-26,0.0,1.6755742738053912e-38,1.0283184943109032e-54
26.200000000000237,-0.3,-157.20000000000024,0.0,0.0,0.0,46.94052383529042,487.76978488224495,2.0,WAIT,None,0,12.155434168296722,2.9320915903941123e-18,1.590743703410273e-09,1.0545688676570974e-26,0.0,1.0591341863262769e-38,5.988979617098627e-55
26.250000000000238,-0.3,-157.50000000000026,0.0,0.0,0.0,47.08001611829052,488.65978488224494,2.0,WAIT,None,0,12.154463688670148,2.5655801439269513e-18,1.5112065182397592e-09,9.491119808913876e-27,0.0,6.688332875825147e-39,3.488735589299569e-55
26.30000000000024,-0.3,-157.80000000000027,0.0,0.0,0.0,47.21951140646759,489.5497848822449,2.0,WAIT,None,0,12.153331771652063,2.244882627874643e-18,1.4356461923277713e-09,8.542007828022489e-27,0.0,4.219474804464649e-39,2.032579450151922e-55
26.35000000000024,-0.3,-158.10000000000028,0.0,0.0,0.0,47.3590096732665,490.4397848822449,2.0,WAIT,None,0,12.15204844909141,1.964272301001741e-18,1.3638638827113829e-09,7.687807045220241e-27,0.0,2.6592962356827858e-39,1.1843108176225302e-55
26.40000000000024,-0.3,-158.4000000000003,0.0,0.0,0.0,47.498510892443534,491.3297848822449,2.0,WAIT,None,0,12.150623434347665,1.7187382647160235e-18,1.2956706885758137e-09,6.919026340698217e-27,0.0,1.6743149854571425e-39,6.90076484462168e-56
26.45000000000024,-0.3,-158.7000000000003,0.0,0.0,0.0,47.63801503806182,492.2197848822449,2.0,WAIT,None,0,12.149066125655736,1.50389598273998e-18,1.230887154147023e-09,6.2271237066283955e-27,0.0,1.0530868782349714e-39,4.0208425253152754e-56
26.50000000000024,-0.3,-159.0000000000003,0.0,0.0,0.0,47.77752208448688,493.10978488224487,2.0,WAIT,None,0,12.147385609747346,1.3159089858230457e-18,1.1693427964396718e-09,5.604411335965556e-27,0.0,6.616715208092216e-40,2.3426123380581105e-56
26.550000000000242,-0.3,-159.30000000000032,0.0,0.0,0.0,47.91703200638223,493.99978488224485,2.0,WAIT,None,0,12.145590665710756,1.1514203633645393e-18,1.1108756566176881e-09,5.043970202369e-27,0.0,4.153045081405512e-40,1.3646549047307769e-56
26.600000000000243,-0.3,-159.60000000000034,0.0,0.0,0.0,48.05654477870508,494.88978488224484,2.0,WAIT,None,0,12.143689769070761,1.0074928185835142e-18,1.0553318737868037e-09,4.5395731821321e-27,0.0,2.6039444403886143e-40,7.948042087361928e-57
26.650000000000244,-0.3,-159.90000000000035,0.0,0.0,0.0,48.19606037670209,495.7797848822448,2.0,WAIT,None,0,12.141691096071895,8.815562167921947e-19,1.0025652800974634e-09,4.08561586391889e-27,0.0,1.6309201389560996e-40,4.627949101106639e-57
26.700000000000244,-0.3,-160.20000000000036,0.0,0.0,0.0,48.33557877590524,496.6697848822448,2.0,WAIT,None,0,12.139602528148373,7.713616901350792e-19,9.524370160925903e-10,3.677054277527001e-27,0.0,1.0203866891263145e-40,2.693919677239355e-57
26.750000000000245,-0.3,-160.50000000000037,0.0,0.0,0.0,48.47509995212767,497.5597848822448,2.0,WAIT,None,0,12.137431656564615,6.749414792355311e-19,9.048151652879608e-10,3.3093488497743005e-27,0.0,6.37710134038307e-41,1.5675640535618666e-57
26.800000000000246,-0.3,-160.80000000000038,0.0,0.0,0.0,48.614623881459735,498.4497848822448,2.0,WAIT,None,0,12.135185787211242,5.905737946364383e-19,8.595744070235627e-10,2.9784139647968706e-27,0.0,3.9811063411585955e-41,9.117753734897714e-58
26.850000000000247,-0.3,-161.1000000000004,0.0,0.0,0.0,48.75415054026501,499.33978488224477,2.0,WAIT,None,0,12.132871945541467,5.167520705607046e-19,8.165956866723845e-10,2.6805725683171834e-27,0.0,2.482571628609963e-41,5.30090545833769e-58
26.900000000000247,-0.3,-161.4000000000004,0.0,0.0,0.0,48.89367990517639,500.22978488224476,2.0,WAIT,None,0,12.130496881634258,4.521580619516053e-19,7.757659023387653e-10,2.412515311485465e-27,0.0,1.5463689197771048e-41,3.0802789435867427e-58
26.950000000000248,-0.3,-161.70000000000041,0.0,0.0,0.0,49.033211953092334,501.11978488224474,2.0,WAIT,None,0,12.128067075369927,3.9563830438303903e-19,7.36977607221827e-10,2.1712637803369185e-27,0.0,9.62129780234813e-42,1.788901398365728e-58
27.00000000000025,-0.3,-162.00000000000043,0.0,0.0,0.0,49.172746661173036,502.00978488224473,2.0,WAIT,None,0,12.125588741705826,3.461835164809474e-19,7.001287268607357e-10,1.9541374023032265e-27,0.0,5.979425616457506e-42,1.038288754901627e-58
27.05000000000025,-0.3,-162.30000000000044,0.0,0.0,0.0,49.31228400683679,502.8997848822447,2.0,WAIT,None,0,12.12306783603924,3.029105770420155e-19,6.651222905176989e-10,1.7587236620729038e-27,0.0,3.711818446405842e-42,6.022332950074021e-59
27.10000000000025,-0.3,-162.60000000000045,0.0,0.0,0.0,49.45182396775632,503.7897848822447,2.0,WAIT,None,0,12.120510059645596,2.6504675501249984e-19,6.31866175991814e-10,1.5828512958656134e-27,0.0,2.3015040843025286e-42,3.490648947149909e-59
27.15000000000025,-0.3,-162.90000000000046,0.0,0.0,0.0,49.59136652185525,504.6797848822447,2.0,WAIT,None,0,12.117920865180622,2.319159107196744e-19,6.002728671922233e-10,1.424566166279052e-27,0.0,1.4253810911808273e-42,2.021728302864477e-59
27.20000000000025,-0.3,-163.20000000000047,0.0,0.0,0.0,49.730911647304566,505.5697848822447,2.0,WAIT,None,0,12.115305462235426,2.0292642194932152e-19,5.702592238326121e-10,1.2821095496511468e-27,0.0,8.817410116522522e-43,1.1700259469883856e-59
27.250000000000252,-0.3,-163.50000000000048,0.0,0.0,0.0,49.870459322519174,506.45978488224466,2.0,WAIT,None,0,12.112668822934268,1.7756061926351665e-19,5.417462626409815e-10,1.1538985946860321e-27,0.0,5.448018960648409e-43,6.765589490039183e-60
27.300000000000253,-0.3,-163.8000000000005,0.0,0.0,0.0,50.01000952615453,507.34978488224465,2.0,WAIT,None,0,12.110015687564896,1.5536554190367347e-19,5.146589495089325e-10,1.0385087352174289e-27,0.0,3.3621767924826243e-43,3.9087247719919283e-60
27.350000000000254,-0.3,-164.1000000000005,0.0,0.0,0.0,50.14956223710327,508.23978488224463,2.0,WAIT,None,0,12.107350570232029,1.3594484920569442e-19,4.889260020334859e-10,9.34657861695686e-28,0.0,2.0724488508679454e-43,2.2561406993132615e-60
27.400000000000254,-0.3,-164.40000000000052,0.0,0.0,0.0,50.28911743449194,509.1297848822446,2.0,WAIT,None,0,12.104677764525036,1.189517430882161e-19,4.6447970193181155e-10,8.411920755261174e-28,0.0,1.2759261298282931e-43,1.3010133322341974e-60
27.450000000000255,-0.3,-164.70000000000053,0.0,0.0,0.0,50.4286750976778,510.0197848822446,2.0,WAIT,None,0,12.102001349191482,1.0408277522981442e-19,4.41255716835221e-10,7.570728679735056e-28,0.0,7.845902343957815e-44,7.494887674208623e-61
27.500000000000256,-0.3,-165.00000000000054,0.0,0.0,0.0,50.56823520624559,510.9097848822446,2.0,WAIT,None,0,12.099325193807772,9.107242834905118e-20,4.1919293099345994e-10,6.813655811761551e-28,0.0,4.818737418974512e-44,4.313205602399484e-61
27.550000000000257,-0.3,-165.30000000000055,0.0,0.0,0.0,50.70779774000447,511.7997848822446,2.0,WAIT,None,0,12.096652964440239,7.968837482450824e-20,3.9823328444378694e-10,6.132290230585396e-28,0.0,2.9559295555897316e-44,2.4795403587158228e-61
27.600000000000257,-0.3,-165.60000000000056,0.0,0.0,0.0,50.847362678984936,512.6897848822446,2.0,WAIT,None,0,12.093988129288391,6.972732798731199e-20,3.7832162022159757e-10,5.519061207526856e-28,0.0,1.8110186727091331e-44,1.4238460387839951e-61
27.650000000000258,-0.3,-165.90000000000057,0.0,0.0,0.0,50.98693000343575,513.5797848822446,2.0,WAIT,None,0,12.091333964304226,6.101141200208767e-20,3.594055392105177e-10,4.96715508677417e-28,0.0,1.1081983381083389e-44,8.166971726549058e-62
27.70000000000026,-0.3,-166.20000000000059,0.0,0.0,0.0,51.12649969382105,514.4697848822445,2.0,WAIT,None,0,12.088693558780847,5.338498551279063e-20,3.4143526224999185e-10,4.4704395780967535e-28,0.0,6.7729142715726e-45,4.678978903357436e-62
27.75000000000026,-0.3,-166.5000000000006,0.0,0.0,0.0,51.26607173081736,515.3597848822445,2.0,WAIT,None,0,12.086069820904129,4.6711862332805554e-20,3.2436349913749224e-10,4.0233956202870783e-28,0.0,4.134234325756353e-45,2.677438346734089e-62
27.80000000000026,-0.3,-166.8000000000006,0.0,0.0,0.0,51.40564609531076,516.2497848822445,2.0,WAIT,None,0,12.08346548326216,4.087287954878067e-20,3.081453241806176e-10,3.6210560582583705e-28,0.0,2.5204265117641695e-45,1.5302171637886577e-62
27.85000000000026,-0.3,-167.10000000000062,0.0,0.0,0.0,51.54522276839402,517.1397848822445,2.0,WAIT,None,0,12.08088310830692,3.576376961148048e-20,2.9273805797158673e-10,3.2589504524325333e-28,0.0,1.534654259882176e-45,8.7345229854196e-63
27.90000000000026,-0.3,-167.40000000000063,0.0,0.0,0.0,51.684801731363855,518.0297848822445,2.0,WAIT,None,0,12.078325093762885,3.129329841528013e-20,2.781011550730074e-10,2.93305540718928e-28,0.0,9.332604008375664e-46,4.979269991737372e-63
27.950000000000262,-0.3,-167.70000000000064,0.0,0.0,0.0,51.824382965718165,518.9197848822445,2.0,WAIT,None,0,12.075793677978481,2.7381636117721465e-20,2.6419609731935706e-10,2.639749866470352e-28,0.0,5.668252999670131e-46,2.834789630136649e-63
28.000000000000263,-0.3,-168.00000000000065,0.0,0.0,0.0,51.96396645315335,519.8097848822445,2.0,WAIT,None,0,12.073290945215547,2.3958931606623343e-20,2.509862924533892e-10,2.375774879823317e-28,0.0,3.4383345258598453e-46,1.6117343811030785e-63
28.050000000000264,-0.3,-168.30000000000067,0.0,0.0,0.0,52.10355217556163,520.6997848822444,2.0,WAIT,None,0,12.065318830873025,2.0964065158802106e-20,2.3843697783071977e-10,2.138197391840985e-28,0.0,2.0830421267956006e-46,9.151090673984773e-64
28.100000000000264,-0.3,-168.60000000000068,0.0,0.0,0.0,52.2431401150285,521.5897848822444,2.0,WAIT,None,0,12.052175439141024,1.8343557016451146e-20,2.2651512893918378e-10,1.9243776526568866e-28,0.0,1.3041489764158591e-46,5.4666129039073275e-64
28.150000000000265,-0.3,-168.9000000000007,0.0,0.0,0.0,52.382730253830104,522.4797848822444,2.0,WAIT,None,0,12.034150334246135,1.60506123914723e-20,2.1518937249222458e-10,1.731939887391198e-28,0.0,8.218124477337081e-47,3.3126111952238496e-64
28.200000000000266,-0.3,-169.2000000000007,0.0,0.0,0.0,52.52232257443072,523.3697848822444,2.0,WAIT,None,0,12.011524590648662,1.4044285844265223e-20,2.0442990386761334e-10,1.558745898652078e-28,0.0,5.210524669774739e-47,2.035726631611598e-64
28.250000000000266,-0.3,-169.5000000000007,0.0,0.0,0.0,52.661917059480295,524.2597848822444,2.0,WAIT,None,0,11.984570852277898,1.2288750115167607e-20,1.9420840867423267e-10,1.4028713087868701e-28,0.0,3.3227788109051316e-47,1.2683724167319703e-64
28.300000000000267,-0.3,-169.80000000000072,0.0,0.0,0.0,52.801513691811984,525.1497848822444,2.0,WAIT,None,0,11.953553400249689,1.0752656351964944e-20,1.8449798824052105e-10,1.2625841779081832e-28,0.0,2.1305025429588494e-47,8.00987365255619e-65
28.350000000000268,-0.3,-170.10000000000073,0.0,0.0,0.0,52.94111245443975,526.0397848822444,2.0,WAIT,None,0,11.918728228527641,9.408574308961248e-21,1.75273088828495e-10,1.1363257601173649e-28,0.0,1.373012257545109e-47,5.125325204549681e-65
28.40000000000027,-0.3,-170.40000000000074,0.0,0.0,0.0,53.08071333055597,526.9297848822443,2.0,WAIT,None,0,11.880343127006768,8.232502521165627e-21,1.6650943438707025e-10,1.0226931841056283e-28,0.0,8.890608751451051e-48,3.32194133107221e-65
28.45000000000027,-0.3,-170.70000000000076,0.0,0.0,0.0,53.22031630352914,527.8197848822443,2.0,WAIT,None,0,11.838637771516119,7.203439706705318e-21,1.5818396266771672e-10,9.204238656950654e-29,0.0,5.782404026456732e-48,2.180158735790396e-65
28.50000000000027,-0.3,-171.00000000000077,0.0,0.0,0.0,53.35992135690153,528.7097848822443,2.0,WAIT,None,0,11.793843820252903,6.303009743936888e-21,1.5027476453433089e-10,8.283814791255589e-29,0.0,3.776266821063522e-48,1.4482854055240705e-65
28.55000000000027,-0.3,-171.30000000000078,0.0,0.0,0.0,53.49952847438698,529.5997848822443,2.0,WAIT,None,0,11.746185016178117,5.515133526418368e-21,1.4276102630761435e-10,7.45543331213003e-29,0.0,2.4754501563540234e-48,9.73482533402159e-66
28.60000000000027,-0.3,-171.6000000000008,0.0,0.0,0.0,53.639137639868615,530.4897848822443,2.0,WAIT,None,0,11.695877294920024,4.825741836009745e-21,1.3562297499223364e-10,6.709889980917027e-29,0.0,1.6283419905436802e-48,6.618239877288915e-66
28.650000000000272,-0.3,-171.9000000000008,0.0,0.0,0.0,53.778748837396705,531.3797848822443,2.0,WAIT,None,0,11.643128897747488,4.222524106835768e-21,1.2884182624262195e-10,6.038900982825324e-29,0.0,1.07449020121314e-48,4.549087064249217e-66
28.700000000000273,-0.3,-172.2000000000008,0.0,0.0,0.0,53.918362051186456,532.2697848822443,2.0,WAIT,None,0,11.588140489192085,3.694708593753316e-21,1.2239973493049084e-10,5.435010884542791e-29,0.0,7.110385334472771e-49,3.160062171643667e-66
28.750000000000274,-0.3,-172.50000000000082,0.0,0.0,0.0,54.05797726561595,533.1597848822443,2.0,WAIT,None,0,11.53110527891323,3.232870019760267e-21,1.1627974818396631e-10,4.891509796088512e-29,0.0,4.717253064546094e-49,2.217555348124458e-66
28.800000000000274,-0.3,-172.80000000000084,0.0,0.0,0.0,54.197594465223986,534.0497848822442,2.0,WAIT,None,0,11.47220914741547,2.8287612674781924e-21,1.10465760774768e-10,4.4023588164796607e-29,0.0,3.1366443238221382e-49,1.571356207641205e-66
28.850000000000275,-0.3,-173.10000000000085,0.0,0.0,0.0,54.33721363470807,534.9397848822442,2.0,WAIT,None,0,11.41163077524368,2.475166109199659e-21,1.049424727360296e-10,3.9621229348316946e-29,0.0,2.0897744210643585e-49,1.1238452624467294e-66
28.900000000000276,-0.3,-173.40000000000086,0.0,0.0,0.0,54.476834758922365,535.8297848822442,2.0,WAIT,None,0,11.349541775294938,2.1657703456795766e-21,9.969534909922812e-11,3.565910641348525e-29,0.0,1.3946746125329825e-49,8.109188129704853e-67
28.950000000000276,-0.3,-173.70000000000087,0.0,0.0,0.0,54.61645782287569,536.7197848822442,2.0,WAIT,None,0,11.286106827902472,1.895049052577588e-21,9.471058164426671e-11,3.2093195772136725e-29,0.0,9.321170700650494e-50,5.9005414625824195e-67
29.000000000000277,-0.3,-174.00000000000088,0.0,0.0,0.0,54.75608281172956,537.6097848822442,2.0,WAIT,None,0,11.22148381835973,1.65816792109513e-21,8.997505256205338e-11,2.8883876194923053e-29,0.0,6.23706533481439e-50,4.327653054190425e-67
29.050000000000278,-0.3,-174.3000000000009,0.0,0.0,0.0,54.895709710796275,538.4997848822442,2.0,WAIT,None,0,11.155823976567774,1.4508969310328357e-21,8.547629993395071e-11,2.5995488575430746e-29,0.0,4.1772847146301397e-50,3.1978622521290424e-67
29.10000000000028,-0.3,-174.6000000000009,0.0,0.0,0.0,55.03533850553696,539.3897848822442,2.0,WAIT,None,0,11.089272018502072,1.26953481471574e-21,8.120248493725318e-11,2.339593971788767e-29,0.0,2.7996711647949286e-50,2.3796502034373598e-67
29.15000000000028,-0.3,-174.90000000000092,0.0,0.0,0.0,55.17496918155973,540.2797848822441,2.0,WAIT,None,0,11.021966289209388,1.1108429629278172e-21,7.714236069039051e-11,2.1056345746098903e-29,0.0,1.8772317654865377e-50,1.7824235248700643e-67
29.20000000000028,-0.3,-175.20000000000093,0.0,0.0,0.0,55.31460172461782,541.1697848822441,2.0,WAIT,None,0,10.95403890705694,9.719875926046865e-22,7.328524265587098e-11,1.8950711171489013e-29,0.0,1.25900948318106e-50,1.3432316418952611e-67
29.25000000000028,-0.3,-175.50000000000094,0.0,0.0,0.0,55.454236120607774,542.0597848822441,2.0,WAIT,None,0,10.885615908970294,8.50489143564717e-22,6.962098052307743e-11,1.705564005434011e-29,0.0,8.443960915882037e-51,1.0179602188350394e-67
29.30000000000028,-0.3,-175.80000000000095,0.0,0.0,0.0,55.593872355567626,542.9497848822441,2.0,WAIT,None,0,10.81681739640834,7.441780006487332e-22,6.613993149692355e-11,1.53500760489061e-29,0.0,5.662118461906453e-51,7.754404833612284e-68
29.350000000000282,-0.3,-176.10000000000096,0.0,0.0,0.0,55.73351041567518,543.8397848822441,2.0,WAIT,None,0,10.747757681835822,6.511557505922515e-22,6.283293492207738e-11,1.381506844401549e-29,0.0,3.79524801847614e-51,5.934749479222341e-68
29.400000000000283,-0.3,-176.40000000000097,0.0,0.0,0.0,55.873150287246204,544.7297848822441,2.0,WAIT,None,0,10.678545435465821,5.69761281788677e-22,5.969128817597351e-11,1.2433561599613942e-29,0.0,2.5424142096517673e-51,4.5613354217993095e-68
29.450000000000284,-0.3,-176.70000000000098,0.0,0.0,0.0,56.01279195673277,545.6197848822441,2.0,WAIT,None,0,10.60928383205652,4.985411215820973e-22,5.670672376717483e-11,1.1190205439652548e-29,0.0,1.701834516179409e-51,3.518990297436054e-68
29.500000000000284,-0.3,-177.000000000001,0.0,0.0,0.0,56.15243541072154,546.509784882244,2.0,WAIT,None,0,10.540070697557098,4.362234813984704e-22,5.387138757881609e-11,1.0071184895687293e-29,0.0,1.1380900103403776e-51,2.7238484881626217e-68
29.550000000000285,-0.3,-177.300000000001,0.0,0.0,0.0,56.292080635932095,547.399784882244,2.0,WAIT,None,0,10.470998655409744,3.816955462354116e-22,5.117781819987528e-11,9.064066406118564e-30,0.0,7.602404117525164e-52,2.114418591458593e-68
29.600000000000286,-0.3,-177.60000000000102,0.0,0.0,0.0,56.43172761921531,548.289784882244,2.0,WAIT,None,0,10.402155272323967,3.3398360296575234e-22,4.861892728988152e-11,8.157659765506707e-30,0.0,5.071897893136421e-52,1.645313713720633e-68
29.650000000000286,-0.3,-177.90000000000103,0.0,0.0,0.0,56.57137634755172,549.179784882244,2.0,WAIT,None,0,10.333623203350726,2.9223565260315225e-22,4.6187980925387445e-11,7.341893788956036e-30,0.0,3.378848552315393e-52,1.2828188053063962e-68
29.700000000000287,-0.3,-178.20000000000104,0.0,0.0,0.0,56.71102680804996,550.069784882244,2.0,WAIT,None,0,10.265480336094015,2.557061960345071e-22,4.387858187911807e-11,6.607704410060432e-30,0.0,2.2474101836434063e-52,1.0017346826407133e-68
29.750000000000288,-0.3,-178.50000000000105,0.0,0.0,0.0,56.850678987945145,550.959784882244,2.0,WAIT,None,0,10.19779993390614,2.237429215358037e-22,4.1684652785162166e-11,5.946933969054389e-30,0.0,1.492283285961482e-52,7.831156640597562e-69
29.80000000000029,-0.3,-178.80000000000106,0.0,0.0,0.0,56.99033287459738,551.849784882244,2.0,WAIT,None,0,10.130650777924018,1.9577505634849158e-22,3.9600420145904056e-11,5.3522405721489504e-30,0.0,9.8905073999229e-53,6.126370411350309e-69
29.85000000000029,-0.3,-179.10000000000107,0.0,0.0,0.0,57.12998845549018,552.739784882244,2.0,WAIT,None,0,10.064097307811267,1.713031743088065e-22,3.762039913860885e-11,4.817016514934055e-30,0.0,6.54229863889664e-53,4.794094694671581e-69
29.90000000000029,-0.3,-179.40000000000109,0.0,0.0,0.0,57.26964571822903,553.6297848822439,2.0,WAIT,None,0,9.998199761081196,1.4989027752342793e-22,3.573937918167841e-11,4.335314863440649e-30,0.0,4.318528460827252e-53,3.751125648613083e-69
29.95000000000029,-0.3,-179.7000000000011,0.0,0.0,0.0,57.40930465053984,554.5197848822439,2.0,WAIT,None,0,9.933014310882982,1.3115399283567794e-22,3.395241022259449e-11,3.901783377096584e-30,0.0,2.8443753600152745e-53,2.933579371809636e-69
30.00000000000029,-0.3,-180.0000000000011,0.0,0.0,0.0,57.54896524026754,555.4097848822439,2.0,WAIT,None,0,9.868593202142733,1.147597437334447e-22,3.225478971146476e-11,3.5116050393869256e-30,0.0,1.8691263813926074e-53,2.292181556743437e-69
30.050000000000292,-0.3,-180.30000000000112,0.0,0.0,0.0,57.68862747537463,556.2997848822439,2.0,WAIT,None,0,9.80498488595839,1.0041477576861488e-22,3.0642050225891527e-11,3.160444535448233e-30,0.0,1.2253179506680473e-53,1.7887643439245927e-69
30.100000000000293,-0.3,-180.60000000000113,0.0,0.0,0.0,57.82829134393973,557.1897848822439,2.0,WAIT,None,0,9.742234152155504,8.786292879907647e-23,2.910994771459695e-11,2.84440008190341e-30,0.0,8.012679007295243e-54,1.3936465331092685e-69
30.150000000000293,-0.3,-180.90000000000114,0.0,0.0,0.0,57.96795683415625,558.0797848822439,2.0,WAIT,None,0,9.680382259918076,7.688006270047075e-23,2.76544503288671e-11,2.559960073713069e-30,0.0,5.226231113536227e-54,1.0836638059625298e-69
30.200000000000294,-0.3,-181.20000000000115,0.0,0.0,0.0,58.107623934330924,558.9697848822439,2.0,WAIT,None,0,9.619467066415723,6.727005486397495e-23,2.6271727812423745e-11,2.303964066341762e-30,0.0,3.399750608531696e-54,8.406798545151025e-70
30.250000000000295,-0.3,-181.50000000000117,0.0,0.0,0.0,58.24729263288256,559.8597848822438,2.0,WAIT,None,0,9.55952315335594,5.886129800686173e-23,2.495814142180256e-11,2.073567659707586e-30,0.0,2.205572058687393e-54,6.504551821510955e-70
30.300000000000296,-0.3,-181.80000000000118,0.0,0.0,0.0,58.386962918340615,560.7497848822438,2.0,WAIT,None,0,9.50058195139593,5.150363575673855e-23,2.371023435071243e-11,1.8662108937368273e-30,0.0,1.426861302998087e-54,5.017832903277756e-70
30.350000000000296,-0.3,-182.1000000000012,0.0,0.0,0.0,58.526634779343915,561.6397848822438,2.0,WAIT,None,0,9.44267186235561,4.506568128775681e-23,2.2524722633176808e-11,1.6795898043631445e-30,0.0,9.204527534523824e-55,3.858277602728083e-70
30.400000000000297,-0.3,-182.4000000000012,0.0,0.0,0.0,58.66630820463936,562.5297848822438,2.0,WAIT,None,0,9.38581837917917,3.9432471127294756e-23,2.1398486501517967e-11,1.51163082392683e-30,0.0,5.9204627529849684e-55,2.956110195718585e-70
30.450000000000298,-0.3,-182.7000000000012,0.0,0.0,0.0,58.80598318308063,563.4197848822438,2.0,WAIT,None,0,9.330044203598163,3.450341223680481e-23,2.032856217644207e-11,1.360467741534147e-30,0.0,3.796833738758321e-55,2.2561819863229666e-70
30.5000000000003,-0.3,-183.00000000000122,0.0,0.0,0.0,58.94565970362694,564.3097848822438,2.0,WAIT,None,0,9.275369361455205,3.019048570755491e-23,1.9312134067619966e-11,1.2244209673807323e-30,0.0,2.4276090942692593e-55,1.714887374612605e-70
30.5500000000003,-0.3,-183.30000000000123,0.0,0.0,0.0,59.08533775534177,565.1997848822438,2.0,WAIT,None,0,9.221811315652758,2.6416674994402066e-23,1.8346527364238968e-11,1.101978870642659e-30,0.0,1.5474217205069205e-55,1.2977522619758182e-70
30.6000000000003,-0.3,-183.60000000000124,0.0,0.0,0.0,59.225017327391654,566.0897848822437,2.0,WAIT,None,0,9.173238385306377,2.3114590620344136e-23,1.7429200996027018e-11,9.91780983578393e-31,0.0,9.83319939138792e-56,9.775401537565309e-71
30.6500000000003,-0.3,-183.90000000000126,0.0,0.0,0.0,59.36469840904499,566.9797848822437,2.0,WAIT,None,0,9.178842614062717,2.0225266793002553e-23,1.6557740946225667e-11,8.926028852205537e-31,0.0,6.229060923822991e-56,7.327588919075057e-71
30.7000000000003,-0.3,-184.20000000000127,0.0,0.0,0.0,59.50438098967079,567.8697848822437,2.0,WAIT,None,0,9.183238501685196,1.7697108444044677e-23,1.5729853898914384e-11,8.033425966984984e-31,0.0,3.9334990545617512e-56,5.464790016209841e-71
30.750000000000302,-0.3,-184.50000000000128,0.0,0.0,0.0,59.64406505873759,568.7597848822437,2.0,WAIT,None,0,9.186371812919901,1.548496988867828e-23,1.4943361203968664e-11,7.230083370286485e-31,0.0,2.476014373370364e-56,4.053956557714866e-71
30.800000000000303,-0.3,-184.8000000000013,0.0,0.0,0.0,59.78375060581218,569.6497848822437,2.0,WAIT,None,0,9.188192469084413,1.3549348652709193e-23,1.4196193143770231e-11,6.507075033257837e-31,0.0,1.553586649630755e-56,2.99082067167453e-71
30.850000000000303,-0.3,-185.1000000000013,0.0,0.0,0.0,59.92343762055857,570.5397848822437,2.0,WAIT,None,0,9.188654654930588,1.1855680071216719e-23,1.348638348658172e-11,5.856367529932054e-31,0.0,9.716686078766474e-57,2.1939404478683435e-71
30.900000000000304,-0.3,-185.4000000000013,0.0,0.0,0.0,60.06312609273681,571.4297848822437,2.0,WAIT,None,0,9.187716906535286,1.0373720062394574e-23,1.2812064312252634e-11,5.270730776938848e-31,0.0,6.057520988803684e-57,1.599944800119463e-71
30.950000000000305,-0.3,-185.70000000000132,0.0,0.0,0.0,60.20281601220186,572.3197848822437,2.0,WAIT,None,0,9.185342180729208,9.077005054661707e-24,1.2171461096640002e-11,4.7436576992449634e-31,0.0,3.764097797368077e-57,1.1597339115734261e-71
31.000000000000306,-0.3,-186.00000000000134,0.0,0.0,0.0,60.34250736890252,573.2097848822436,2.0,WAIT,None,0,9.181497906612947,7.942379422884233e-24,1.1562888041808002e-11,4.269291929320467e-31,0.0,2.331377651091384e-57,8.354439139487109e-72
31.050000000000306,-0.3,-186.30000000000135,0.0,0.0,0.0,60.48220015288036,574.0997848822436,2.0,WAIT,None,0,9.176156019745576,6.949581995069623e-24,1.0984743639717603e-11,3.8423627363884203e-31,0.0,1.4392889472236257e-57,5.980246099598865e-72
31.100000000000307,-0.3,-186.60000000000136,0.0,0.0,0.0,60.62189435426864,574.9897848822436,2.0,WAIT,None,0,9.169292979622355,6.0808842457240895e-24,1.0435506457731722e-11,3.4581264627495783e-31,0.0,8.856581389848818e-58,4.253100200718756e-72
31.150000000000308,-0.3,-186.90000000000137,0.0,0.0,0.0,60.761589963291236,575.8797848822436,2.0,WAIT,None,0,9.160889771083873,5.320773715040307e-24,9.913731134845137e-12,3.1123138164746206e-31,0.0,5.432094904585623e-58,3.004855831830905e-72
31.20000000000031,-0.3,-187.20000000000138,0.0,0.0,0.0,60.901286970261644,576.7697848822436,2.0,WAIT,None,0,9.150931890323704,4.655677000686643e-24,9.41804457810288e-12,2.8010824348271586e-31,0.0,3.320879829241608e-58,2.108746580271682e-72
31.25000000000031,-0.3,-187.5000000000014,0.0,0.0,0.0,61.04098536558193,577.6597848822436,2.0,WAIT,None,0,9.13940931618066,4.0737173756227364e-24,8.947142349197735e-12,2.5209741913444426e-31,0.0,2.0236067096725742e-58,1.4698182214118043e-72
31.30000000000031,-0.3,-187.8000000000014,0.0,0.0,0.0,61.180685139741726,578.5497848822436,2.0,WAIT,None,0,9.126316467417325,3.5645027036881184e-24,8.499785231737849e-12,2.268876772209998e-31,0.0,1.2291072546032288e-58,1.0174229046520991e-72
31.35000000000031,-0.3,-188.10000000000142,0.0,0.0,0.0,61.320386283317234,579.4397848822435,2.0,WAIT,None,0,9.111652146700123,3.1189398657422522e-24,8.074795970150957e-12,2.041989094988998e-31,0.0,7.441298448094255e-59,6.993627688318431e-73
31.40000000000031,-0.3,-188.40000000000143,0.0,0.0,0.0,61.46008878697025,580.3297848822435,2.0,WAIT,None,0,9.095419472004721,2.729072382537063e-24,7.671056171643409e-12,1.8377901854900984e-31,0.0,4.490641599854574e-59,4.77348199211691e-73
31.450000000000312,-0.3,-188.70000000000144,0.0,0.0,0.0,61.59979264144721,581.2197848822435,2.0,WAIT,None,0,9.077625796178836,2.3879383347303974e-24,7.287503363061238e-12,1.6540111669410886e-31,0.0,2.7013143054004258e-59,3.234987524429561e-73
31.500000000000313,-0.3,-189.00000000000145,0.0,0.0,0.0,61.73949783757818,582.1097848822435,2.0,WAIT,None,0,9.058282615395797,2.089446042897799e-24,6.923128194908177e-12,1.4886100502469799e-31,0.0,1.6197799565871343e-59,2.1766631046126543e-73
31.550000000000313,-0.3,-189.30000000000146,0.0,0.0,0.0,61.879204366275964,582.9997848822435,2.0,WAIT,None,0,9.03740546723617,1.828265287542807e-24,6.5769717851627675e-12,1.3397490452222818e-31,0.0,9.681864193926825e-60,1.4540244783842757e-73
31.600000000000314,-0.3,-189.60000000000147,0.0,0.0,0.0,62.018912218535185,583.8897848822435,2.0,WAIT,None,0,9.015013819131184,1.5997321266059682e-24,6.248123195904629e-12,1.2057741407000535e-31,0.0,5.76889467488732e-60,9.642696194203572e-74
31.650000000000315,-0.3,-189.90000000000148,0.0,0.0,0.0,62.15862138543132,584.7797848822435,2.0,WAIT,None,0,8.991130947899194,1.3997656107852198e-24,5.935717036109397e-12,1.0851967266300482e-31,0.0,3.4266215836614187e-60,6.348330384160594e-74
31.700000000000315,-0.3,-190.2000000000015,0.0,0.0,0.0,62.29833185811981,585.6697848822434,2.0,WAIT,None,0,8.96578381110055,1.2247949094412216e-24,5.6389311843039276e-12,9.766770539670433e-32,0.0,2.029034664023228e-60,4.149027899016909e-74
31.750000000000316,-0.3,-190.5000000000015,0.0,0.0,0.0,62.43804362783521,586.5597848822434,2.0,WAIT,None,0,8.93900291092757,1.071695545764522e-24,5.356984625088731e-12,8.79009348570339e-32,0.0,1.1977688521202895e-60,2.6918689780182318e-74
31.800000000000317,-0.3,-190.80000000000152,0.0,0.0,0.0,62.57775668589023,587.4497848822434,2.0,WAIT,None,0,8.910822151337754,9.377336025468274e-25,5.089135393834295e-12,7.91108413713305e-32,0.0,7.049004130579863e-61,1.733725832029777e-74
31.850000000000318,-0.3,-191.10000000000153,0.0,0.0,0.0,62.71747102367494,588.3397848822434,2.0,WAIT,None,0,8.881278689125907,8.2051690223086005e-25,4.83467862414258e-12,7.119975723419745e-32,0.0,4.135853801807384e-61,1.1084784073237443e-74
31.90000000000032,-0.3,-191.40000000000154,0.0,0.0,0.0,62.85718663265587,589.2297848822434,2.0,WAIT,None,0,8.850412779618637,7.17952289453986e-25,4.592944692935451e-12,6.40797815107777e-32,0.0,2.4193414521379374e-61,7.0355618841535e-75
31.95000000000032,-0.3,-191.70000000000155,0.0,0.0,0.0,62.99690350437518,590.1197848822434,2.0,WAIT,None,0,8.818267617659501,6.282082532738865e-25,4.363297458288678e-12,5.767180335969993e-32,0.0,1.4110293628684398e-61,4.433047743376551e-75
32.00000000000032,-0.3,-192.00000000000156,0.0,0.0,0.0,63.136621630449824,591.0097848822434,2.0,WAIT,None,0,8.78488917453791,5.496822216160213e-25,4.145132585374244e-12,5.190462302372993e-32,0.0,8.205301225816948e-62,2.7729896137608173e-75
32.05000000000032,-0.3,-192.30000000000157,0.0,0.0,0.0,63.27634100257071,591.8997848822434,2.0,WAIT,None,0,8.750326031497366,4.809719439151579e-25,3.937875956105532e-12,4.671416072135694e-32,0.0,4.757574910398287e-62,1.7220633145985566e-75
32.100000000000314,-0.3,-192.6000000000016,0.0,0.0,0.0,63.416061612501906,592.7897848822433,2.0,WAIT,None,0,8.714481054190799,4.208504509267101e-25,3.7409821583002555e-12,4.2042744649221243e-32,0.0,2.7980797644513802e-62,1.0617454633721634e-75
32.15000000000031,-0.3,-192.9000000000016,0.0,0.0,0.0,63.55578345207983,593.6797848822433,2.0,WAIT,None,0,8.677287523853806,3.6824414456165857e-25,3.553933050385243e-12,3.783847018429912e-32,0.0,1.648925872969852e-62,6.504934594057874e-76
32.20000000000031,-0.3,-193.2000000000016,0.0,0.0,0.0,63.69550651321246,594.5697848822433,2.0,WAIT,None,0,8.638706293641064,3.222136264921056e-25,3.3762363978659808e-12,3.40546231658692e-32,0.0,9.734552804062722e-63,3.961550419440451e-76
32.250000000000306,-0.3,-193.50000000000162,0.0,0.0,0.0,63.835230787878544,595.4597848822433,2.0,WAIT,None,0,8.59872309879131,2.8193692318113633e-25,3.207424577972682e-12,3.0649160849282283e-32,0.0,5.755915450448695e-63,2.3989772966120205e-76
32.3000000000003,-0.3,-193.80000000000163,0.0,0.0,0.0,63.97495626812685,596.3497848822433,2.0,WAIT,None,0,8.557346016372207,2.4669480778394644e-25,3.0470533490740476e-12,2.7584244764354057e-32,0.0,3.408070033907817e-63,1.444959397820324e-76
32.3500000000003,-0.3,-194.10000000000164,0.0,0.0,0.0,64.11468294607538,597.2397848822433,2.0,WAIT,None,0,8.514603070264286,2.1585795681132898e-25,2.894700681620345e-12,2.482582028791865e-32,0.0,2.0202866603851225e-63,8.659142518592365e-77
32.4000000000003,-0.3,-194.40000000000165,0.0,0.0,0.0,64.25441081391064,598.1297848822433,2.0,WAIT,None,0,8.470539976971281,1.8887571221022527e-25,2.7499656475393277e-12,2.2343238259126787e-32,0.0,1.198795364124055e-63,5.1641254666700955e-77
32.450000000000294,-0.3,-194.70000000000167,0.0,0.0,0.0,64.39413986388685,599.0197848822432,2.0,WAIT,None,0,8.425218027786343,1.652662481842068e-25,2.6124673651623613e-12,2.0108914433214108e-32,0.0,7.11908869445366e-64,3.0656769130484965e-77
32.50000000000029,-0.3,-195.00000000000168,0.0,0.0,0.0,64.53387008832532,599.9097848822432,2.0,WAIT,None,0,8.378712102804911,1.4460796716139682e-25,2.481843996904243e-12,1.8098022989892697e-32,0.0,4.230320676770236e-64,1.8120127102389753e-77
32.55000000000029,-0.3,-195.3000000000017,0.0,0.0,0.0,64.67360147961357,600.7997848822432,2.0,WAIT,None,0,8.331108812247976,1.2653197126640167e-25,2.357751797059031e-12,1.6288220690903426e-32,0.0,2.514875500564311e-64,1.0665759599570775e-77
32.600000000000286,-0.3,-195.6000000000017,0.0,0.0,0.0,64.81333403020479,601.6897848822432,2.0,WAIT,None,0,8.282504760550012,1.1071547485825063e-25,2.2398642072060797e-12,1.4659398621813084e-32,0.0,1.4954823927608072e-64,6.2531911484561055e-78
32.65000000000028,-0.3,-195.9000000000017,0.0,0.0,0.0,64.95306773261697,602.5797848822432,2.0,WAIT,None,0,8.23300492866531,9.68760405010933e-26,2.127870996845776e-12,1.3193458759631776e-32,0.0,8.894008644399893e-65,3.65231495232584e-78
32.70000000000028,-0.3,-196.20000000000172,0.0,0.0,0.0,65.09280257943234,603.4697848822432,2.0,WAIT,None,0,8.182721170060177,8.47665354385597e-26,2.021477447003487e-12,1.1874112883668599e-32,0.0,5.28929189971839e-65,2.1255067153864377e-78
32.75000000000028,-0.3,-196.50000000000173,0.0,0.0,0.0,65.23253856329661,604.3597848822432,2.0,WAIT,None,0,8.131770815884352,7.417071850882542e-26,1.9204035746533126e-12,1.0686701595301739e-32,0.0,3.1449668138054246e-65,1.232678556717872e-78
32.800000000000274,-0.3,-196.80000000000175,0.0,0.0,0.0,65.37227567691832,605.2497848822431,2.0,WAIT,None,0,8.08027538484788,6.489937869529346e-26,1.824383395920647e-12,9.618031435771565e-33,0.0,1.8693490651461814e-65,7.125087088990797e-79
32.85000000000027,-0.3,-197.10000000000176,0.0,0.0,0.0,65.51201391306813,606.1397848822431,2.0,WAIT,None,0,8.028359393373876,5.678695635844098e-26,1.7331642261246145e-12,8.656228292194409e-33,0.0,1.1106065982826917e-65,4.105236473919878e-79
32.90000000000027,-0.3,-197.40000000000177,0.0,0.0,0.0,65.65175326457823,607.0297848822431,2.0,WAIT,None,0,7.9761492616514715,4.968858681368506e-26,1.6465060148183838e-12,7.790605462974968e-33,0.0,6.594284962407339e-66,2.3579990862394275e-79
32.950000000000266,-0.3,-197.70000000000178,0.0,0.0,0.0,65.79149372434163,607.9197848822431,2.0,WAIT,None,0,7.923772311272501,4.347751346201533e-26,1.5641807140774646e-12,7.01154491667747e-33,0.0,3.912526394349998e-66,1.3503666135896734e-79
33.00000000000026,-0.3,-198.0000000000018,0.0,0.0,0.0,65.93123528531156,608.8097848822431,2.0,WAIT,None,0,7.871355850202576,3.8042824279297417e-26,1.4859716783735914e-12,6.310390425009723e-33,0.0,2.319400774101026e-66,7.710865746620311e-80
33.05000000000026,-0.3,-198.3000000000018,0.0,0.0,0.0,66.07097794050075,609.6997848822431,2.0,WAIT,None,0,7.819026340913638,3.32874712444135e-26,1.411673094454912e-12,5.6793513825087505e-33,0.0,1.3736383730972468e-66,4.390708946942708e-80
33.10000000000026,-0.3,-198.6000000000018,0.0,0.0,0.0,66.21072168298095,610.5897848822431,2.0,WAIT,None,0,7.766908647581204,2.9126537338885306e-26,1.3410894397321662e-12,5.111416244257875e-33,0.0,8.126406770168632e-67,2.4933256734674976e-80
33.150000000000254,-0.3,-198.90000000000182,0.0,0.0,0.0,66.35046650588215,611.479784882243,2.0,WAIT,None,0,7.715125358337787,2.5485720171544172e-26,1.274034967745558e-12,4.6002746198320876e-33,0.0,4.801842251238629e-67,1.4120997471290338e-80
33.20000000000025,-0.3,-199.20000000000184,0.0,0.0,0.0,66.4902124023921,612.369784882243,2.0,WAIT,None,0,7.663796178661187,2.2300005150117385e-26,1.21033321935828e-12,4.140247157848879e-33,0.0,2.8337156294757516e-67,7.976630774486894e-81
33.25000000000025,-0.3,-199.50000000000185,0.0,0.0,0.0,66.62995936575561,613.259784882243,2.0,WAIT,None,0,7.613037392071419,1.951250450636621e-26,1.149816558390366e-12,3.7262224420639914e-33,0.0,1.669943189345223e-67,4.494319027299172e-81
33.300000000000246,-0.3,-199.80000000000186,0.0,0.0,0.0,66.76970738927399,614.149784882243,2.0,WAIT,None,0,7.562961384405526,1.707344144308165e-26,1.0923257304708478e-12,3.353600197857592e-33,0.0,9.826623106376977e-68,2.5259116502577655e-81
33.35000000000024,-0.3,-200.10000000000187,0.0,0.0,0.0,66.90945646630449,615.039784882243,2.0,WAIT,None,0,7.513676228040936,1.4939261262705768e-26,1.0377094439473053e-12,3.018240178071833e-33,0.0,5.7733282635148734e-68,1.416116676075435e-81
33.40000000000024,-0.3,-200.40000000000188,0.0,0.0,0.0,67.04920659025967,615.929784882243,2.0,WAIT,None,0,7.465285322539671,1.30718536048753e-26,9.858239717499401e-13,2.7164161602646498e-33,0.0,3.386349262947106e-68,7.919918615455424e-82
33.45000000000024,-0.3,-200.7000000000019,0.0,0.0,0.0,67.18895775460688,616.819784882243,2.0,WAIT,None,0,7.41788708828949,1.143787190427233e-26,9.365327731624431e-13,2.4447745442381848e-33,0.0,1.98283672231232e-68,4.418704634377257e-82
33.500000000000234,-0.3,-201.0000000000019,0.0,0.0,0.0,67.32870995286761,617.709784882243,2.0,WAIT,None,0,7.3715747098272,1.0008137916243644e-26,8.89706134504321e-13,2.2002970898143662e-33,0.0,1.158937324767023e-68,2.459412293593079e-82
33.55000000000023,-0.3,-201.30000000000192,0.0,0.0,0.0,67.46846317861701,618.599784882243,2.0,WAIT,None,0,7.326435925632268,8.75712067671764e-27,8.45220827779105e-13,1.9802673808329297e-33,0.0,6.761151902614508e-69,1.3656433815550475e-82
33.60000000000023,-0.3,-201.60000000000193,0.0,0.0,0.0,67.60821742548332,619.4897848822429,2.0,WAIT,None,0,7.282552861291606,7.662480592131636e-27,8.029597863901497e-13,1.7822406427496368e-33,0.0,3.9367783264107313e-69,7.565165905262334e-83
33.650000000000226,-0.3,-201.90000000000194,0.0,0.0,0.0,67.74797268714727,620.3797848822429,2.0,WAIT,None,0,7.240001903042298,6.704670518118257e-27,7.628117970706422e-13,1.604016578474673e-33,0.0,2.2876748802115913e-69,4.180985390099537e-83
33.70000000000022,-0.3,-202.20000000000195,0.0,0.0,0.0,67.88772895734161,621.2697848822429,2.0,WAIT,None,0,7.1988536088096,5.866586703356032e-27,7.246712072171101e-13,1.4436149206272058e-33,0.0,1.3266488762587818e-69,2.3052612590169723e-83
33.75000000000022,-0.3,-202.50000000000196,0.0,0.0,0.0,68.02748622985054,622.1597848822429,2.0,WAIT,None,0,7.159172653965129,5.1332633654386535e-27,6.884376468562546e-13,1.2992534285644852e-33,0.0,7.677202162205182e-70,1.2680716337248486e-83
33.80000000000022,-0.3,-202.80000000000197,0.0,0.0,0.0,68.16724449850919,623.0497848822429,2.0,WAIT,None,0,7.121017809141449,4.491605444760589e-27,6.540157645134419e-13,1.1693280857080367e-33,0.0,4.4331642483278564e-70,6.959035929161497e-84
33.850000000000215,-0.3,-203.10000000000198,0.0,0.0,0.0,68.30700375720309,623.9397848822429,2.0,WAIT,None,0,7.08444194754361,3.930154764166984e-27,6.213149762877698e-13,1.0523952771372331e-33,0.0,2.5542809833987246e-70,3.8100824469460973e-84
33.90000000000021,-0.3,-203.400000000002,0.0,0.0,0.0,68.44676399986768,624.8297848822428,2.0,WAIT,None,0,7.049492079308607,3.4388854186473314e-27,5.902492274733813e-13,9.471557494235098e-34,0.0,1.4684162578069056e-70,2.081119282273993e-84
33.95000000000021,-0.3,-203.700000000002,0.0,0.0,0.0,68.5865252204878,625.7197848822428,2.0,WAIT,None,0,7.01620941056774,3.00902474131743e-27,5.607367660997123e-13,8.524401744811589e-34,0.0,8.422451157075946e-71,1.1340527357550708e-84
34.000000000000206,-0.3,-204.00000000000202,0.0,0.0,0.0,68.72628741309715,626.6097848822428,2.0,WAIT,None,0,6.990129739179224,2.632896648653595e-27,5.326999277947266e-13,7.671961570330429e-34,0.0,4.819713031671562e-71,6.16508068519772e-85
34.0500000000002,-0.3,-204.30000000000203,0.0,0.0,0.0,68.86605057177783,627.4997848822428,2.0,WAIT,None,0,6.992752755184938,2.3037845675725968e-27,5.060649314049903e-13,6.904765413297386e-34,0.0,2.751586424487027e-71,3.3435542036943896e-85
34.1000000000002,-0.3,-204.60000000000204,0.0,0.0,0.0,69.00581469065986,628.3897848822428,2.0,WAIT,None,0,6.996656609303159,2.015811496626605e-27,4.807616848347408e-13,6.214288871967648e-34,0.0,1.5671540645286686e-71,1.8089905959853074e-85
34.1500000000002,-0.3,-204.90000000000205,0.0,0.0,0.0,69.14557976392065,629.2797848822428,2.0,WAIT,None,0,7.001775690362592,1.763835059548764e-27,4.567236005930037e-13,5.5928599847708835e-34,0.0,8.90420859054822e-72,9.763742781923594e-86
34.200000000000195,-0.3,-205.20000000000206,0.0,0.0,0.0,69.2853457857846,630.1697848822428,2.0,WAIT,None,0,7.008044374190149,1.5433556771055711e-27,4.3388742056335353e-13,5.033573986293795e-34,0.0,5.046889807363272e-72,5.257045749632381e-86
34.25000000000019,-0.3,-205.50000000000207,0.0,0.0,0.0,69.42511275052253,631.0597848822428,2.0,WAIT,None,0,7.01539726138526,1.3504362174677095e-27,4.1219304953518587e-13,4.530216587664415e-34,0.0,2.85356741820242e-72,2.823615698348293e-86
34.30000000000019,-0.3,-205.8000000000021,0.0,0.0,0.0,69.5648806524513,631.9497848822427,2.0,WAIT,None,0,7.023769395475824,1.181631690284524e-27,3.9158339705842657e-13,4.0771949288979734e-34,0.0,1.6094606389161058e-72,1.5128663917684313e-86
34.350000000000186,-0.3,-206.1000000000021,0.0,0.0,0.0,69.70464948593327,632.8397848822427,2.0,WAIT,None,0,7.033096462343565,1.03392772899919e-27,3.7200422720550524e-13,3.669475436008176e-34,0.0,9.055108759969255e-73,8.085731214224043e-87
34.40000000000018,-0.3,-206.4000000000021,0.0,0.0,0.0,69.84441924537596,633.7297848822427,2.0,WAIT,None,0,7.0546546621689,9.046867628744836e-28,3.5340401584522996e-13,3.302527892407358e-34,0.0,5.081855342337956e-73,4.310764001354474e-87
34.45000000000018,-0.3,-206.70000000000212,0.0,0.0,0.0,69.98418992523148,634.6197848822427,2.0,WAIT,None,0,7.079660050000484,7.91600917515333e-28,3.3573381505296846e-13,2.9722751031666223e-34,0.0,2.8448637632140644e-73,2.292439430611003e-87
34.50000000000018,-0.3,-207.00000000000213,0.0,0.0,0.0,70.12396151999612,635.5097848822427,2.0,WAIT,None,0,7.103961325655064,6.926508028260493e-28,3.1894712430032004e-13,2.6750475928499603e-34,0.0,1.588573765977843e-73,1.2160254205829396e-87
34.550000000000175,-0.3,-207.30000000000214,0.0,0.0,0.0,70.26373402420997,636.3997848822427,2.0,WAIT,None,0,7.127561723235999,6.060694524729036e-28,3.02999768085304e-13,2.4075428335649643e-34,0.0,8.848245103676233e-74,6.434001783773543e-88
34.60000000000017,-0.3,-207.60000000000215,0.0,0.0,0.0,70.40350743245644,637.2897848822427,2.0,WAIT,None,0,7.150466190966313,5.303107709138824e-28,2.878497796810388e-13,2.166788550208468e-34,0.0,4.9159644220377005e-74,3.3955189831228444e-88
34.65000000000017,-0.3,-207.90000000000217,0.0,0.0,0.0,70.54328173936179,638.1797848822426,2.0,WAIT,None,0,7.172681245254012,4.640219245497234e-28,2.7345729069698686e-13,1.950109695187621e-34,0.0,2.7243378507619082e-74,1.7873538123866582e-88
34.700000000000166,-0.3,-208.20000000000218,0.0,0.0,0.0,70.68305693959479,639.0697848822426,2.0,WAIT,None,0,7.19421483164524,4.060191839810714e-28,2.5978442616213753e-13,1.755098725668859e-34,0.0,1.5059600709746525e-74,9.383988006281352e-89
34.75000000000016,-0.3,-208.5000000000022,0.0,0.0,0.0,70.82283302786628,639.9597848822426,2.0,WAIT,None,0,7.215076192487345,3.552667859834902e-28,2.4679520485403066e-13,1.5795888531019732e-34,0.0,8.303603032312264e-75,4.9139456622366586e-89
34.80000000000016,-0.3,-208.8000000000022,0.0,0.0,0.0,70.96260999892868,640.8497848822426,2.0,WAIT,None,0,7.23527574112336,3.108584377355978e-28,2.344554446113291e-13,1.4216299677917758e-34,0.0,4.566899104373063e-75,2.566451258230069e-89
34.85000000000016,-0.3,-209.1000000000022,0.0,0.0,0.0,71.10238784757568,641.7397848822426,2.0,WAIT,None,0,7.25482494243829,2.720011330186845e-28,2.2273267238076266e-13,1.2794669710125982e-34,0.0,2.505415386055052e-75,1.3368712652048255e-89
34.900000000000155,-0.3,-209.40000000000222,0.0,0.0,0.0,71.2421665686418,642.6297848822426,2.0,WAIT,None,0,7.273736199576092,2.3800099139137925e-28,2.1159603876172454e-13,1.1515202739113384e-34,0.0,1.371020543234773e-75,6.9453570659758614e-90
34.95000000000015,-0.3,-209.70000000000223,0.0,0.0,0.0,71.38194615700199,643.5197848822426,2.0,WAIT,None,0,7.29202274664749,2.0825086746748203e-28,2.0101623682363832e-13,1.0363682465202047e-34,0.0,7.483712706518581e-76,3.598677542680617e-90
35.00000000000015,-0.3,-210.00000000000225,0.0,0.0,0.0,71.52172660757118,644.4097848822425,2.0,WAIT,None,0,7.309698547247876,1.822195090340677e-28,1.909654249824564e-13,9.327314218681842e-35,0.0,4.074766936522579e-76,1.8596450000929684e-90
35.050000000000146,-0.3,-210.30000000000226,0.0,0.0,0.0,71.66150791530403,645.2997848822425,2.0,WAIT,None,0,7.326778198603961,1.5944207040482665e-28,1.8141715373333358e-13,8.394582796813657e-35,0.0,2.21312071797856e-76,9.584109731440989e-91
35.10000000000014,-0.3,-210.60000000000227,0.0,0.0,0.0,71.80129007519439,646.1897848822425,2.0,WAIT,None,0,7.343276841171814,1.3951181160423778e-28,1.723462960466669e-13,7.555124517132291e-35,0.0,1.1990264113372674e-76,4.92611418586612e-91
35.15000000000014,-0.3,-210.90000000000228,0.0,0.0,0.0,71.94107308227501,647.0797848822425,2.0,WAIT,None,0,7.359210073505437,1.2207283515372006e-28,1.6372898124433355e-13,6.799612065419062e-35,0.0,6.480057226284043e-77,2.5251372708304065e-91
35.20000000000014,-0.3,-211.2000000000023,0.0,0.0,0.0,72.08085693161715,647.9697848822425,2.0,WAIT,None,0,7.374593872219748,1.0681373075951505e-28,1.5554253218211687e-13,6.119650858877156e-35,0.0,3.4935016880345214e-77,1.2908943637295958e-91
35.250000000000135,-0.3,-211.5000000000023,0.0,0.0,0.0,72.22064161833019,648.8597848822425,2.0,WAIT,None,0,7.389444516872572,9.346201441458398e-29,1.4776540557301102e-13,5.507685772989441e-35,0.0,1.8788023537321435e-77,6.581418652866834e-92
35.30000000000013,-0.3,-211.8000000000023,0.0,0.0,0.0,72.36042713756126,649.7497848822425,2.0,WAIT,None,0,7.403778519591128,8.177926261276788e-29,1.4037713529436048e-13,4.956917195690497e-35,0.0,1.0079654430260797e-77,3.34633856301476e-92
35.35000000000013,-0.3,-212.10000000000232,0.0,0.0,0.0,72.5002134844949,650.6397848822425,2.0,WAIT,None,0,7.417612559269742,7.155685478617764e-29,1.3335827852964244e-13,4.461225476121447e-35,0.0,5.3946261053126195e-78,1.696839560473905e-92
35.40000000000013,-0.3,-212.40000000000234,0.0,0.0,0.0,72.64000065435272,651.5297848822424,2.0,WAIT,None,0,7.430963420171111,6.261224793791021e-29,1.2669036460316032e-13,4.015102928509302e-35,0.0,2.880283926471301e-78,8.580878907745736e-93
35.450000000000124,-0.3,-212.70000000000235,0.0,0.0,0.0,72.77978864239294,652.4197848822424,2.0,WAIT,None,0,7.443847934762061,5.47857169456754e-29,1.203558463730023e-13,3.6135926356583717e-35,0.0,1.5341749656129287e-78,4.3275586161291145e-93
35.50000000000012,-0.3,-213.00000000000236,0.0,0.0,0.0,72.91957744391019,653.3097848822424,2.0,WAIT,None,0,7.4562829306184994,4.7937502327469275e-29,1.143380540543522e-13,3.2522333720925346e-35,0.0,8.152443588476218e-79,2.176581824126609e-93
35.55000000000012,-0.3,-213.30000000000237,0.0,0.0,0.0,73.05936705423503,654.1997848822424,2.0,WAIT,None,0,7.4682851812375475,4.1945314536538356e-29,1.0862115135163458e-13,2.927010034883281e-35,0.0,4.3219722424398456e-79,1.0917648472318072e-93
35.600000000000115,-0.3,-213.60000000000238,0.0,0.0,0.0,73.19915746873366,655.0897848822424,2.0,WAIT,None,0,7.479871360597144,3.670215021947334e-29,1.0319009378405286e-13,2.634309031394953e-35,0.0,2.2859439774362317e-79,5.461438576990513e-94
35.65000000000011,-0.3,-213.9000000000024,0.0,0.0,0.0,73.33894868280764,655.9797848822424,2.0,WAIT,None,0,7.491058001305987,3.2114381442041066e-29,9.803058909485021e-14,2.3708781282554576e-35,0.0,1.2062769348509832e-79,2.72465272774887e-94
35.70000000000011,-0.3,-214.2000000000024,0.0,0.0,0.0,73.47874069189345,656.8697848822424,2.0,WAIT,None,0,7.5018614561899994,2.8100083761787504e-29,9.31290596401077e-14,2.1337903154299118e-35,0.0,6.350894276438099e-80,1.3556396960598244e-94
35.75000000000011,-0.3,-214.50000000000242,0.0,0.0,0.0,73.61853349146222,657.7597848822423,2.0,WAIT,None,0,7.512297863165031,2.4587573291565374e-29,8.847260665810232e-14,1.9204112838869205e-35,0.0,3.336091242564554e-80,6.726820085617532e-95
35.800000000000104,-0.3,-214.80000000000243,0.0,0.0,0.0,73.75832707701939,658.6497848822423,2.0,WAIT,None,0,7.522383113247997,2.151412663012079e-29,8.40489763251972e-14,1.7283701554982284e-35,0.0,1.74849762747609e-80,3.328983831090585e-95
35.8500000000001,-0.3,-215.10000000000244,0.0,0.0,0.0,73.89812144410436,659.5397848822423,2.0,WAIT,None,0,7.532132821561731,1.8824860801356593e-29,7.984652750893735e-14,1.5555331399484056e-35,0.0,9.143770368795199e-81,1.643063469882421e-95
35.9000000000001,-0.3,-215.40000000000245,0.0,0.0,0.0,74.03791658829023,660.4297848822423,2.0,WAIT,None,0,7.541562301193721,1.647175320118777e-29,7.585420113349048e-14,1.3999798259535652e-35,0.0,4.771202754350664e-81,8.088029456778608e-96
35.950000000000095,-0.3,-215.70000000000246,0.0,0.0,0.0,74.17771250518345,661.3197848822423,2.0,WAIT,None,0,7.550686539770368,1.4412784051039923e-29,7.206149107681596e-14,1.2599818433582087e-35,0.0,2.4841738835196213e-81,3.970839033984485e-96
36.00000000000009,-0.3,-216.00000000000247,0.0,0.0,0.0,74.31750919042345,662.2097848822423,2.0,WAIT,None,0,7.5595201786132975,1.2611186044660452e-29,6.845841652297516e-14,1.1339836590223879e-35,0.0,1.2906158940236965e-81,1.9443701304325955e-96
36.05000000000009,-0.3,-216.30000000000248,0.0,0.0,0.0,74.45730663968244,663.0997848822423,2.0,WAIT,None,0,7.56532749434632,1.1034787789078327e-29,6.50354956968264e-14,1.020585293120149e-35,0.0,6.690865977124827e-82,9.495964760775944e-97
36.10000000000009,-0.3,-216.6000000000025,0.0,0.0,0.0,74.59710484866504,663.9897848822422,2.0,WAIT,None,0,7.569260277126318,9.655439315443895e-30,6.178372091198508e-14,9.185267638081341e-36,0.0,3.397299041147318e-82,4.537214132504682e-97
36.150000000000084,-0.3,-216.9000000000025,0.0,0.0,0.0,74.73690381310796,664.8797848822422,2.0,WAIT,None,0,7.582661542375035,8.448509401013707e-30,5.869453486638583e-14,8.266740874273207e-36,0.0,1.7113781576929203e-82,2.1462868631351028e-97
36.20000000000008,-0.3,-217.20000000000252,0.0,0.0,0.0,74.87670352877974,665.7697848822422,2.0,WAIT,None,0,7.5953756736206515,7.392445725887241e-30,5.575980812306654e-14,7.440066786845887e-36,0.0,8.555927147508285e-83,1.005198664453448e-97
36.25000000000008,-0.3,-217.50000000000253,0.0,0.0,0.0,75.01650399148045,666.6597848822422,2.0,WAIT,None,0,7.607306591405404,6.468390010151543e-30,5.2971817716913214e-14,6.696060108161297e-36,0.0,4.246595619589003e-83,4.6613076472035204e-98
36.300000000000075,-0.3,-217.80000000000254,0.0,0.0,0.0,75.15630519704138,667.5497848822422,2.0,WAIT,None,0,7.618375466659813,5.6598412588827715e-30,5.032322683106755e-14,6.026454097345167e-36,0.0,2.0931825855229602e-83,2.1403741594896655e-98
36.35000000000007,-0.3,-218.10000000000255,0.0,0.0,0.0,75.29610714132474,668.4397848822422,2.0,WAIT,None,0,7.628519457730022,4.952361101522567e-30,4.780706548951417e-14,5.42380868761065e-36,0.0,1.0249464681168646e-83,9.732844853203347e-99
36.40000000000007,-0.3,-218.40000000000256,0.0,0.0,0.0,75.43590982022342,669.3297848822422,2.0,WAIT,None,0,7.6376904970449,4.3333159638323645e-30,4.541671221503846e-14,4.881427818849585e-36,0.0,4.987173972356377e-84,4.383363192083763e-99
36.45000000000007,-0.3,-218.70000000000258,0.0,0.0,0.0,75.57571322966066,670.2197848822422,2.0,WAIT,None,0,7.645854127110965,3.7916514683534175e-30,4.314587660428654e-14,4.3932850369646267e-36,0.0,2.4120954676006058e-84,1.955459660815381e-99
36.500000000000064,-0.3,-219.0000000000026,0.0,0.0,0.0,75.7155173655898,671.1097848822421,2.0,WAIT,None,0,7.6529883854262835,3.317695034809322e-30,4.098858277407221e-14,3.953956533268164e-36,0.0,1.159964019761695e-84,8.642244639578652e-100
36.55000000000006,-0.3,-219.3000000000026,0.0,0.0,0.0,75.855322223994,671.9997848822421,2.0,WAIT,None,0,7.6590827378059885,2.9029831554582247e-30,3.89391536353686e-14,3.558560879941348e-36,0.0,5.547842339768589e-85,3.7845040522646887e-100
36.60000000000006,-0.3,-219.6000000000026,0.0,0.0,0.0,75.99512780088591,672.8897848822421,2.0,WAIT,None,0,7.664137059530276,2.540110261026003e-30,3.699219595360017e-14,3.202704791947213e-36,0.0,2.6396658440236606e-85,1.6423662192993408e-100
36.650000000000055,-0.3,-219.90000000000262,0.0,0.0,0.0,76.13493409230752,673.7797848822421,2.0,WAIT,None,0,7.668160663645267,2.2225964783977998e-30,3.514258615592016e-14,2.882434312752492e-36,0.0,1.2497724933999925e-85,7.064615856219535e-101
36.70000000000005,-0.3,-220.20000000000263,0.0,0.0,0.0,76.27474109432974,674.6697848822421,2.0,WAIT,None,0,7.6711713756731115,1.944771918598114e-30,3.338545684812415e-14,2.5941908814772428e-36,0.0,5.8894990272407754e-86,3.01264619510403e-101
36.75000000000005,-0.3,-220.50000000000264,0.0,0.0,0.0,76.4145488030523,675.5597848822421,2.0,WAIT,None,0,7.673194653927453,1.7016754287733824e-30,3.1716184005717943e-14,2.3347717933295184e-36,0.0,2.763094338108448e-86,1.2739032735257668e-101
36.80000000000005,-0.3,-220.80000000000265,0.0,0.0,0.0,76.55435721460331,676.449784882242,2.0,WAIT,None,0,7.674262754565348,1.4889660001767365e-30,3.013037480543205e-14,2.1012946139965667e-36,0.0,1.2908745917648033e-86,5.342506229917429e-102
36.850000000000044,-0.3,-221.10000000000267,0.0,0.0,0.0,76.69416632513918,677.339784882242,2.0,WAIT,None,0,7.674413940457953,1.302845250154667e-30,2.862385606516044e-14,1.89116515259691e-36,0.0,6.006768404696694e-87,2.2226384733050508e-102
36.90000000000004,-0.3,-221.40000000000268,0.0,0.0,0.0,76.8339761308442,678.229784882242,2.0,WAIT,None,0,7.673691732913653,1.1399895938853521e-30,2.7192663261902422e-14,1.702048637337219e-36,0.0,2.784583835462327e-87,9.174994895780317e-103
36.95000000000004,-0.3,-221.7000000000027,0.0,0.0,0.0,76.97378662793044,679.119784882242,2.0,WAIT,None,0,7.672144205244535,9.974908946496986e-31,2.58330300988073e-14,1.5318437736034972e-36,0.0,1.286272528663092e-87,3.7588653061821927e-103
37.000000000000036,-0.3,-222.0000000000027,0.0,0.0,0.0,77.11359781263735,680.009784882242,2.0,WAIT,None,0,7.669823317131545,8.72804532818499e-31,2.4541378593866938e-14,1.3786593962431475e-36,0.0,5.921699810046836e-88,1.5287086008604972e-103
37.05000000000003,-0.3,-222.3000000000027,0.0,0.0,0.0,77.25340968123164,680.899784882242,2.0,WAIT,None,0,7.666784288711597,7.6370396621619735e-31,2.331430966417359e-14,1.2407934566188328e-36,0.0,2.717594488033849e-88,6.173263221500933e-104
37.10000000000003,-0.3,-222.60000000000272,0.0,0.0,0.0,77.39322223000694,681.789784882242,2.0,WAIT,None,0,7.663085013282739,6.682409704391816e-31,2.214859418096491e-14,1.1167141109569495e-36,0.0,1.2434513425435098e-88,2.4759044520540463e-104
37.15000000000003,-0.3,-222.90000000000273,0.0,0.0,0.0,77.53303545528361,682.679784882242,2.0,WAIT,None,0,7.658785507501079,5.847108491342913e-31,2.1041164471916665e-14,1.0050426998612546e-36,0.0,5.6735739235144016e-89,9.864844766334247e-105
37.200000000000024,-0.3,-223.20000000000275,0.0,0.0,0.0,77.6728493534085,683.569784882242,2.0,WAIT,None,0,7.653947397924867,5.11621992992511e-31,1.998910624832083e-14,9.045384298751291e-37,0.0,2.581922988444974e-89,3.9056502959171225e-105
37.25000000000002,-0.3,-223.50000000000276,0.0,0.0,0.0,77.81266392075467,684.4597848822419,2.0,WAIT,None,0,7.648633442745222,4.476692438684522e-31,1.898965093590479e-14,8.140845868876162e-37,0.0,1.1720884516665398e-89,1.5369278693729129e-105
37.30000000000002,-0.3,-223.80000000000277,0.0,0.0,0.0,77.95247915372123,685.3497848822419,2.0,WAIT,None,0,7.642907087534695,3.9171058838489996e-31,1.804016838910955e-14,7.3267612819885455e-37,0.0,5.308563418957956e-90,6.012866578823937e-106
37.350000000000016,-0.3,-224.10000000000278,0.0,0.0,0.0,78.09229504873299,686.2397848822419,2.0,WAIT,None,0,7.636832053836429,3.42746764836791e-31,1.7138159969654073e-14,6.594085153789691e-37,0.0,2.3991604574371298e-90,2.339315948970719e-106
37.40000000000001,-0.3,-224.4000000000028,0.0,0.0,0.0,78.23211160224038,687.1297848822419,2.0,WAIT,None,0,7.630471959411352,2.999034192321951e-31,1.628125197117137e-14,5.934676638410722e-37,0.0,1.0821079899461752e-90,9.052881590787882e-107
37.45000000000001,-0.3,-224.7000000000028,0.0,0.0,0.0,78.37192881071908,688.0197848822419,2.0,WAIT,None,0,7.623889968962885,2.624154918281731e-31,1.5467189372612804e-14,5.34120897456965e-37,0.0,4.8715995764721164e-91,3.48567392160606e-107
37.50000000000001,-0.3,-225.0000000000028,0.0,0.0,0.0,78.5117466706699,688.9097848822419,2.0,WAIT,None,0,7.617148474158739,2.296135553496535e-31,1.4693829903982164e-14,4.807088077112685e-37,0.0,2.1893753863111628e-91,1.3356714467790783e-107
37.550000000000004,-0.3,-225.30000000000283,0.0,0.0,0.0,78.65156517861848,689.7997848822419,2.0,WAIT,None,0,7.61030880177384,2.009118609309485e-31,1.3959138408783056e-14,4.326379269401416e-37,0.0,9.823628993468331e-92,5.0949038853848625e-108
37.6,-0.3,-225.60000000000284,0.0,0.0,0.0,78.79138433111514,690.6897848822418,2.0,WAIT,None,0,7.603430948787718,1.7579787831458134e-31,1.3261181488343904e-14,3.8937413424612745e-37,0.0,4.4012863727103535e-92,1.9351098483769984e-108
37.65,-0.3,-225.90000000000285,0.0,0.0,0.0,78.9312041247346,691.5797848822418,2.0,WAIT,None,0,7.596573343276987,1.5382314352525984e-31,1.2598122413926708e-14,3.504367208215147e-37,0.0,1.9692174338269308e-92,7.3201074575221505e-109
37.699999999999996,-0.3,-226.20000000000286,0.0,0.0,0.0,79.07102455607583,692.4697848822418,2.0,WAIT,None,0,7.594862936019695,1.3459525058460333e-31,1.1968216293230372e-14,3.1539304873936323e-37,0.0,8.799583155852978e-93,2.7585406333181472e-109
37.74999999999999,-0.3,-226.50000000000287,0.0,0.0,0.0,79.21084562176175,693.3597848822418,2.0,WAIT,None,0,7.600917327521756,1.177708442615287e-31,1.1369805478568853e-14,2.838537438654269e-37,0.0,3.927630114216931e-93,1.0358529386101469e-109
37.79999999999999,-0.3,-226.80000000000288,0.0,0.0,0.0,79.3506673184391,694.2497848822418,2.0,WAIT,None,0,7.606280344016,1.0304948872883828e-31,1.080131520464041e-14,2.554683694788842e-37,0.0,1.7512272475291643e-93,3.876849609870456e-110
37.84999999999999,-0.3,-227.1000000000029,0.0,0.0,0.0,79.49048964277817,695.1397848822418,2.0,WAIT,None,0,7.610981683818295,9.016830263773405e-32,1.0261249444408389e-14,2.2992153253099578e-37,0.0,7.80079816353709e-94,1.4465245397531247e-110
37.899999999999984,-0.3,-227.4000000000029,0.0,0.0,0.0,79.63031259147266,696.0297848822418,2.0,WAIT,None,0,7.615053355556483,7.889726480801776e-32,9.74818697218797e-15,2.069293792778962e-37,0.0,3.471835922698105e-94,5.381965524060089e-111
37.94999999999998,-0.3,-227.70000000000292,0.0,0.0,0.0,79.7701361612394,696.9197848822417,2.0,WAIT,None,0,7.618529451721315,6.903510670701592e-32,9.260777623578571e-15,1.8623644135010657e-37,0.0,1.543973567794597e-94,1.9972148998586447e-111
37.99999999999998,-0.3,-228.00000000000293,0.0,0.0,0.0,79.90996034881822,697.8097848822417,2.0,WAIT,None,0,7.621445922106091,6.040571836863924e-32,8.797738742399643e-15,1.6761279721509591e-37,0.0,6.861450004172003e-95,7.393943895110044e-112
38.049999999999976,-0.3,-228.30000000000294,0.0,0.0,0.0,80.04978515097167,698.6997848822417,2.0,WAIT,None,0,7.623840348279373,5.28550035725596e-32,8.357851805279662e-15,1.5085151749358632e-37,0.0,3.047334908592492e-95,2.7314403402315267e-112
38.09999999999997,-0.3,-228.60000000000295,0.0,0.0,0.0,80.18961056448492,699.5897848822417,2.0,WAIT,None,0,7.625751720144876,4.624812812598987e-32,7.939959215015679e-15,1.3576636574422768e-37,0.0,1.3526444305172205e-95,1.0070852063681273e-112
38.14999999999997,-0.3,-228.90000000000296,0.0,0.0,0.0,80.32943658616546,700.4797848822417,2.0,WAIT,None,0,7.627220215554075,4.046711211024132e-32,7.542961254264895e-15,1.2218972916980492e-37,0.0,6.001162008448184e-96,3.706740970999572e-113
38.19999999999997,-0.3,-229.20000000000297,0.0,0.0,0.0,80.46926321284296,701.3697848822417,2.0,WAIT,None,0,7.6282869838520355,3.54087230964613e-32,7.16581319155165e-15,1.0997075625282443e-37,0.0,2.6613533349040003e-96,1.3622605645384425e-113
38.249999999999964,-0.3,-229.50000000000298,0.0,0.0,0.0,80.60909044136913,702.2597848822417,2.0,WAIT,None,0,7.628993934154778,3.0982632709403765e-32,6.807522531974068e-15,9.897368062754199e-38,0.0,1.1798062341800322e-96,4.999863966265254e-114
38.29999999999996,-0.3,-229.800000000003,0.0,0.0,0.0,80.7489182686174,703.1497848822416,2.0,WAIT,None,0,7.629383529080201,2.71098036207284e-32,6.4671464053753645e-15,8.907631256478779e-38,0.0,5.228577719722193e-97,1.8330404703742484e-114
38.34999999999996,-0.3,-230.100000000003,0.0,0.0,0.0,80.88874669148285,704.0397848822416,2.0,WAIT,None,0,7.629498584575799,2.372107816813744e-32,6.143789085106596e-15,8.016868130830901e-38,0.0,2.316558620362058e-97,6.7140596852212905e-115
38.399999999999956,-0.3,-230.40000000000302,0.0,0.0,0.0,81.02857570688198,704.9297848822416,2.0,WAIT,None,0,7.629382076418665,2.0755943397120332e-32,5.8365996308512664e-15,7.215181317747811e-38,0.0,1.026148881973597e-97,2.4574155524863446e-115
38.44999999999995,-0.3,-230.70000000000303,0.0,0.0,0.0,81.1684053117525,705.8197848822416,2.0,WAIT,None,0,7.6290769538912855,1.816145047248035e-32,5.544769649308703e-15,6.49366318597303e-38,0.0,4.544684849332294e-98,8.989401343599592e-116
38.49999999999995,-0.3,-231.00000000000304,0.0,0.0,0.0,81.30823550305317,706.7097848822416,2.0,WAIT,None,0,7.628625961073453,1.5891269163420357e-32,5.267531166843268e-15,5.844296867375727e-38,0.0,2.0125234186875037e-98,3.28713610735184e-116
38.54999999999995,-0.3,-231.30000000000305,0.0,0.0,0.0,81.44806627776366,707.5997848822416,2.0,WAIT,None,0,7.628071466127835,1.3904860517992855e-32,5.004154608501104e-15,5.259867180638154e-38,0.0,8.911235027194252e-99,1.2017462843359693e-116
38.599999999999945,-0.3,-231.60000000000306,0.0,0.0,0.0,81.58789763288429,708.4897848822416,2.0,WAIT,None,0,7.6274552988974165,1.2166752953243782e-32,4.753946878076049e-15,4.733880462574339e-38,0.0,3.945565439264214e-99,4.3932602928547824e-117
38.64999999999994,-0.3,-231.90000000000308,0.0,0.0,0.0,81.72772956543594,709.3797848822416,2.0,WAIT,None,0,7.62681859707709,1.0645908834088338e-32,4.516249534172247e-15,4.2604924163169054e-38,0.0,1.7469008821050725e-99,1.6062324432512266e-117
38.69999999999994,-0.3,-232.2000000000031,0.0,0.0,0.0,81.86756207245979,710.2697848822415,2.0,WAIT,None,0,7.626201661169944,9.31517022982732e-33,4.290437057463634e-15,3.834443174685215e-38,0.0,7.734404837160043e-100,5.874120034448121e-118
38.749999999999936,-0.3,-232.5000000000031,0.0,0.0,0.0,82.00739515101722,711.1597848822415,2.0,WAIT,None,0,7.625643818388085,8.150773951098925e-33,4.075915204590452e-15,3.4509988572166933e-38,0.0,3.424489733974403e-100,2.149083229732083e-118
38.79999999999993,-0.3,-232.8000000000031,0.0,0.0,0.0,82.14722879818959,712.0497848822415,2.0,WAIT,None,0,7.625183295610896,7.131927207211576e-33,3.872119444360929e-15,3.105898971495024e-38,0.0,1.516298383477558e-100,7.8668351577513e-119
38.84999999999993,-0.3,-233.10000000000312,0.0,0.0,0.0,82.28706301107808,712.9397848822415,2.0,WAIT,None,0,7.624857101470184,6.240436306310143e-33,3.678513472142883e-15,2.7953090743455216e-38,0.0,6.71431409208078e-101,2.881648677042205e-119
38.89999999999993,-0.3,-233.40000000000313,0.0,0.0,0.0,82.42689778680354,713.8297848822415,2.0,WAIT,None,0,7.624700917591213,5.4603817680213866e-33,3.494587798535739e-15,2.5157781669109696e-38,0.0,2.9734048219492184e-101,1.0564071251948796e-119
38.949999999999925,-0.3,-233.70000000000314,0.0,0.0,0.0,82.56673312250634,714.7197848822415,2.0,WAIT,None,0,7.640005584003006,4.777834047018723e-33,3.319858408608952e-15,2.2642003502198727e-38,0.0,1.3168854337846962e-101,3.8763540748619766e-120
38.99999999999992,-0.3,-234.00000000000315,0.0,0.0,0.0,82.7065690153461,715.6097848822415,2.0,WAIT,None,0,7.656876851557058,4.180604791141391e-33,3.1538654881785045e-15,2.0377803151978854e-38,0.0,5.832955224906243e-102,1.4238600097624797e-120
39.04999999999992,-0.3,-234.30000000000317,0.0,0.0,0.0,82.84640546250172,716.4997848822414,2.0,WAIT,None,0,7.6739099254028815,3.658029192248724e-33,2.9961722137695793e-15,1.834002283678097e-38,0.0,2.5839263797577816e-102,5.236127225320204e-121
39.099999999999916,-0.3,-234.60000000000318,0.0,0.0,0.0,82.98624246117099,717.3897848822414,2.0,WAIT,None,0,7.691073390582346,3.2007755432176386e-33,2.8463636030811003e-15,1.6506020553102872e-38,0.0,1.1447896107199674e-102,1.9279548596430268e-121
39.14999999999991,-0.3,-234.9000000000032,0.0,0.0,0.0,83.12608000857063,718.2797848822414,2.0,WAIT,None,0,7.708336483517314,2.8006786003154383e-33,2.7040454229270454e-15,1.4855418497792584e-38,0.0,5.072564519160227e-103,7.108360984588649e-122
39.19999999999991,-0.3,-235.2000000000032,0.0,0.0,0.0,83.26591810193598,719.1697848822414,2.0,WAIT,None,0,7.725669143526829,2.450593775276012e-33,2.568843151780693e-15,1.3369876648013327e-38,0.0,2.24795328622691e-103,2.6246274275017564e-122
39.24999999999991,-0.3,-235.5000000000032,0.0,0.0,0.0,83.40575673852096,720.0597848822414,2.0,WAIT,None,0,7.743042059460436,2.144269553366514e-33,2.4404009941916584e-15,1.2032888983211994e-38,0.0,9.963350574171102e-104,9.705737701718143e-123
39.299999999999905,-0.3,-235.80000000000322,0.0,0.0,0.0,83.54559591559786,720.9497848822414,2.0,WAIT,None,0,7.760426711644186,1.876235859195702e-33,2.3183809444820756e-15,1.0829600084890794e-38,0.0,4.416536375591948e-104,3.594899726087964e-123
39.3499999999999,-0.3,-236.10000000000323,0.0,0.0,0.0,83.68543563045715,721.8397848822414,2.0,WAIT,None,0,7.777795409336363,1.6417063767962414e-33,2.202461897257972e-15,9.746640076401715e-39,0.0,1.9580130422690645e-104,1.3337503670491e-123
39.3999999999999,-0.3,-236.40000000000325,0.0,0.0,0.0,83.8252758804074,722.7297848822413,2.0,WAIT,None,0,7.795121323884018,1.436493079696713e-33,2.0923388023950734e-15,8.771976068761543e-39,0.0,8.68170667615265e-105,4.957031149329551e-124
39.449999999999896,-0.3,-236.70000000000326,0.0,0.0,0.0,83.96511666277513,723.6197848822413,2.0,WAIT,None,0,7.812378517770867,1.2569314447346253e-33,1.9877218622753197e-15,7.894778461885388e-39,0.0,3.849888181045001e-105,1.8456760566912298e-124
39.49999999999989,-0.3,-237.00000000000327,0.0,0.0,0.0,84.10495797490456,724.5097848822413,2.0,WAIT,None,0,7.8295419697423085,1.0998150141427984e-33,1.888335769161554e-15,7.105300615696849e-39,0.0,1.7074251924451068e-105,6.884955161869909e-125
39.54999999999989,-0.3,-237.30000000000328,0.0,0.0,0.0,84.24479981415759,725.3997848822413,2.0,WAIT,None,0,7.846587596191739,9.623381373749496e-34,1.793918980703476e-15,6.394770554127164e-39,0.0,7.57325006227397e-106,2.5732462019124225e-125
39.59999999999989,-0.3,-237.6000000000033,0.0,0.0,0.0,84.38464217791359,726.2897848822413,2.0,WAIT,None,0,7.86349226898642,8.420458702030818e-34,1.7042230316683023e-15,5.7552934987144475e-39,0.0,3.359432071981962e-106,9.636441247935246e-126
39.649999999999885,-0.3,-237.9000000000033,0.0,0.0,0.0,84.52448506356923,727.1797848822413,2.0,WAIT,None,0,7.880233829909571,7.3679013642769725e-34,1.6190118800848873e-15,5.179764148843003e-39,0.0,1.4903482485479048e-106,3.615975250880968e-126
39.69999999999988,-0.3,-238.2000000000033,0.0,0.0,0.0,84.66432846853841,728.0697848822413,2.0,WAIT,None,0,7.896791101891267,6.446913693742357e-34,1.538061286080643e-15,4.6617877339587024e-39,0.0,6.612152488027395e-107,1.3596396324993257e-126
39.74999999999988,-0.3,-238.50000000000333,0.0,0.0,0.0,84.80417239025205,728.9597848822413,2.0,WAIT,None,0,7.9131438971957095,5.641049482024567e-34,1.4611582217766108e-15,4.195608960562832e-39,0.0,2.933766589845108e-107,5.123017333530004e-127
39.799999999999876,-0.3,-238.80000000000334,0.0,0.0,0.0,84.944016826158,729.8497848822412,2.0,WAIT,None,0,7.92927302272949,4.9359182967715e-34,1.3881003106877802e-15,3.7760480645065486e-39,0.0,1.3017566598748498e-107,1.934387448566897e-127
39.84999999999987,-0.3,-239.10000000000335,0.0,0.0,0.0,85.08386177372087,730.7397848822412,2.0,WAIT,None,0,7.945160282632628,4.318928509675066e-34,1.3186952951533912e-15,3.3984432580558935e-39,0.0,5.776292117830221e-108,7.319589263612148e-128
39.89999999999987,-0.3,-239.40000000000336,0.0,0.0,0.0,85.2237072304219,731.6297848822412,2.0,WAIT,None,0,7.960788478306085,3.7790624459656855e-34,1.2527605303957216e-15,3.058598932250304e-39,0.0,2.5631659780453282e-108,2.7756428175737893e-128
39.94999999999987,-0.3,-239.70000000000337,0.0,0.0,0.0,85.3635531937588,732.5197848822412,2.0,WAIT,None,0,7.9761414060309335,3.306679640219977e-34,1.1901225038759356e-15,2.7527390390252737e-39,0.0,1.1373793666811093e-108,1.0548244186224055e-128
39.999999999999865,-0.3,-240.00000000000338,0.0,0.0,0.0,85.50339966124572,733.4097848822412,2.0,WAIT,None,0,7.991203852324702,2.893344685192482e-34,1.1306163786821387e-15,2.4774651351227463e-39,0.0,5.046932008873912e-109,4.017360050193195e-129
40.04999999999986,-0.3,-240.3000000000034,0.0,0.0,0.0,85.64324663041296,734.2997848822412,2.0,WAIT,None,0,8.00596158718065,2.531676599543423e-34,1.0740855597480318e-15,2.2297186216104717e-39,0.0,2.2394182228435494e-109,1.533372887201391e-129
