time,reward,total_reward,progress,u_t,formula_u_t,z,gap,min_distance,ego_x,ego_y,success,collision
0.05,-0.09868798740069593,-0.09868798740069593,0.001672217397934661,0.2218992789531143,0.2218992789531143,0.04730157749490392,15.0,4.21339762007936,17.104416066852043,2.0066888695917386,0.0,0.0
0.1,0.09182914447104693,-0.0068588429296490006,0.004919013996021571,0.22202651559740202,0.22202651559740202,0.08120589917360709,14.989528024488035,4.201108198919816,17.875399863644454,2.0196760559840863,0.0,0.0
0.15000000000000002,0.26387861203584084,0.25701976910619184,0.0095820697424015,0.22222679600352385,0.22222679600352385,0.11190542915497184,14.968598424942591,4.18322630924413,18.656077287351692,2.038328278969606,0.0,0.0
0.2,0.4185722249995034,0.6755919941056953,0.015512001763266836,0.22251374570526733,0.22251374570526733,0.13957130630866657,14.93725421646274,4.160191889859706,19.44597344641993,2.0620480070530673,0.0,0.0
0.25,0.5573315915059879,1.2329235856116831,0.022571787760323758,0.2228969538051876,0.2228969538051876,0.16435765121489546,14.89556695986672,4.132416512933613,20.244650277790026,2.090287151041295,0.0,0.0
0.3,0.681502861433563,1.9144264470452461,0.03063609336036288,0.22338339478617977,0.22338339478617977,0.1864044273355412,14.843636565548728,4.100284471530376,21.051702125758023,2.1225443734414515,0.0,0.0
0.35,0.7923269766304053,2.7067534236756514,0.03959035499014174,0.22397845679738587,0.22397845679738587,0.20583929983423674,14.781591019631463,4.064155355023219,21.86675169536283,2.158361419960567,0.0,0.0
0.39999999999999997,0.8909446206411628,3.597698044316814,0.049329907272039564,0.22468666966932513,0.22468666966932513,0.22277886171741335,14.70958603316506,4.024366797367282,22.689446354084573,2.1973196290881583,0.0,0.0
0.44999999999999996,0.9784038417188007,4.576101886035615,0.05975917696814248,0.22551221279970005,0.22551221279970005,0.23732951229102264,14.627804615333925,3.9812371551151986,23.519454757667635,2.23903670787257,0.0,0.0
0.49999999999999994,1.0556674233151042,5.6317693093507195,0.07079094112748519,0.2264592662562406,0.2264592662562406,0.24958819418867992,14.536456571841288,3.9350680085964864,24.356463777740743,2.2831637645099407,0.0,0.0
0.5499999999999999,1.1236197154518317,6.755389024802551,0.08234564472058514,0.22753225270506536,0.22753225270506536,0.25964312955969227,14.435777929846349,3.886146421691597,25.200175710606622,2.3293825788823406,0.0,0.0
0.6,1.183072928330513,7.938461953133064,0.0943507730743458,0.22873600475597883,0.22873600475597883,0.2675746445070702,14.32603029103024,3.8347469204525355,26.05030574812851,2.3774030922973832,0.0,0.0
0.65,1.2347729244111458,9.17323487754421,0.10674027473874559,0.23007588224510314,0.23007588224510314,0.27345613159204485,14.207500114563999,3.7811331685979197,26.90657969306205,2.4269610989549824,0.0,0.0
0.7000000000000001,1.2785549885786363,10.451789866122846,0.11945403075510397,0.23155785649671282,0.23155785649671282,0.2773551701927063,14.0804979319439,3.7255593312122732,27.76873190247993,2.477816123020416,0.0,0.0
0.7500000000000001,1.308093641071023,11.75988350719387,0.1324373415158655,0.23318857320408895,0.23318857320408895,0.27933480086012275,13.9453574958462,3.668271234290382,28.636503478729615,2.529749366063462,0.0,0.0
0.8000000000000002,1.321817598097932,13.0817011052918,0.14564027500717058,0.2349753935088234,0.2349753935088234,0.27945493017536477,13.802434865334256,3.609507975078005,29.509640902164897,2.5825611000286823,0.0,0.0
0.8500000000000002,1.319617360407066,14.401318465698868,0.15901721410239067,0.23692636864830574,0.23692636864830574,0.2777738248727164,13.652107429925383,3.5495025554088984,30.387894618839542,2.6360688564095627,0.0,0.0
0.9000000000000002,1.3014804225645424,15.70279888826341,0.17252648593699993,0.23905032031286186,0.23905032031286186,0.274349644514535,13.494772875192414,3.488482041725528,31.271017730234735,2.6901059437479997,0.0,0.0
0.9500000000000003,1.26749734849272,16.97029623675613,0.186130025217211,0.24135688882139086,0.24135688882139086,0.26924194724936235,13.330848092735188,3.426667468989135,32.15876483687121,2.744520100868844,0.0,0.0
1.0000000000000002,1.2178654981899586,18.18816173494609,0.19979306874805802,0.24385656487337543,0.24385656487337543,0.26251309642123444,13.160768037509662,3.3642735180862795,33.05089102604903,2.799172274992232,0.0,0.0
1.0500000000000003,1.152890314222306,19.341052049168393,0.21348387864892737,0.24656072076004265,0.24656072076004265,0.25422949406451284,12.984984535646596,3.301507999953927,33.947150994917564,2.8539355145957095,0.0,0.0
1.1000000000000003,1.0729841235995012,20.414036172767894,0.2271734918877254,0.24948164156531716,0.24948164156531716,0.2444625711738957,12.80396504602755,3.2385711831594572,34.84729830096059,2.9086939675509016,0.0,0.0
1.1500000000000004,0.9786624735194632,21.392698646287357,0.24083549390943904,0.25263255669980245,0.25263255669980245,0.23328947501293598,12.618191379012565,3.1756550051650945,35.75108473278247,2.963341975637756,0.0,0.0
1.2000000000000004,0.870538094706167,22.263236740993523,0.25444581425922974,0.2560276720066491,0.2560276720066491,0.22079341036406225,12.428158375831472,3.112942210998457,36.658259794795256,3.017783257036919,0.0,0.0
1.2500000000000004,0.7493126690314558,23.01254941002498,0.2679825421931753,0.25968220261976055,0.25968220261976055,0.20706361335209664,12.234372552258463,3.0506054665332587,37.5685703000277,3.071930168772701,0.0,0.0
1.3000000000000005,0.6157666603984528,23.628316070423434,0.28142576027830957,0.26361240671455227,0.26361240671455227,0.1921949612325453,12.037350710287583,2.9888064971458865,38.4817600658016,3.1257030411132383,0.0,0.0
1.3500000000000005,0.4707475256090991,24.099063596032533,0.2947573936703013,0.26783562024853547,0.26783562024853547,0.1762872466340803,11.83761852161436,2.927695306899908,39.39756970744294,3.179029574681205,0.0,0.0
1.4000000000000006,0.3151565615054031,24.414220157537937,0.3079610710414389,0.27237029272784086,0.27237029272784086,0.1594441672779041,11.635709086806237,2.8674095425924104,40.31573652551478,3.2318442841657555,0.0,0.0
1.4500000000000006,0.1499340414422384,24.564154198980177,0.3210219849375755,0.2772360239455494,0.2772360239455494,0.14177209955064576,11.432161474110984,2.808074100447817,41.2359944822739,3.284087939750302,0.0,0.0
1.5000000000000007,-0.023960898687383488,24.540193300292792,0.3339267000581263,0.28245360151191345,0.28245360151191345,0.12337873462258146,11.227519241908091,2.74980122649821,42.15807426316448,3.335706800232505,0.0,0.0
1.5500000000000007,-0.2055951331679265,24.334598167124867,0.3466626650104654,0.2880450388351802,0.2880450388351802,0.10437165829145721,11.02232894885303,2.69269211216103,43.0817034191591,3.3866506600418615,0.0,0.0
1.6000000000000008,-0.39423101188650156,23.940367155238366,0.359216214717866,0.29403361303249675,0.29403361303249675,0.08485695077112528,10.817138655797969,2.636844759866944,44.00660658556395,3.436864858871464,0.0,0.0
1.6500000000000008,-0.5901249001601991,23.350242255078168,0.3715629515842398,0.30044390215485406,0.30044390215485406,0.06493787163139278,10.612496423595076,2.582392012240263,44.93250577208869,3.486251806336959,0.0,0.0
1.7000000000000008,-0.7983854614305561,22.551856793647612,0.38362061102993894,0.30730182166104636,0.30730182166104636,0.04471368011558391,10.408948810899822,2.5296865551610117,45.85912071523291,3.5344824441197558,0.0,0.0
1.7500000000000009,-1.0445613207653244,21.507295472882287,0.3950477744942483,0.3146346644611666,0.3146346644611666,0.024278624453345676,10.2070393760917,2.480089066426658,46.78616926570462,3.5801910979769933,0.0,0.0
1.800000000000001,-1.6361609844999172,19.87113448838237,0.40482952723184185,0.3224711744968551,0.3224711744968551,0.0037211176779540257,10.007307187418476,2.4375928259371533,47.71336770627569,3.6193181089273674,0.0,0.0
1.850000000000001,-1.9746754048704918,17.89645908351188,0.4118203480888569,0.33084180228314536,0.33084180228314536,-0.016876896926651168,9.810285345447596,2.406712109905729,48.640430782220434,3.6472813923554277,0.0,0.0
1.900000000000001,-2.2899851318221507,15.606473951689727,0.4157297499492424,0.3397794470128146,0.3397794470128146,-0.037440401513988225,9.616499521874587,2.3886246237490507,49.56707171859952,3.6629189997969696,0.0,0.0
1.950000000000001,-2.54594162987469,13.060532321815037,0.41672383186876216,0.3493199367648526,0.3493199367648526,-0.057901602440264974,9.426466518693495,2.382716696030935,50.4930027556892,3.6668953274750486,0.0,0.0
2.000000000000001,-4.787846383192557,8.27268593862248,0.41506458489038023,0.3595014533280367,0.3595014533280367,-0.07820008887142478,9.24069285167851,2.38799114739998,51.41793597879273,3.660258339561521,0.0,0.0
2.0500000000000007,-2.992036562655675,5.280649375966805,0.411015464464328,0.3703640853548958,0.3703640853548958,-0.09828286328870062,9.059673362059463,2.4034392279369383,52.34158421142409,3.644061857857312,0.0,0.0
2.1000000000000005,-3.1353684337186905,2.1452809422481143,0.40482325977011624,0.38194969681715685,0.38194969681715685,-0.11810425969594034,8.883889860196398,2.428115494390003,53.26366189086678,3.619293039080465,0.0,0.0
2.1500000000000004,-3.22501534758748,-1.0797344053393658,0.39671574776024066,0.39430192932127767,0.39430192932127767,-0.13762576653040245,8.713809804970872,2.461151057714698,54.183885899393,3.5868629910409626,0.0,0.0
2.2,-3.26811869912124,-4.347853104460606,0.3869023590833003,0.40746626780471984,0.40746626780471984,-0.15681577044027123,8.54988502251365,2.5017546330994653,55.10197634390164,3.547609436333201,0.0,0.0
2.25,-3.271593993412232,-7.619447097872838,0.37557534970489603,0.4214901430009418,0.4214901430009418,-0.17564923569486676,8.39255046778068,2.5492109056890038,56.017657286276744,3.502301398819584,0.0,0.0
2.3,-3.2420328141784163,-10.861479912051255,0.362910995795133,0.43642305146155624,0.43642305146155624,-0.19410733246448866,8.242223032371804,2.602877963735802,56.93065743197359,3.451643983180532,0.0,0.0
2.3499999999999996,-3.185649112135452,-14.047129024186708,0.349070724279649,0.4523166736625723,0.4523166736625723,-0.21217702566491708,8.099300401859864,2.662184122809753,57.84071078666871,3.396282897118596,0.0,0.0
2.3999999999999995,-3.1082546698954876,-17.155383694082197,0.33420216819609494,0.4692249700168002,0.4692249700168002,-0.2298506345435118,7.964159965762164,2.7266242431554875,58.74755729106651,3.3368086727843798,0.0,0.0
2.4499999999999993,-3.015256185696342,-20.170639879778538,0.31844015023251204,0.487204234658425,0.487204234658425,-0.2471253717002366,7.837157783142068,2.7957556306728697,59.65094344283969,3.273760600930048,0.0,0.0
2.499999999999999,-2.9116684435231774,-23.082308323301714,0.3019075997708357,0.5063130875193607,0.5063130875193607,-0.2640028687932957,7.718627606675831,2.8691936215123843,60.550622912804116,3.207630399083343,0.0,0.0
2.549999999999999,-2.802139004553737,-25.88444732785545,0.2847164084149759,0.5266123861591856,0.5266123861591856,-0.2804886947862358,7.608879967859721,2.9466069508222645,61.446357160268015,3.1388656336599037,0.0,0.0
2.5999999999999988,-2.69098060695239,-28.57542793480784,0.2669682283457536,0.5481650398126654,0.5481650398126654,-0.2965918712723848,7.508201325864782,3.027712997913443,62.337916050378595,3.0678729133830145,0.0,0.0
2.6499999999999986,-2.582208132386005,-31.157636067193845,0.24875521729203343,0.5710357090924694,0.5710357090924694,-0.31232438819565095,7.416853282372145,3.11227298745429,63.225078474410104,2.9950208691681337,0.0,0.0
2.6999999999999984,-2.4795775962871875,-33.637213663481035,0.23016073348516786,0.595290375764249,0.595290375764249,-0.32770072221611896,7.335071864541014,3.200087212855646,64.10763297238633,2.9206429339406714,0.0,0.0
2.7499999999999982,-2.3866251395194245,-36.02383880300046,0.2112599836539788,0.6209957681226839,0.6209957681226839,-0.34273735909370784,7.263066878074611,3.290990335836504,64.98537835622413,2.845039934615915,0.0,0.0
2.799999999999998,-2.3067044419076987,-38.33054324490816,0.1921206268929081,0.6482186289240062,0.6482186289240062,-0.35745232083610035,7.201021332157339,3.384846806140719,65.85812433069589,2.7684825075716324,0.0,0.0
2.849999999999998,-2.2430213491408275,-40.57356459404898,0.17280333707253837,0.67702481478801,0.67702481478801,-0.3718646980306538,7.149090937839347,3.4815464375958225,66.72569210888925,2.6912133482901535,0.0,0.0
2.8999999999999977,-2.198664813144875,-42.772229407193855,0.15336232634001146,0.7074782186959028,0.7074782186959028,-0.38599418780207917,7.107403681243326,3.581000170836093,67.58791501843544,2.613449305360046,0.0,0.0
2.9499999999999975,-2.1766335024766863,-44.94886290967054,0.13384583216191848,0.7396395108922995,0.7396395108922995,-0.3998606382469669,7.076059472763475,3.683136048553976,68.44463909452973,2.535383328647674,0.0,0.0
2.9999999999999973,-2.177815252303045,-47.12667816197359,0.11429657028257512,0.7735646983354949,0.7735646983354949,-0.41348360101601445,7.055129873218036,3.787895425581652,69.29572365563277,2.4571862811303005,0.0,0.0
3.049999999999997,-2.181212408845747,-49.30789057081933,0.0947522155931716,0.8093035089616623,0.8093035089616623,-0.4268818949452479,7.044657897706074,3.8952291777247585,70.14104176734325,2.3790088623726864,0.0,0.0
3.099999999999997,-2.1808957061844962,-51.488786277003825,0.07524647999542033,0.8468985743191864,0.8468985743191864,-0.4400732185058793,7.044657897706074,4.005091478904499,70.98047966912934,2.3009859199816813,0.0,0.0
3.149999999999997,-2.1772375052306385,-53.66602378223446,0.055809636617452196,0.8863950855493212,0.8863950855493212,-0.4530741943981027,7.055115521739552,4.117436063088998,71.81393683403265,2.223238546469809,0.0,0.0
3.1999999999999966,-2.170578680800377,-55.836602463034836,0.036468810713200406,0.9278338432399083,0.9278338432399083,-0.4659002827361736,7.075987754707441,4.232213658829719,72.6413262920523,2.1458752428528016,0.0,0.0
3.2499999999999964,-2.1612311778479,-57.99783364088274,0.01724824698062566,0.9712466866576439,0.9712466866576439,-0.47856564876224605,7.1072030357915,4.349369719658107,73.46257491654838,2.0689929879225026,0.0,0.0
3.2999999999999963,-1.9477653660313443,-59.94559900691408,0.0,1.0166547446578327,1.0166547446578327,-0.49108309646620923,7.14866145459753,4.468842453117679,74.2776236727778,1.9926782207563691,0.0,0.0
3.349999999999996,-0.05049952951211219,-59.99609853642619,0.0,1.0640665871078456,1.0640665871078456,-0.5034640751598398,7.200235025002826,4.590561147608557,75.08642782778979,1.9170077434205253,0.0,0.0
3.399999999999996,-0.050542515582378045,-60.04664105200857,0.0,1.1134763039730655,1.1134763039730655,-0.5157187641116411,7.26176803595726,4.714444792646876,75.88895712102277,1.84204955026728,0.0,0.0
3.4499999999999957,-0.05058676515093198,-60.0972278171595,0.0,1.1648615467884291,1.1648615467884291,-0.527856237044071,7.333077478276422,4.840400984721651,76.68519589506121,1.7678635897163915,0.0,0.0
3.4999999999999956,-0.050631783426693645,-60.147859600586195,0.0,1.2181815751091398,1.2181815751091398,-0.5398847034723359,7.4139535462570905,4.968325107787012,77.47514318612744,1.6945024639385882,0.0,0.0
3.5499999999999954,-0.050676967492023155,-60.19853656807822,0.0,1.2733753584013203,1.2733753584013203,-0.5518118175224966,7.504160212740061,5.09809977466084,78.25881277400103,1.6220120714266726,0.0,0.0
3.599999999999995,-0.05072160568789003,-60.24925817376611,0.0,1.330359791323875,1.330359791323875,-0.5636450372257978,7.603435876044202,5.229594513286804,79.03623319117601,1.5504321970409518,0.0,0.0
3.649999999999995,-0.050764881982315574,-60.300023055748426,0.0,1.3890280870245348,1.3890280870245348,-0.5753920088407157,7.711494076998477,5.362665680003082,79.80744769118384,1.4797970537489815,0.0,0.0
3.699999999999995,-0.05080588629203568,-60.35082894204046,0.0,1.449248418426484,1.449248418426484,-0.5870609422996399,7.828024284106604,5.497156580664446,80.57251417612731,1.4101357799421474,0.0,0.0
3.7499999999999947,-0.05084363155464163,-60.4016725735951,0.0,1.5108628809810443,1.5108628809810443,-0.5986609364860671,7.952692744692342,5.6328977796762265,81.33150508358733,1.3414728959010982,0.0,0.0
3.7999999999999945,-0.05087707805937329,-60.45254965165447,0.0,1.5736868514634945,1.5736868514634945,-0.6102022079841268,8.085143399692313,5.7697075766878365,82.08450723318033,1.273828722696327,0.0,0.0
3.8499999999999943,-0.05090516513401761,-60.50345481678849,0.0,1.637508815575227,1.637508815575227,-0.6216961755045582,8.22499885958922,5.907392630810375,82.83162163315899,1.207219766547314,0.0,0.0
3.899999999999994,-0.050926849760334986,-60.55438166654883,0.0,1.7020907319412455,1.7020907319412455,-0.6331553555045166,8.371861438810228,6.045748712708123,83.57296324756174,1.1416590714217447,0.0,0.0
3.949999999999994,-0.050941151073678255,-60.60532281762251,0.0,1.7671689912261417,1.7671689912261417,-0.6445930332958112,8.525314245755482,6.184561565699969,84.30866072452869,1.0771565424337444,0.0,0.0
3.999999999999994,-0.050947199033752055,-60.65627001665626,0.0,1.8324560163680812,1.8324560163680812,-0.6560226882628467,8.684922325469046,6.32360785802568,85.03885608651055,1.013719242395285,0.0,0.0
4.049999999999994,-0.050944284889184434,-60.70721430154544,0.0,1.8976425333890874,1.8976425333890874,-0.6674571710030609,8.85023385182015,6.462656209617828,85.76370438320494,0.9513516636864797,0.0,0.0
4.099999999999993,-0.050931910468913634,-60.75814621201435,0.0,1.962400522163534,1.962400522163534,-0.6789076527808474,9.020781365927235,6.601468278011233,86.48337330815873,0.8900559774371036,0.0,0.0
4.149999999999993,-0.05090983289632635,-60.809056044910676,0.0,2.026386833461096,2.026386833461096,-0.6903823914978731,9.196083057430258,6.73979988936524,87.19804278007747,0.8298322618521503,0.0,0.0
4.199999999999993,-0.05087810111489995,-60.85993414602557,0.0,2.089247433339317,2.089247433339317,-0.7018853808534532,9.375644085099381,6.8774022019234105,87.90790448998128,0.770678711367451,0.0,0.0
4.249999999999993,-0.0508370807026339,-60.91077122672821,0.0,2.150622209606547,2.150622209606547,-0.713414967847972,9.558957933160428,7.014022890554492,88.61316141544268,0.7125918281863286,0.0,0.0
4.299999999999993,-0.05078746387990446,-60.961558690608115,0.0,2.210150248878558,2.210150248878558,-0.7249625359224346,9.745507799619347,7.1494073422786535,89.31402730323329,0.6555665976239924,0.0,0.0
4.3499999999999925,-0.3007302623914189,-61.26228895299953,0.0,2.2674754681226665,2.2674754681226665,-0.7365113551232577,9.934768012780609,7.283299853864025,90.01072612179495,0.5995966485720478,0.0,0.0
4.399999999999992,-0.30066678203702785,-61.56295573503656,0.0,2.322252462989357,2.322252462989357,-0.7480356959169615,10.126205472076762,7.415444823666588,90.70349148503442,0.5446744002902966,0.0,0.0
4.449999999999992,-0.3005985789644015,-61.863554314000964,0.0,2.37415241809345,2.37415241809345,-0.759500289841262,10.319281109260046,7.545587930874512,91.39256604902137,0.49079119663621246,0.0,0.0
4.499999999999992,-0.30052739930559746,-62.164081713306565,0.0,2.4228689129918792,2.4228689129918792,-0.7708601992308222,10.51345136595097,7.673477296202653,92.07820088324408,0.43793742875342334,0.0,0.0
4.549999999999992,-0.3004551051963997,-62.464536818502964,0.0,2.4681234529166054,2.4681234529166054,-0.7820611317824657,10.708169683494077,7.798864618865874,92.76065481814862,0.38610264715859466,0.0,0.0
4.599999999999992,-0.3003835915056168,-62.76492041000858,0.0,2.5096705560078627,2.5096705560078627,-0.7930402062748295,10.902888001037184,7.921506285344968,93.4401937707529,0.3352756640907213,0.0,0.0
4.6499999999999915,-0.3003146985712188,-63.0652351085798,0.0,2.5473022390752518,2.5473022390752518,-0.8037271461229357,11.097058257728108,8.024077354196969,94.11709005018787,0.2854446469174765,0.0,0.0
4.699999999999991,-0.3002501267684302,-63.36548523534823,0.0,2.580851761544817,2.580851761544817,-0.8140458503231436,11.290133894911392,8.111867555603588,94.7916216450743,0.23659720332945064,0.0,0.0
4.749999999999991,-0.30019135874456654,-63.6656765940928,0.0,2.610196511510518,2.610196511510518,-0.823916269011815,11.481571354207546,8.200484044995692,95.46407149469347,0.18872045899440082,0.0,0.0
4.799999999999991,-0.3001395946279639,-63.965816188720765,0.0,2.635259947544663,2.635259947544663,-0.8332564949528832,11.670831567368808,8.289748148473421,96.1347267459555,0.14180112828961577,0.0,0.0
4.849999999999991,-0.3000957044986159,-64.26591189321938,0.0,2.6560125436177193,2.6560125436177193,-0.8419849736270757,11.857381433827726,8.379477457309045,96.80387799820836,0.09582557868080241,0.0,0.0
4.899999999999991,-0.30006020099979075,-64.56597209421918,0.0,2.67247172036075,2.67247172036075,-0.8500227332539518,12.040695281888773,8.469485915044798,97.47181853796437,0.05077988927017897,0.0,0.0
4.94999999999999,-0.30003323332228593,-64.86600532754146,0.0,2.684700782069923,2.684700782069923,-0.8572955413608646,12.22025630955791,8.559584004985282,98.13884356564901,0.006649903994395065,0.0,0.0
4.99999999999999,-0.30001460208116476,-65.16601992962262,0.0,2.6928069134062333,2.6928069134062333,-0.8637359052119871,12.395558001060934,8.649579032275266,98.80524941649922,-0.036578720085800646,0.0,0.0
5.04999999999999,-0.3000037930062508,-65.46602372262888,0.0,2.6969383209301436,2.6969383209301436,-0.8692848480074167,12.566105515168019,8.73927549377532,99.47133277775441,-0.07892046899782665,0.0,0.0
5.09999999999999,-0.30000002603914255,-65.76602374866802,0.0,2.6972806309381783,2.6972806309381783,-0.8738934096511355,12.731417041519123,8.82847552820574,100.13738990429414,-0.12038993219790384,0.0,0.0
5.14999999999999,-0.30000231548821193,-66.06602606415623,0.0,2.6940526754004397,2.6940526754004397,-0.8775238385602294,12.891025121232687,8.916979438504264,100.80371583488062,-0.16100176669662697,0.0,0.0
5.1999999999999895,-0.30000953640420625,-66.36603560056044,0.0,2.687501811417114,2.687501811417114,-0.880150458168516,13.044477928177955,9.00458627801347,101.47060361116299,-0.2007706646537587,0.0,0.0
5.249999999999989,-0.3000204923119226,-66.66605609287235,0.0,2.677898926243796,2.677898926243796,-0.8817602074860804,13.191340507398962,9.091094491956646,102.13834350159256,-0.2397113241520332,0.0,0.0
5.299999999999989,-0.3000339798252261,-66.96609007269758,0.0,2.665533279737545,2.665533279737545,-0.8823528686457157,13.33119596729587,9.176302605652689,102.80722223238516,-0.27783842288321414,0.0,0.0
5.349999999999989,-0.300048846399487,-67.26613891909707,0.0,2.650707329592903,2.650707329592903,-0.8819410054197709,13.463646622295855,9.260009951037606,103.47752222764731,-0.3151665945012314,0.0,0.0
5.399999999999989,-0.30006403842721474,-67.56620295752428,0.0,2.6337316728319298,2.6337316728319298,-0.8805496450886641,13.588315082881593,9.342017423280655,104.14952086075806,-0.35171040741706977,0.0,0.0
5.449999999999989,-0.3000786379396542,-67.86628159546393,0.0,2.614920220776229,2.614920220776229,-0.8782157418311409,13.704845289989734,9.392676280543867,104.82348971906725,-0.38748434582834446,0.0,0.0
5.4999999999999885,-0.30009188722580493,-68.16637348268974,0.0,2.594585705386815,2.594585705386815,-0.8749874631602246,13.81290349094401,9.43517519812956,105.49969388393488,-0.42250279279329206,0.0,0.0
5.549999999999988,-0.30010320162552556,-68.46647668431527,0.0,2.573035593673298,2.573035593673298,-0.8709233421016949,13.91217915424815,9.472363942800746,106.17839122809369,-0.4567800151743566,0.0,0.0
5.599999999999988,-0.30011217152621716,-68.76658885584149,0.0,2.550568465063324,2.550568465063324,-0.8660913370993126,14.00238582073112,9.50425875539452,106.85983173227015,-0.4903301502907596,0.0,0.0
5.649999999999988,-0.30011855515369557,-69.06670741099519,0.0,2.5274708852846945,2.5274708852846945,-0.8605678393407518,14.083261888711789,9.530893082817967,107.54425682294584,-0.5231671941325134,0.0,0.0
5.699999999999988,-0.30012226408633197,-69.36682967508152,0.0,2.504014790373269,2.504014790373269,-0.8544366636298953,14.154571331030965,9.552317533258467,108.2318987330832,-0.55530499100036,0.0,0.0
5.749999999999988,-0.3001233435504812,-69.666953018632,0.0,2.480455376603706,2.480455376603706,-0.8477880543618485,14.216104341985414,9.568599763291358,108.92297988757697,-0.5867572244471713,0.0,0.0
5.799999999999987,-0.300121949505403,-69.9670749681374,0.0,2.457029476955805,2.457029476955805,-0.8407177328323228,14.267677912390724,9.579824295567077,109.61771231512449,-0.6175374094065189,0.0,0.0
5.849999999999987,-0.30011832433864616,-70.26719329247604,0.0,2.4339543924725833,2.4339543924725833,-0.8333260062422412,14.309136331196754,9.586092265759223,110.3162970881357,-0.6476588854034704,0.0,0.0
5.899999999999987,-0.3001127727133931,-70.56730606518943,0.0,2.4114271376405183,2.4114271376405183,-0.8257169525132897,14.340351612280813,9.58752109746849,111.0189237922266,-0.6771348107512706,0.0,0.0
5.949999999999987,-0.3001056387810005,-70.86741170397043,0.0,2.389624052663793,2.389624052663793,-0.8179976885472806,14.361223845248702,9.584244103812,111.72577002675902,-0.705978157645476,0.0,0.0
5.999999999999987,-0.30009728563263277,-71.16750898960306,0.0,2.3687007320179814,2.3687007320179814,-0.8102777229489171,14.37168146928218,9.576410014488621,112.43700093780409,-0.7342017080743813,0.0,0.0
6.0499999999999865,-0.3000880775430801,-71.46759706714614,0.0,2.3487922176620466,2.3487922176620466,-0.8026683875759694,14.37168146928218,9.564182427206743,113.15276878481785,-0.7618180504712659,0.0,0.0
6.099999999999986,-0.3000783652782567,-71.7676754324244,0.0,2.3300134064069327,2.3300134064069327,-0.7952823356663221,14.361209493770218,9.547739182500731,113.87321254222536,-0.7888395770401374,0.0,0.0
6.149999999999986,-0.3000684745075156,-72.06774390693191,0.0,2.312459623799752,2.312459623799752,-0.7882330878156706,14.340279894224778,9.527271661154726,114.59845753701305,-0.8152784816923014,0.0,0.0
6.199999999999986,-0.3000586971873806,-72.36780260411929,0.0,2.2962073210948257,2.2962073210948257,-0.7816346008789996,14.308935685744927,9.502984003709916,115.32861512333116,-0.8411467585362876,0.0,0.0
6.249999999999986,-0.30004928566325434,-72.66785188978254,0.0,2.281314857072893,2.281314857072893,-0.7756008291455243,14.267248429148907,9.475092251864373,116.06378239500593,-0.8664562008684367,0.0,0.0
6.299999999999986,-0.30004044916463857,-72.96789233894718,0.0,2.267823332293481,2.267823332293481,-0.7702452421878395,14.215318034830915,9.44382341199611,116.80404193675739,-0.891218400615851,0.0,0.0
6.349999999999985,-0.30003235233937153,-73.26792469128655,0.0,2.255757449517163,2.255757449517163,-0.765680260030918,14.153272488913657,9.409414441562182,117.54946161481243,-0.9154447481874461,0.0,0.0
6.399999999999985,-0.3000251154741635,-73.56794980676072,0.0,2.245126380251288,2.245126380251288,-0.7620165642843844,14.081267502447261,9.3721111597619,118.30009440749473,-0.9391464326925538,0.0,0.0
6.449999999999985,-0.3000188160730053,-73.86796862283373,0.0,2.2359246234340406,2.2359246234340406,-0.7593622443304928,13.999486084616137,9.332167084610813,119.0559782762632,-0.9623344424899387,0.0,0.0
6.499999999999985,-0.3000134915032166,-74.16798211433695,0.0,2.228132847996144,2.228132847996144,-0.7578217413670866,13.908138041123507,9.289842199463964,119.81713607756002,-0.9850195660332277,0.0,0.0
6.549999999999985,-0.30000914246347743,-74.46799125680043,0.0,2.22171871628185,2.22171871628185,-0.7574945609098093,13.807459399128575,9.245401653057021,120.58357551571693,-1.0072123929816297,0.0,0.0
6.5999999999999845,-0.30000573707301076,-74.76799699387344,0.0,2.2166376899535987,2.2166376899535987,-0.7584737370047946,13.697711760312473,9.199114398304593,121.35528913705618,-1.0289233155474735,0.0,0.0
6.649999999999984,-0.30000321542144875,-75.0680002092949,0.0,2.2128338239571006,2.2128338239571006,-0.7608440493491386,13.579181583846236,9.151251776402205,122.13225436520909,-1.050162530054525,0.0,0.0
6.699999999999984,-0.3000014944515309,-75.36800170374643,0.0,2.2102405573126784,2.2102405573126784,-0.7646800176911156,13.452179401226147,9.102086054211686,122.91443357756253,-1.070940038683276,0.0,0.0
6.749999999999984,-0.3000004730696903,-75.66800217681612,0.0,2.208781511869112,2.208781511869112,-0.7700437254267362,13.317038965128447,9.051888924450028,123.70177422263029,-1.091265651381456,0.0,0.0
6.799999999999984,-0.3000000373920456,-75.96800221420816,0.0,2.2083713116675594,2.2083713116675594,-0.7769825543565128,13.1741163346165,9.000929979821121,124.49420897803448,-1.1111489879199006,0.0,0.0
6.849999999999984,-0.3000000660357208,-76.26800228024388,0.0,2.208916436188755,2.208916436188755,-0.7855269421436917,13.02378889920763,8.949475173890129,125.29165594867032,-1.1305994800756407,0.0,0.0
6.8999999999999835,-0.30000043535914084,-76.56800271560301,0.0,2.210316120486674,2.210316120486674,-0.795688299169512,12.866454344474661,8.897785283152698,126.09401890451765,-1.1496263739256745,0.0,0.0
6.949999999999983,-0.30000102454227207,-76.86800374014528,0.0,2.2124633140560546,2.2124633140560546,-0.8074572377009042,12.702529562017432,8.846114386336597,126.90118755745344,-1.168238732236335,0.0,0.0
6.999999999999983,-0.30000172038167966,-77.16800546052697,0.0,2.215245708269398,2.215245708269398,-0.8208022692385202,12.532449506791906,8.794708378423636,127.71303787631294,-1.1864454369345159,0.0,0.0
7.049999999999983,-0.30000242165929153,-77.46800788218626,0.0,2.218546839410687,2.218546839410687,-0.8356691124073181,12.35666600492884,8.743803538118955,128.52943243934178,-1.2042551916482434,0.0,0.0
7.099999999999983,-0.30000304293168434,-77.76801092511793,0.0,2.222247270815216,2.222247270815216,-0.8519807227229065,12.175646515309793,8.693625168442283,129.35022082307893,-1.2216765243052137,0.0,0.0
7.149999999999983,-0.3000035175822941,-78.06801444270023,0.0,2.226225853518063,2.226225853518063,-0.8696381087831073,11.989872848294809,8.644386330690882,130.17524002661048,-1.2387177897789527,0.0,0.0
7.199999999999982,-0.30000379998553245,-78.36801824268576,0.0,2.2303610602717905,2.2303610602717905,-0.8885219416369097,11.79983984511371,8.596286692148558,131.00431493003688,-1.2553871725732046,0.0,0.0
7.249999999999982,-0.3000038666518498,-78.66802210933761,0.0,2.2345323830025414,2.2345323830025414,-0.9084949023853741,11.6060540215407,8.54951150752154,131.8372587859029,-1.2716926895360283,0.0,0.0
7.299999999999982,-0.30000371625759537,-78.9680258255952,0.0,2.238621778945592,2.238621778945592,-0.9294046556749481,11.40903217956982,8.504230753115525,132.6738737422484,-1.2876421925958816,0.0,0.0
7.349999999999982,-0.30000336851279163,-79.268029194108,0.0,2.2425151460695956,2.2425151460695956,-0.9510872912937578,11.209299990896596,8.460598431195695,133.51395139585202,-1.3032433715127067,0.0,0.0
7.399999999999982,-0.3000028618816062,-79.5680320559896,0.0,2.246103804207085,2.246103804207085,-0.9733710480947537,11.007390556088467,8.418752059782825,134.35727337415636,-1.3185037566377023,0.0,0.0
7.4499999999999815,-0.3000022502405276,-79.86803430623013,0.0,2.249285954796578,2.249285954796578,-0.9960801263317854,10.80384294339322,8.378812360352862,135.2036119442848,-1.3334307216760821,0.0,0.0
7.499999999999981,-0.30000159863260856,-80.16803590486273,0.0,2.2519680895319243,2.2519680895319243,-1.019038405254779,10.59920071119032,8.34088315257359,136.05273064748576,-1.3480314864476908,0.0,0.0
7.549999999999981,-0.30000097834605494,-80.46803688320878,0.0,2.2540663166996304,2.2540663166996304,-1.042072908765252,10.394010418135252,8.305051461408363,136.9043849572704,-1.362313119640855,0.0,0.0
7.599999999999981,-0.050000461604835296,-80.51803734481362,0.0,2.255507573706137,2.255507573706137,-1.065016897736165,10.188820125080184,8.271387837750352,137.75832295944465,-1.3762825415553317,0.0,0.0
7.649999999999981,-0.05000011620108864,-80.56803746101471,0.0,2.256230695341052,2.256230695341052,-1.0877125075112586,9.984177892877284,8.23994688935002,138.61428605217634,-1.3899465268306388,0.0,0.0
7.699999999999981,-0.050000000418291946,-80.618037461433,0.0,2.2561873097012737,2.2561873097012737,-1.1100128880428155,9.780630280182038,8.210768014310192,139.47200966418316,-1.4033117071564616,0.0,0.0
7.7499999999999805,-0.050000158586735295,-80.66803762001975,0.0,2.2553425373598652,2.2553425373598652,-1.131783838350528,9.578720845373908,8.183876325000794,140.33122398907767,-1.416384573962178,0.0,0.0
7.79999999999998,-0.05000061757771079,-80.71803823759745,0.0,2.2536754741641354,2.2536754741641354,-1.152904954284023,9.37898865670067,8.159283746043563,141.1916547338609,-1.4291714810828893,0.0,0.0
7.84999999999998,-0.050001384481693625,-80.76803962207914,0.0,2.2511794437914605,2.2511794437914605,-1.173270328171962,9.181966814729776,8.136990266180234,142.0530238795172,-1.4416786473996341,0.0,0.0
7.89999999999998,-0.0500024456332443,-80.81804206771238,0.0,2.2478620126166913,2.2478620126166913,-1.192788851166854,8.988180991156781,8.116985320493558,142.91505045163012,-1.4539121594517552,0.0,0.0
7.94999999999998,-0.05000376704836493,-80.86804583476075,0.0,2.2437447662502272,2.2437447662502272,-1.211384174977346,8.798147987975682,8.09924927670175,143.77745129891096,-1.4658779740196237,0.0,0.0
7.99999999999998,-0.05000529623723581,-80.91805113099798,0.0,2.238862853964951,2.238862853964951,-1.2289943905888507,8.612374320960697,8.083754997167425,144.63994187751052,-1.477581920676171,0.0,0.0
8.04999999999998,-0.050006965255963445,-80.96805809625394,0.0,2.233264313812779,2.233264313812779,-1.2455714789355221,8.43135483134165,8.070469446895467,145.50223703896802,-1.4890297043058802,0.0,0.0
8.09999999999998,-0.050008694774097404,-81.01806679102803,0.0,2.227009197232066,2.227009197232066,-1.261080583599493,8.255571329478585,8.059355317150304,146.36405181964142,-1.5002269075900831,0.0,0.0
8.14999999999998,-0.050010398867744256,-81.06807718989577,0.0,2.220168517086851,2.220168517086851,-1.2754991495467773,8.085491274253059,8.050372634385132,147.22510222945942,-1.5111789934575832,0.0,0.0
8.199999999999982,-0.050011990206362704,-81.11808918010213,0.0,2.2128230471473462,2.2128230471473462,-1.2888159654735634,7.921566491795829,8.043480324899477,148.08510603783662,-1.5218913074997824,0.0,0.0
8.249999999999982,-0.050013385287310315,-81.16810256538945,0.0,2.205062003860751,2.205062003860751,-1.3010301410932632,7.764231937062846,8.038637706965487,148.9437835546016,-1.532369080349637,0.0,0.0
8.299999999999983,-0.050014509385531744,-81.21811707477498,0.0,2.1969816427987165,2.1969816427987165,-1.3121500449923669,7.613904501653963,8.035805884010422,149.80085840380102,-1.5426174300238944,0.0,0.0
8.349999999999984,-0.05001530092341053,-81.26813237569839,0.0,2.1886838023960955,2.1886838023960955,-1.322192223702885,7.4709818711420155,8.034949014730508,150.6560582882622,-1.5526413642281842,0.0,0.0
8.399999999999984,-0.05001571502257035,-81.31814809072095,0.0,2.18027442658296,2.18027442658296,-1.3311803184404107,7.335841435044301,8.036035438655135,151.50911574282202,-1.5624457826246458,0.0,0.0
8.449999999999985,-0.05001572606876201,-81.36816381678972,0.0,2.171862095786502,2.171862095786502,-1.3391439925183113,7.208839252424212,8.03903863859919,152.35976887416106,-1.572035479061868,0.0,0.0
8.499999999999986,-0.0500153291958266,-81.41817914598555,0.0,2.1635565927180718,2.1635565927180718,-1.3461178797019253,7.090309075957975,8.043938024563248,153.20776208521826,-1.5814151437670099,0.0,0.0
8.549999999999986,-0.0500145406682635,-81.4681936866538,0.0,2.1554675255786697,2.1554675255786697,-1.3521405616223168,6.9805614371418585,8.050719526901641,154.05284678220391,-1.5905893655000451,0.0,0.0
8.599999999999987,-0.05001339720833592,-81.51820708386214,0.0,2.147703027042923,2.147703027042923,-1.3572535807341584,6.879882795146926,8.0593759899261,154.89478206227614,-1.5995626336701518,0.0,0.0
8.649999999999988,-0.05001195436850173,-81.56821903823064,0.0,2.1403685428580737,2.1403685428580737,-1.361500494092568,6.788534751654282,8.069907360504832,155.7333353799991,-1.6083393404143251,0.0,0.0
8.699999999999989,-0.05001028409060749,-81.61822932232124,0.0,2.133565719346202,2.133565719346202,-1.3649259723699014,6.706753333823144,8.08232066962029,156.56828319075922,-1.616923782638356,0.0,0.0
8.74999999999999,-0.050008471618756545,-81.66823779394,0.0,2.127391394735004,2.127391394735004,-1.367574947983887,6.634748347356748,8.096629808236969,157.39941156937888,-1.6253201640203667,0.0,0.0
8.79999999999999,-0.05000661194367551,-81.71824440588367,0.0,2.121936695243759,2.121936695243759,-1.3694918159279172,6.572702801439476,8.112855102179378,158.22651680223478,-1.6335325969771406,0.0,0.0
8.84999999999999,-0.05000480595460211,-81.76824921183827,0.0,2.1172862333624516,2.1172862333624516,-1.3707196908612844,6.520772407121484,8.131022694006402,159.04940595126084,-1.6415651045935271,0.0,0.0
8.899999999999991,-0.05000315646291556,-81.81825236830119,0.0,2.1135174028913384,2.1135174028913384,-1.3712997242188993,6.479085150525464,8.151163743066006,159.86789738829268,-1.6494216225152363,0.0,0.0
8.949999999999992,-0.050001764243074655,-81.86825413254427,0.0,2.110699763128002,2.110699763128002,-1.3712704855266196,6.447740942045613,8.17331345799054,160.6818212982915,-1.6571060008053728,0.0,0.0
8.999999999999993,-0.05000072421414308,-81.91825485675841,0.0,2.1088945031345827,2.1088945031345827,-1.3706674127453098,6.426811342500173,8.197509978810242,161.49102015007105,-1.6646220057650865,0.0,0.0
9.049999999999994,-0.05000012186222222,-81.96825497862064,0.0,2.1081539762951245,2.1081539762951245,-1.3695223372875442,6.416339366988211,8.223793128571819,162.29534913323948,-1.6719733217187398,0.0,0.0
9.099999999999994,-0.05000002998295433,-82.01825500860359,0.0,2.108521295358706,2.108521295358706,-1.367863090308125,6.416339366988211,8.252203056796446,163.0946765601618,-1.67916355276402,0.0,0.0
9.149999999999995,-0.050000505805725626,-82.06825551440932,0.0,2.1100299788130186,2.1100299788130186,-1.3657131978869315,6.426796991021689,8.28277879923372,163.88888423184278,-1.6861962244874351,0.0,0.0
9.199999999999996,-0.050001588548397105,-82.11825710295771,0.0,2.112703640681498,2.112703640681498,-1.3630916736868282,6.447669223989578,8.315556780100644,164.67786776673054,-1.6930747856456558,0.0,0.0
9.249999999999996,-0.05000329744369647,-82.16826040040141,0.0,2.1165557176062375,2.1165557176062375,-1.3600129184245946,6.478884505073637,8.350569284271177,165.4615368915416,-1.6998026098131744,0.0,0.0
9.299999999999997,-0.05000563027550156,-82.21826603067692,0.0,2.121589229278719,2.121589229278719,-1.3564867358384627,6.520342923879667,8.367624550012453,166.2398156933127,-1.706382996996768,0.0,0.0
9.349999999999998,-0.05000856246419959,-82.26827459314111,0.0,2.12779657081098,2.12779657081098,-1.3525184745302075,6.571916494284977,8.364691330997267,167.0126428319906,-1.7128191752172581,0.0,0.0
9.399999999999999,-0.0500120467436631,-82.31828663988478,0.0,2.135159338394161,2.135159338394161,-1.3481093038326624,6.633449505239412,8.36380940585463,167.77997171297991,-1.719114302059069,0.0,0.0
9.45,-0.050016013476279236,-82.36830265336106,0.0,2.1436481924544313,2.1436481924544313,-1.3432566294300665,6.704758947558588,8.364959951265309,168.54177061917753,-1.7252714661880952,0.0,0.0
9.5,-0.05002037165477099,-82.41832302501582,0.0,2.153222765367593,2.153222765367593,-1.3379546505962874,6.785635015539242,8.368127632793673,169.29802280213417,-1.7312936888383899,0.0,0.0
9.55,-0.050025010638000265,-82.46834803565382,0.0,2.163831623506015,2.163831623506015,-1.3321950554550848,6.875841682022212,8.373300837169154,170.04872653209551,-1.7371839252681878,0.0,0.0
9.600000000000001,-0.050029802660347684,-82.51837783831417,0.0,2.175412295833845,2.175412295833845,-1.325967843591731,6.975117345326339,8.380471757857908,170.79389510678718,-1.7429450661857866,0.0,0.0
9.650000000000002,-0.05003460613868538,-82.56841244445285,0.0,2.1878913833038567,2.1878913833038567,-1.319262256849294,7.083175546280614,8.389636333622297,171.53355681892208,-1.7485799391458003,0.0,0.0
9.700000000000003,-0.05003926977595499,-82.6184517142288,0.0,2.2011847648073513,2.2011847648073513,-1.3120677896820225,7.199705753388741,8.400794042350281,172.26775488252076,-1.7540913099163076,0.0,0.0
9.750000000000004,-0.050043637425233725,-82.66849535165403,0.0,2.215197916257034,2.215197916257034,-1.3043752407614488,7.324374213974465,8.413947554964059,172.99654731824864,-1.7594818838174107,0.0,0.0
9.800000000000004,-0.05004755363319762,-82.71854290528722,0.0,2.2298263594205867,2.2298263594205867,-1.296177758664098,7.456824868974451,8.429102256656199,173.72000679808647,-1.7647543070317229,0.0,0.0
9.850000000000005,-0.05005086972857291,-82.7685937750158,0.0,2.244956256266834,2.244956256266834,-1.2874718276403982,7.596680328871344,8.44626564501966,174.43822044976125,-1.7699111678872983,0.0,0.0
9.900000000000006,-0.050053450262342106,-82.81864722527814,0.0,2.260465162757605,2.260465162757605,-1.2782581359578316,7.743542908092337,8.465446616802083,175.15128962147583,-1.7749549981135135,0.0,0.0
9.950000000000006,-0.05005517954638796,-82.86870240482453,0.0,2.2762229531720575,2.2762229531720575,-1.2685422702691158,7.896995715037605,8.486654656991085,175.85932960758345,-1.7798882740704085,0.0,0.0
10.000000000000007,-0.05005596798143953,-82.91875837280597,0.0,2.292092922185192,2.292092922185192,-1.2583351856438503,8.056603794751169,8.509898945689695,176.56246933596094,-1.7847134179519908,0.0,0.0
10.050000000000008,-0.050055757820102915,-82.96881413062607,0.0,2.307933067085511,2.307933067085511,-1.2476534124922434,8.221915321102273,8.5351873997348,177.26085101793925,-1.7894327989639989,0.0,0.0
10.100000000000009,-0.05005452798339189,-83.01886865860946,0.0,2.323597546817168,2.323597546817168,-1.2365189780365176,8.392462835209358,8.562525667211172,177.95462976175216,-1.7940487344766192,0.0,0.0
10.15000000000001,-0.05005229754616209,-83.06892095615562,0.0,2.33893830813235,2.33893830813235,-1.2249590399200823,8.56776452671238,8.591916093886576,178.6439731505647,-1.7985634911526434,0.0,0.0
10.20000000000001,-0.050049127533814144,-83.11897008368943,0.0,2.3538068622706527,2.3538068622706527,-1.2130052510188833,8.747325554381518,8.623356681111948,179.32906078623895,-1.802979286051548,0.0,0.0
10.25000000000001,-0.050045120733029795,-83.16901520442246,0.0,2.3680561885225866,2.3680561885225866,-1.2006928951931866,8.930639402442551,8.656840054871676,180.0100838000897,-1.807298287709972,0.0,0.0
10.300000000000011,-0.050040419313776965,-83.21905562373624,0.0,2.381542734114262,2.381542734114262,-1.1880598512406504,9.117189268901456,8.69235246541996,180.68724433197195,-1.811522617199061,0.0,0.0
10.350000000000012,-0.050035200185347184,-83.26909082392159,0.0,2.3941284734275605,2.3941284734275605,-1.1751454547032558,9.306449482062703,8.72987283629555,181.36075497913018,-1.8156543491591428,0.0,0.0
10.400000000000013,-0.05002966815886848,-83.31912049208046,0.0,2.405682984014693,2.405682984014693,-1.1619893331503968,9.497886941358843,8.769371880477875,182.0308382163206,-1.8196955128121879,0.0,0.0
10.450000000000014,-0.05002404715190557,-83.36914453923237,0.0,2.4160854925378823,2.4160854925378823,-1.1486302896899414,9.690962578542127,8.810811300052446,182.69772578879804,-1.8236480929525072,0.0,0.0
10.500000000000014,-0.3000185698336529,-83.66916310906602,0.0,2.4252268409853515,2.4252268409853515,-1.1351053022198272,9.885132835233037,8.8541430840262,183.36165807983195,-1.8275140309161277,0.0,0.0
10.550000000000015,-0.3000134662562625,-83.96917657532228,0.0,2.4330113225468573,2.4330113225468573,-1.1214486935445815,10.079851152776143,8.899308916918667,184.02288345448693,-1.831295225529283,0.0,0.0
10.600000000000016,-0.3000089521332148,-84.26918552745549,0.0,2.4393583375513144,2.4393583375513144,-1.1076915116571577,10.27456947031925,8.946239708508317,184.6816575814674,-1.8349935340364463,0.0,0.0
10.650000000000016,-0.3000052174952813,-84.56919074495077,0.0,2.444203822951756,2.444203822951756,-1.0938611421300517,10.46873972701016,8.994855252698827,185.33824273488653,-1.8386107730083296,0.0,0.0
10.700000000000017,-0.30000241646808357,-84.86919316141886,0.0,2.447501413947628,2.447501413947628,-1.0799811574786227,10.661815364193444,9.045064020956131,185.9929070778749,-1.8421487192302601,0.0,0.0
10.750000000000018,-0.300000658867322,-85.16919382028618,0.0,2.4492233033021256,2.4492233033021256,-1.0660713930471215,10.853252823489584,9.096763093226809,186.64592392999276,-1.8456091105713446,0.0,0.0
10.800000000000018,-0.30000000419950495,-85.46919382448569,0.0,2.4493607724705706,2.4493607724705706,-1.052148226475554,11.042513036650831,9.149838226750585,187.29757102045625,-1.8489936468348207,0.0,0.0
10.85000000000002,-0.30000045849507667,-85.76919428298076,0.0,2.4479243784281666,2.4479243784281666,-1.038225028707625,11.229062903109735,9.204164060793024,187.9481297292244,-1.8523039905899883,0.0,0.0
10.90000000000002,-0.30000197420081515,-86.06919625718157,0.0,2.444943790622369,2.444943790622369,-1.0243127489339336,11.412376751170768,9.259604453106919,188.5978843180293,-1.8555417679861066,0.0,0.0
10.95000000000002,-0.3000044531373487,-86.36920071031892,0.0,2.4404672832707597,2.4404672832707597,-1.0104205936179886,11.591937778839878,9.316012941934051,189.2471211534572,-1.8587085695486374,0.0,0.0
11.000000000000021,-0.30000775230621307,-86.66920846262514,0.0,2.4345608987625504,2.4345608987625504,-0.9965567603720259,11.7672394703429,9.373233325620886,189.89612792421204,-1.861805950958205,0.0,0.0
11.050000000000022,-0.300011692129636,-86.96922015475477,0.0,2.427307307695904,2.427307307695904,-0.9827291903470672,11.937786984449986,9.431100350470501,190.5451928547073,-1.864835433812639,0.0,0.0
11.100000000000023,-0.3000160665434149,-87.26923622129819,0.0,2.418804399642368,2.418804399642368,-0.9689463073451718,12.10309851080109,9.489440496302896,191.19460391714279,-1.8677985063724574,0.0,0.0
11.150000000000023,-0.30002065425257585,-87.56925687555076,0.0,2.409163645699277,2.409163645699277,-0.9552177174429239,12.262706590514654,9.548072848349427,191.84464804422734,-1.8706966242901422,0.0,0.0
11.200000000000024,-0.3000252304087943,-87.86928210595956,0.0,2.398508278996329,2.398508278996329,-0.9415548489922219,12.416159397459893,9.606810043557317,192.495610344706,-1.8735312113235507,0.0,0.0
11.250000000000025,-0.3000295779790914,-88.16931168393864,0.0,2.3869713424050483,2.3869713424050483,-0.9279715189855477,12.563021976680886,9.665459279108681,193.1477733238429,-1.8763036600338023,0.0,0.0
11.300000000000026,-0.30003349814211094,-88.46934518208076,0.0,2.3746936537178738,2.3746936537178738,-0.9144844175827401,12.70287743657778,9.723823370941277,193.80141611099754,-1.8790153324679695,0.0,0.0
11.350000000000026,-0.3000368191610627,-88.76938200124182,0.0,2.361821737590812,2.361821737590812,-0.9011135078321142,12.835328091577736,9.78170185026443,194.45681369641235,-1.8816675608269011,0.0,0.0
11.400000000000027,-0.3000394033272627,-89.06942140456908,0.0,2.3485057707583907,2.3485057707583907,-0.8878823421002824,12.95999655216346,9.83889208645973,195.11423617930453,-1.8842616481184924,0.0,0.0
11.450000000000028,-0.30004115172944,-89.36946255629853,0.0,2.3348975826909077,2.3348975826909077,-0.8748183003409498,13.076526759271587,9.895190425306343,195.77394802932395,-1.8867988687967172,0.0,0.0
11.500000000000028,-0.3000420067660521,-89.66950456306458,0.0,2.321148748295424,2.321148748295424,-0.8619527580272396,13.184584960225862,9.950393332140425,196.4362073634022,-1.8892804693867253,0.0,0.0
11.55000000000003,-0.3000419524670188,-89.96954651553159,0.0,2.3074088028230157,2.3074088028230157,-0.8493211933305481,13.28386062352999,10.004298530311996,197.10126523997585,-1.891707669096306,0.0,0.0
11.60000000000003,-0.3000410128168578,-90.26958752834845,0.0,2.2938236022039535,2.2938236022039535,-0.8369632439670377,13.37406729001296,10.056706126110805,197.76936497251927,-1.8940816604140098,0.0,0.0
11.65000000000003,-0.30003924836618373,-90.56962677671464,0.0,2.2805338449515924,2.2805338449515924,-0.8249227240858376,13.454943357993614,10.107419712166122,198.44074146426917,-1.896403609694219,0.0,0.0
11.700000000000031,-0.30003675147986,-90.86966352819451,0.0,2.2676737648830283,2.2676737648830283,-0.8132476106871288,13.526252800312761,10.156247442160005,199.11562056596537,-1.8986746577294422,0.0,0.0
11.750000000000032,-0.3000336405982741,-91.16969716879278,0.0,2.2553699974830255,2.2553699974830255,-0.80199000738474,13.587785811267196,10.203003070510048,199.79421845836893,-1.9008959203101166,0.0,0.0
11.800000000000033,-0.30003005388666126,-91.46972722267944,0.0,2.243740617019058,2.243740617019058,-0.791206090919108,13.639359381672477,10.247506951458751,200.47674106125078,-1.9030684887721807,0.0,0.0
11.850000000000033,-0.3000261426216611,-91.7697533653011,0.0,2.2328943366670257,2.2328943366670257,-0.780956042734994,13.680817800478508,10.289586992741489,201.16338347047153,-1.9051934305326872,0.0,0.0
11.900000000000034,-0.3000220646209854,-92.06977542992209,0.0,2.222929860040816,2.222929860040816,-0.7713039642195799,13.712033081562538,10.329079559683816,201.85432942469632,-1.9072717896137108,0.0,0.0
11.950000000000035,-0.30001797796815904,-92.36979340789024,0.0,2.213935369687512,2.213935369687512,-0.762317769915387,13.732905314530427,10.365830326197518,202.5497508032068,-1.909304587154808,0.0,0.0
12.000000000000036,-0.3000140352262751,-92.66980744311651,0.0,2.205988136317463,2.205988136317463,-0.7540690482650493,13.743362938563905,10.399695069699261,203.2498071561877,-1.9112928219142746,0.0,0.0
12.050000000000036,-0.30001037827815474,-92.96981782139467,0.0,2.199154231745678,2.199154231745678,-0.7466328743359947,13.743362938563905,10.430540407466932,203.95464526877595,-1.9132374707594446,0.0,0.0
12.100000000000037,-0.3000071338795154,-93.26982495527419,0.0,2.193488328656202,2.193488328656202,-0.7400875536986178,13.732890963051943,10.458244472376967,204.66439876006794,-1.9151394891462685,0.0,0.0
12.150000000000038,-0.30000440996964417,-93.56982936524383,0.0,2.1890335712667763,2.1890335712667763,-0.7345142714667492,13.711961363506504,10.442812285390636,205.37918771818482,-1.9169998115884042,0.0,0.0
12.200000000000038,-0.3000022927521732,-93.869831657996,0.0,2.185821502653027,2.185821502653027,-0.7299966158487101,13.680617155026653,10.397547520037817,206.09911837239653,-1.9188193521160466,0.0,0.0
12.250000000000039,-0.30000084453716674,-94.16983250253317,0.0,2.1838720367645674,2.1838720367645674,-0.7266199419429742,13.638929898430632,10.349327058867967,206.82428280320406,-1.9205990047247217,0.0,0.0
12.30000000000004,-0.300000102324093,-94.46983260485726,0.0,2.1831934658998104,2.1831934658998104,-0.7244705396518203,13.58699950411264,10.298353459667018,207.554758691175,-1.922339643814261,0.0,0.0
12.35000000000004,-0.30000007710182003,-94.76983268195907,0.0,2.183782497469416,2.183782497469416,-0.7236345703482816,13.524953958195368,10.244839681100677,208.29060910522176,-1.9240421246181714,0.0,0.0
12.400000000000041,-0.30000075384437674,-95.06983343580345,0.0,2.185624317139,2.185624317139,-0.7241967413056518,13.452948971728944,10.189007987676174,209.03188233090276,-1.9257072836236089,0.0,0.0
12.450000000000042,-0.30000209218735446,-95.3698355279908,0.0,2.188692678769444,2.188692678769444,-0.7262386958992525,13.371167553897806,10.131088782589266,209.77861173921846,-1.9273359389821614,0.0,0.0
12.500000000000043,-0.30000402777679136,-95.6698395557676,0.0,2.1929500248396168,2.1929500248396168,-0.7298371120911555,13.279819510405162,10.071319371971535,210.530815696262,-1.9289288909116398,0.0,0.0
12.550000000000043,-0.30000647428752114,-95.96984603005512,0.0,2.1983476441152794,2.1983476441152794,-0.7350615222027154,13.17914086841023,10.009942665009333,211.28849751397263,-1.930486922089075,0.0,0.0
12.600000000000044,-0.3000093261087927,-96.26985535616392,0.0,2.204825876093777,2.204825876093777,-0.7419718932754081,13.069393229594112,9.947205815492117,212.05164544212764,-1.9320107980351109,0.0,0.0
12.650000000000045,-0.3000124616893721,-96.5698678178533,0.0,2.2123143740856737,2.2123143740856737,-0.7506160382220713,12.950863053127875,9.883358811556478,212.82023270159524,-1.9335012674899816,0.0,0.0
12.700000000000045,-0.30001574752074806,-96.86988356537404,0.0,2.220732440571889,2.220732440571889,-0.7610269610257817,12.823860870507758,9.818653021715162,213.5942175587576,-1.9349590627812578,0.0,0.0
12.750000000000046,-0.3000190427146487,-97.16990260808869,0.0,2.229989449587713,2.229989449587713,-0.773220270674379,12.688720434410044,9.753339706676774,214.37354344090068,-1.9363849001835394,0.0,0.0
12.800000000000047,-0.3000222040998874,-97.46992481218858,0.0,2.2399853712307265,2.2399853712307265,-0.7871918234638495,12.545797803898097,9.687668507946999,215.15813909225506,-1.9377794802702715,0.0,0.0
12.850000000000048,-0.300025091724713,-97.7699499039133,0.0,2.2506114128835946,2.2506114128835946,-0.8029157664602171,12.395470368489214,9.621885925719408,215.94791877026057,-1.9391434882578573,0.0,0.0
12.900000000000048,-0.3000275746066027,-98.0699774785199,0.0,2.261750790321851,2.261750790321851,-0.8203431515571558,12.23813581375623,9.556233800068966,216.7427824815172,-1.9404775943422334,0.0,0.0
12.950000000000049,-0.30002953652522907,-98.37000701504513,0.0,2.273279639506863,2.273279639506863,-0.8394012668071963,12.074211031299,9.490947810900476,217.54261625677597,-1.941782454028073,0.0,0.0
13.00000000000005,-0.3000308816106482,-98.67003789665578,0.0,2.285068076549876,2.285068076549876,-0.859993789587272,11.904130976073475,9.426256013415532,218.34729246421674,-1.9430587084507795,0.0,0.0
13.05000000000005,-0.3000315394428755,-98.97006943609865,0.0,2.2969814091205585,2.2969814091205585,-0.8820018082842522,11.728347474210409,9.362377426976545,219.15667016015425,-1.9443069846914265,0.0,0.0
13.100000000000051,-0.3000314693566349,-99.2701009054553,0.0,2.3088814975596024,2.3088814975596024,-0.9052856924536196,11.547327984591362,9.299520696093557,219.97059547621217,-1.9455278960847988,0.0,0.0
13.150000000000052,-0.3000306636416952,-99.57013156909699,0.0,2.3206282582887763,2.3206282582887763,-0.9296877248273019,11.361554317576378,9.237882842765007,220.7889020419038,-1.9467220425206855,0.0,0.0
13.200000000000053,-0.30002914934948127,-99.87016071844647,0.0,2.3320812959934925,2.3320812959934925,-0.9550353513806817,11.171521314395278,9.177648129498708,221.6114114414619,-1.9478900107385722,0.0,0.0
13.250000000000053,-0.30002698846363485,-100.1701877069101,0.0,2.343101644733746,2.343101644733746,-0.9811448654066979,10.977735490822255,9.118987051961982,222.43793370366583,-1.9490323746158777,0.0,0.0
13.300000000000054,-0.30002427626660155,-100.4702119831767,0.0,2.3535535919067407,2.3535535919067407,-1.007825322394732,10.78071364885136,9.062055479310603,223.26826782332375,-1.950149695449875,0.0,0.0
13.350000000000055,-0.30002113783404544,-100.77023312101075,0.0,2.3633065531598336,2.3633065531598336,-1.0348824848024374,10.580981460178123,9.006993958794537,224.10220231298106,-1.951242522233435,0.0,0.0
13.400000000000055,-0.3000177227086344,-101.07025084371938,0.0,2.372236961261086,2.372236961261086,-1.0621226164095041,10.379072025369993,8.95392719922262,224.93951578334313,-1.9523113919247308,0.0,0.0
13.450000000000056,-0.05001419793620984,-101.12026504165559,0.0,2.380230127901679,2.380230127901679,-1.0893559794353302,10.175524412674747,8.902963745304039,225.7799775508218,-1.9533568297110286,0.0,0.0
13.500000000000057,-0.05001073977963734,-101.17027578143522,0.0,2.3871820347169352,2.3871820347169352,-1.116399927739255,9.970882180471847,8.854195851812182,226.6233482705409,-1.9543793492667023,0.0,0.0
13.550000000000058,-0.05000752454630427,-101.22028330598152,0.0,2.3930010087131994,2.3930010087131994,-1.143081530419855,9.765691887416779,8.80769956300374,227.46938059306592,-1.955379453005592,0.0,0.0
13.600000000000058,-0.05000471906146775,-101.27028802504299,0.0,2.397609237939797,2.397609237939797,-1.1692396975230603,9.56050159436171,8.763534998865794,228.31781984305826,-1.9563576323278329,0.0,0.0
13.650000000000059,-0.05000247137995118,-101.32029049642294,0.0,2.400944085729471,2.400944085729471,-1.1947268105472038,9.35585936215881,8.721746845669507,229.16840471799426,-1.957314367861276,0.0,0.0
13.70000000000006,-0.050000902344219465,-101.37029139876716,0.0,2.4029591661218106,2.4029591661218106,-1.2194098837616203,9.152311749463564,8.682365044110385,230.02086800503415,-1.9582501296976176,0.0,0.0
13.75000000000006,-0.05000009856294853,-101.42029149733011,0.0,2.4036251490558,2.4036251490558,-1.243171298044698,8.950402314655435,8.645405664151163,230.87493731407633,-1.9591653776233542,0.0,0.0
13.800000000000061,-0.05000010730111995,-101.47029160463123,0.0,2.402930271340098,2.402930271340098,-1.2659091578363253,8.750670125982225,8.610871951692914,231.7303358249881,-1.9600605613456763,0.0,0.0
13.850000000000062,-0.0500009336459832,-101.52029253827722,0.0,2.400880537961241,2.400880537961241,-1.2875373251656124,8.55364828401136,8.57875552851819,232.58678304696497,-1.9609361207134113,0.0,0.0
13.900000000000063,-0.050002540153386454,-101.5702950784306,0.0,2.3974996075805555,2.3974996075805555,-1.3079851839681431,8.359862460438364,8.5490377236941,233.44399558793774,-1.9617924859331242,0.0,0.0
13.950000000000063,-0.050004849000246626,-101.62029992743085,0.0,2.3928283656568468,2.3928283656568468,-1.3271971843861496,8.169829457257265,8.52169101189498,234.30168793191828,-1.9626300777804828,0.0,0.0
14.000000000000064,-0.05000774648779281,-101.67030767391864,0.0,2.386924198055259,2.386924198055259,-1.3451322115989905,7.98405579024228,8.496680531976196,235.15957322215422,-1.96344930780699,0.0,0.0
14.050000000000065,-0.05001108957343338,-101.72031876349207,0.0,2.379859986814774,2.379859986814774,-1.3617628178698884,7.8030363006232335,8.47396565765067,236.0173640479457,-1.964250578542184,0.0,0.0
14.100000000000065,-0.05001471397175598,-101.77033347746384,0.0,2.371722857535852,2.371722857535852,-1.3770743505832586,7.627252798760168,8.453501591305889,236.87477323296838,-1.9650342836914099,0.0,0.0
14.150000000000066,-0.0500184432689417,-101.82035192073278,0.0,2.3626127142747606,2.3626127142747606,-1.3910640035282242,7.457172743534642,8.435240951843154,237.73151462294177,-1.965800808329253,0.0,0.0
14.200000000000067,-0.05002209844680179,-101.87037401917958,0.0,2.3526406026323827,2.3526406026323827,-1.4037398138147925,7.293247961077412,8.419135327891114,238.5873038704846,-1.9665505290887357,0.0,0.0
14.250000000000068,-0.050025507214509095,-101.92039952639409,0.0,2.3419269447467257,2.3419269447467257,-1.4151196227010336,7.135913406344457,8.405136768790069,239.44185921500588,-1.967283814346365,0.0,0.0
14.300000000000068,-0.05002851259455853,-101.97042803898866,0.0,2.3305996910851627,2.3305996910851627,-1.4252300152684183,6.9855859709356025,8.393199187298073,240.29490225549463,-1.968001024403125,0.0,0.0
14.350000000000069,-0.050030980296796916,-102.02045901928545,0.0,2.31879243333469,2.31879243333469,-1.4341052512447305,6.842663340423655,8.38327964996029,241.14615871409015,-1.9687025116615036,0.0,0.0
14.40000000000007,-0.050032804529583697,-102.07049182381503,0.0,2.306642520449133,2.306642520449133,-1.4417861972369599,6.70752290432597,8.375339533433436,241.99535918834005,-1.9693886207986366,0.0,0.0
14.45000000000007,-0.05003391202770174,-102.12052573584273,0.0,2.29428921624913,2.29428921624913,-1.448319269081898,6.580520721705881,8.369345527694218,242.84223989008487,-1.9700596889356587,0.0,0.0
14.500000000000071,-0.05003426420978123,-102.17056000005252,0.0,2.2818719321654224,2.2818719321654224,-1.453755391833643,6.461990545239644,8.365270469914309,243.68654336894377,-1.9707160458033413,0.0,0.0
14.550000000000072,-0.05003385750231361,-102.22059385755483,0.0,2.2695285630786928,2.2695285630786928,-1.458148983982397,6.352242906423555,8.363093995796515,244.52801921841882,-1.9713580139040998,0.0,0.0
14.600000000000072,-0.05003272197363156,-102.27062657952847,0.0,2.2573939480727683,2.2573939480727683,-1.4615569717565067,6.251564264428623,8.362802998285977,245.3664247626825,-1.9719859086704503,0.0,0.0
14.650000000000073,-0.050030918503370624,-102.32065749803184,0.0,2.2455984716021975,2.2455984716021975,-1.4640378387423056,6.160216220936007,8.36439188675631,246.20152572216645,-1.9726000386199924,0.0,0.0
14.700000000000074,-0.050028534767860705,-102.3706860327997,0.0,2.234266814381246,2.234266814381246,-1.4656507155308947,6.078434803104898,8.367862642992225,247.03309685612703,-1.9732007055069953,0.0,0.0
14.750000000000075,-0.050025680349591956,-102.42071171314929,0.0,2.2235168574899937,2.2235168574899937,-1.4664545136565053,6.0064298166385015,8.373224673522218,247.86092258042711,-1.9737882044706607,0.0,0.0
14.800000000000075,-0.05002248128179532,-102.47073419443109,0.0,2.2134587379799213,2.2134587379799213,-1.466507107734898,5.944384270721258,8.380494461076376,248.68479755884042,-1.9743628241801359,0.0,0.0
14.850000000000076,-0.05001907432153282,-102.52075326875263,0.0,2.204194049809363,2.204194049809363,-1.4658645694634795,5.892453876403266,8.389695021137076,249.50452726625846,-1.9749248469763483,0.0,0.0
14.900000000000077,-0.050015601211837776,-102.57076886996447,0.0,2.1958151803587764,2.1958151803587764,-1.4645804570369974,5.850766619807274,8.400855172690859,250.31992852225622,-1.9754745490107308,0.0,0.0
14.950000000000077,-0.050012203151069266,-102.62078107311554,0.0,2.1884047701264286,2.1884047701264286,-1.4627051635959456,5.819422411327423,8.414008635354513,251.13082999355433,-1.9760122003809064,0.0,0.0
15.000000000000078,-0.05000901564118808,-102.67079008875673,0.0,2.182035281501244,2.182035281501244,-1.4602853285878867,5.798492811781983,8.429192968002019,251.93707266400088,-1.976538065263398,0.0,0.0
15.050000000000079,-0.05000616384085855,-102.7207962525976,0.0,2.1767686617253874,2.1767686617253874,-1.4573633164033706,5.788020836270022,8.446448366821933,252.73851027078462,-1.9770524020434292,0.0,0.0
15.10000000000008,-0.05000375850785848,-102.77080001110545,0.0,2.1726560852381778,2.1726560852381778,-1.4539767673497503,5.788020836270022,8.465816343335403,253.5350097056844,-1.9775554634418815,0.0,0.0
15.15000000000008,-0.05000189258082548,-102.82080190368627,0.0,2.169737761453084,2.169737761453084,-1.450158226925318,5.7984784603035,8.487338305244684,254.32645138025478,-1.9780474966394652,0.0,0.0
15.200000000000081,-0.05000063842430488,-102.87080254211058,0.0,2.1680427955619974,2.1680427955619974,-1.4459348603983895,5.819350693271389,8.484883707976076,255.1127295539477,-1.9785287433981715,0.0,0.0
15.250000000000082,-0.05000004574374548,-102.92080258785433,0.0,2.1675890920744147,2.1675890920744147,-1.4413282607876796,5.8505659743554475,8.474820419204018,255.89375262427015,-1.9789994401800604,0.0,0.0
15.300000000000082,-0.05000014016793123,-102.97080272802225,0.0,2.1683832933653475,2.1683832933653475,-1.4363543593427404,5.892024393161478,8.46663036754233,256.66944337818353,-1.979459818263445,0.0,0.0
15.350000000000083,-0.050000922494005985,-103.02080365051626,0.0,2.170420748402133,2.170420748402133,-1.4310234483489512,5.943597963566788,8.460291425645734,257.4397392040554,-1.9799101038565303,0.0,0.0
15.400000000000084,-0.05000236859284123,-103.0708060191091,0.0,2.1736855099226036,2.1736855099226036,-1.42534032629572,6.005130974521251,8.455784931412001,258.2045922635825,-1.9803505182085581,0.0,0.0
15.450000000000085,-0.050004429977729296,-103.12081044908683,0.0,2.178150361519446,2.178150361519446,-1.4193045748756261,6.076440416840427,8.453096182059634,258.963969623215,-1.9807812777185183,0.0,0.0
15.500000000000085,-0.05000703504476921,-103.1708174841316,0.0,2.183776879222379,2.183776879222379,-1.4129109756327687,6.157316484821109,8.452214790137436,259.71785334472037,-1.981202594041475,0.0,0.0
15.550000000000086,-0.05001009099633349,-103.22082757512794,0.0,2.1905155351344043,2.1905155351344043,-1.4061500710688533,6.247523151304108,8.453134895899007,260.46624053464035,-1.9816146741925635,0.0,0.0
15.600000000000087,-0.05001348645729134,-103.27084106158523,0.0,2.1983058533442725,2.1983058533442725,-1.3990088704210872,6.346798814608235,8.455855232891498,261.2091433525047,-1.9820177206487062,0.0,0.0
15.650000000000087,-0.05001709478517804,-103.3208581563704,0.0,2.2070766305789973,2.2070766305789973,-1.3914716940377752,6.454857015562538,8.460379046049445,261.94658897777947,-1.9824119314480992,0.0,0.0
15.700000000000088,-0.050020778058725894,-103.37087893442913,0.0,2.216746235755349,2.216746235755349,-1.3835211423677818,6.571387222670694,8.466713864024618,262.6786195356404,-1.9827975002875189,0.0,0.0
15.750000000000089,-0.0500243917033093,-103.42090332613243,0.0,2.227223003620098,2.227223003620098,-1.3751391663648467,6.696055683256418,8.47487112989664,263.4052919817757,-1.9831746166174933,0.0,0.0
15.80000000000009,-0.05002778967703134,-103.47093111580946,0.0,2.2384057379297824,2.2384057379297824,-1.3663082061923857,6.828506338256432,8.484865696769974,264.1266779465334,-1.9835434657353896,0.0,0.0
15.85000000000009,-0.0500308300985917,-103.52096194590806,0.0,2.2501843390208562,2.2501843390208562,-1.3570123554019062,6.968361798153353,8.496715197043702,264.8428635388407,-1.9839042288764595,0.0,0.0
15.900000000000091,-0.05003338115013583,-103.57099532705818,0.0,2.262440569094219,2.262440569094219,-1.3472384994036706,7.115224377374375,8.510439296310789,265.553949110433,-1.9842570833028885,0.0,0.0
15.950000000000092,-0.05003532703859391,-103.62103065409678,0.0,2.275048966045163,2.275048966045163,-1.3369773713468864,7.2686771843196425,8.526058844871393,266.2600489810393,-1.9846022023908947,0.0,0.0
16.000000000000092,-0.05003657375233883,-103.67106722784912,0.0,2.2878779132164913,2.2878779132164913,-1.326224466736337,7.428285264033207,8.543594941693826,266.96129112527643,-1.984939755715916,0.0,0.0
16.050000000000093,-0.05003705431185884,-103.72110428216098,0.0,2.300790868082236,2.300790868082236,-1.3149807612294786,7.593596790384311,8.563067927289168,267.6578168221115,-1.9852699091359325,0.0,0.0
16.100000000000094,-0.0500367331895718,-103.77114101535055,0.0,2.313647747683178,2.313647747683178,-1.3032531845865973,7.764144304491424,8.584496323342071,268.34978026785257,-1.9855928248729593,0.0,0.0
16.150000000000095,-0.05003560957068328,-103.82117662492124,0.0,2.3263064627868038,2.3263064627868038,-1.2910548175112913,7.939445995994447,8.607895738021572,269.0373481537291,-1.985908661592756,0.0,0.0
16.200000000000095,-0.05003371914894892,-103.87121034407018,0.0,2.3386245864373487,2.3386245864373487,-1.2784047961772904,8.119007023663585,8.633277756645448,269.72069920921984,-1.9862175744827855,0.0,0.0
16.250000000000096,-0.05003113420154442,-103.92124147827172,0.0,2.350461136059171,2.350461136059171,-1.265327929934116,8.302320871724646,8.660648837757456,270.40002371237955,-1.9865197153284673,0.0,0.0
16.300000000000097,-0.05002796176660573,-103.97126944003833,0.0,2.3616784418732157,2.3616784418732157,-1.251854058848047,8.48887073818355,8.690009234673674,271.07552296850776,-1.986815232587756,0.0,0.0
16.350000000000097,-0.05002433985308217,-104.02129377989141,0.0,2.372144068412977,2.372144068412977,-1.2380171970035385,8.678130951344826,8.7213519621477,271.74740875858777,-1.9871042714640872,0.0,0.0
16.400000000000098,-0.05002043173965179,-104.07131421163106,0.0,2.3817327507225032,2.3817327507225032,-1.223854522685928,8.869568410640966,8.754661826989922,272.41590275900813,-1.9873869739777232,0.0,0.0
16.4500000000001,-0.05001641855867157,-104.12133063018973,0.0,2.3903283027130415,2.3903283027130415,-1.2094052860487228,9.062644047824222,8.78991454026361,273.0812359341572,-1.9876634790355345,0.0,0.0
16.5000000000001,-0.05001249050092502,-104.17134312069065,0.0,2.3978254524489477,2.3978254524489477,-1.19470970778531,9.25681430451516,8.827075927093693,273.74364790355554,-1.9879339224992525,0.0,0.0
16.5500000000001,-0.05000883710402009,-104.22135195779467,0.0,2.404131558068932,2.404131558068932,-1.1798079387065104,9.451532622058266,8.866101248200032,274.4033862852614,-1.988198437252225,0.0,0.0
16.6000000000001,-0.050005637188200364,-104.27135759498287,0.0,2.4091681587977583,2.4091681587977583,-1.1647391408192693,9.646250939601373,8.906934645056248,275.06070601734814,-1.9884571532647088,0.0,0.0
16.6500000000001,-0.3000030490658751,-104.57136064404875,0.0,2.412872318140707,2.412872318140707,-1.1495407369684512,9.840421196292311,8.949508718139857,275.71586865931454,-1.988710197657731,0.0,0.0
16.700000000000102,-0.30000120166617233,-104.87136184571493,0.0,2.415197720853269,2.415197720853269,-1.1342478601359651,10.033496833475567,8.993744245148928,276.36914167534206,-1.98895769476555,0.0,0.0
16.750000000000103,-0.30000018717843724,-105.17136203289337,0.0,2.4161154915040886,2.4161154915040886,-1.1188930169204305,10.224934292771707,9.039550043391875,277.020797701364,-1.9891997661967475,0.0,0.0
16.800000000000104,-0.30000005572932303,-105.4713620886227,0.0,2.4156147101610137,2.4156147101610137,-1.1035059641663776,10.414194505932983,9.086822977885802,277.6711137979556,-1.989436530893981,0.0,0.0
16.850000000000104,-0.3000008124730183,-105.77136290109571,0.0,2.4137026095929555,2.4137026095929555,-1.088113784414144,10.600744372391887,9.135448114102457,278.3203706910929,-1.9896681051924265,0.0,0.0
16.900000000000105,-0.3000024173044398,-106.07136531840015,0.0,2.4104044479870077,2.4104044479870077,-1.0727411355817746,10.784058220452891,9.185299011848157,278.968852002861,-1.9898946028769409,0.0,0.0
16.950000000000106,-0.3000047872161032,-106.37137010561625,0.0,2.405763061075276,2.405763061075276,-1.057410643396893,10.96361924812203,9.236238154516789,279.61684347422175,-1.990116135237969,0.0,0.0
17.000000000000107,-0.3000078011283482,-106.6713779067446,0.0,2.3998381072723545,2.3998381072723545,-1.0421434015100193,11.138920939625052,9.288117505964358,280.26463218196926,-1.990332811126228,0.0,0.0
17.050000000000107,-0.30001130684734634,-106.97138921359195,0.0,2.3927050284799636,2.3927050284799636,-1.0269595435918393,11.309468453732109,9.340779185556507,280.91250575202116,-1.9905447370061902,0.0,0.0
17.100000000000108,-0.3000151296617077,-107.27140434325365,0.0,2.384453757203086,2.384453757203086,-1.0118788535140055,11.474779980083213,9.394056250561317,281.5607515712017,-1.9907520170083952,0.0,0.0
17.15000000000011,-0.3000190819887296,-107.57142342524239,0.0,2.375187207182547,2.375187207182547,-0.9969213833201928,11.634388059796777,9.44777357401094,282.2096559996766,-1.990954752980615,0.0,0.0
17.20000000000011,-0.30002297343259643,-107.87144639867498,0.0,2.365019589630542,2.365019589630542,-0.9821080534904771,11.787840866742044,9.501748805432037,282.8595035861989,-1.9911530445378969,0.0,0.0
17.25000000000011,-0.30002662062084645,-108.17147301929582,0.0,2.3540746001920327,2.3540746001920327,-0.9674612154162815,11.93470344596301,9.555793401436055,283.5105762883169,-1.9913469891115092,0.0,0.0
17.30000000000011,-0.30002985623840644,-108.47150287553423,0.0,2.3424835228983136,2.3424835228983136,-0.9530051615465125,12.074558905859874,9.609713713041756,284.163152699681,-1.9915366819968152,0.0,0.0
17.35000000000011,-0.3000325367720747,-108.7715354123063,0.0,2.3303832966881917,2.3303832966881917,-0.9387665739467295,12.20700956085983,9.663312116742812,284.81750728656857,-1.991722216400096,0.0,0.0
17.400000000000112,-0.3000345486008974,-109.0715699609072,0.0,2.3179145876917358,2.3179145876917358,-0.9247749067381333,12.331678021445555,9.716388176699366,285.4739096357178,-1.9919036834843487,0.0,0.0
17.450000000000113,-0.30003581220600783,-109.3716057731132,0.0,2.305219906638823,2.305219906638823,-0.9110627018476347,12.448208228553653,9.768739825982365,286.13262371553424,-1.9920811724140783,0.0,0.0
17.500000000000114,-0.30003628441383245,-109.67164205752704,0.0,2.2924418057530858,2.2924418057530858,-0.8976658405761907,12.5562664295079,9.820164555497637,286.7939071526933,-1.9922547703991105,0.0,0.0
17.550000000000114,-0.30003595871703354,-109.97167801624407,0.0,2.279721183651519,2.279721183651519,-0.8846237356138265,12.655542092812027,9.870460600020303,287.4580105261228,-1.992424562737441,0.0,0.0
17.600000000000115,-0.3000348638286618,-110.27171288007273,0.0,2.267195720427424,2.267195720427424,-0.8719794692771746,12.745748759294997,9.91942811164663,288.1251766803001,-1.992590632857148,0.0,0.0
17.650000000000116,-0.3000330607103312,-110.57174594078306,0.0,2.2549984585834504,2.2549984585834504,-0.859779883934402,12.826624827275623,9.966870311884344,288.7956400597463,-1.9927530623573844,0.0,0.0
17.700000000000117,-0.3000306383717663,-110.87177657915483,0.0,2.2432565391088373,2.2432565391088373,-0.8480756298527078,12.89793426959477,10.01259461452593,289.4696260665414,-1.9929119310484715,0.0,0.0
17.750000000000117,-0.30002770876691165,-111.17180428792173,0.0,2.2320900960268895,2.2320900960268895,-0.8369211741120818,12.959467280549177,10.056413712358536,290.1473504426224,-1.9930673169911153,0.0,0.0
17.800000000000118,-0.30002440111359296,-111.47182868903532,0.0,2.221611307396115,2.221611307396115,-0.8263747718466147,13.01104085095443,10.098146621638474,290.8290186785558,-1.9932192965347602,0.0,0.0
17.85000000000012,-0.300020855944073,-111.77184954497939,0.0,2.2119235961943664,2.2119235961943664,-0.8164983979869328,13.052499269760403,10.137619679083189,291.5148254504071,-1.9933679443551047,0.0,0.0
17.90000000000012,-0.30001721915839064,-112.07186676413778,0.0,2.2031209708611006,2.2031209708611006,-0.8073576339898352,13.083714550844434,10.174667486897555,292.20495408624885,-1.9935133334907933,0.0,0.0
17.95000000000012,-0.30001363630711925,-112.3718804004449,0.0,2.195287492576415,2.195287492576415,-0.7990214998894878,13.104586783812294,10.209133802048374,292.8995760637713,-1.9936555353793042,0.0,0.0
18.00000000000012,-0.3000102472808331,-112.67189064772573,0.0,2.1884968546278283,2.1884968546278283,-0.7915622175688887,13.115044407845744,10.240872366625762,293.59885054037136,-1.9937946198920502,0.0,0.0
18.05000000000012,-0.3000071815350708,-112.9718978292608,0.0,2.182812058429323,2.182812058429323,-0.7850548866748221,13.115044407845744,10.26974767668223,294.30292391700885,-1.9939306553687106,0.0,0.0
18.100000000000122,-0.3000045539358139,-113.2719023831966,0.0,2.178285170849282,2.178285170849282,-0.779577050413252,13.104572432333725,10.29563568742156,295.0119294370252,-1.9940637086508097,0.0,0.0
18.150000000000123,-0.3000024612741075,-113.57190484447071,0.0,2.174957148390872,2.174957148390872,-0.7752081249999099,13.083642832788257,10.318424453022116,295.72598682102364,-1.99419384511456,0.0,0.0
18.200000000000124,-0.30000097947091353,-113.87190582394162,0.0,2.1728577153457684,2.1728577153457684,-0.7720286643576453,13.052298624308378,10.275538708872574,296.44520193881317,-1.9943211287029847,0.0,0.0
18.250000000000124,-0.30000016147492453,-114.17190598541654,0.0,2.1720052851959393,2.1720052851959393,-0.7701194314231796,13.010611367712329,10.227144153680955,297.1696665193139,-1.9944456219573368,0.0,0.0
18.300000000000125,-0.300000035846272,-114.47190602126281,0.0,2.172406917146906,2.172406917146906,-0.7695602499224141,12.958680973394337,10.176143614775606,297.89945789921995,-1.9945673860478284,0.0,0.0
18.350000000000126,-0.30000060601643613,-114.77190662727925,0.0,2.1740583026144717,2.1740583026144717,-0.770428616500992,12.896635427477065,10.122748469247783,298.6346388111086,-1.994686480803687,0.0,0.0
18.400000000000126,-0.30000185021724524,-115.07190847749649,0.0,2.176943779629362,2.176943779629362,-0.7727980633860376,12.82463044101064,10.067179264561373,299.37525721157635,-1.9948029647425534,0.0,0.0
18.450000000000127,-0.30000372207730275,-115.3719121995738,0.0,2.18103637634323,2.18103637634323,-0.7767362767978522,12.742849023179474,10.009664515137096,300.1213461498734,-1.9949168950992335,0.0,0.0
18.500000000000128,-0.30000615188995594,-115.67191835146376,0.0,2.1862978879893067,2.1862978879893067,-0.782302996168285,12.65150097968683,9.950439428208787,300.8729236773958,-1.9950283278538221,0.0,0.0
18.55000000000013,-0.30000904856047644,-115.97192740002424,0.0,2.1926789946444267,2.1926789946444267,-0.7895477432113152,12.55082233769184,9.889744563755153,301.62999279828483,-1.9951373177592076,0.0,0.0
18.60000000000013,-0.3000123022390573,-116.2719397022633,0.0,2.20011942983047,2.20011942983047,-0.7985074564929824,12.441074698875696,9.827824434482817,302.39254146126723,-1.995243918367976,0.0,0.0
18.65000000000013,-0.3000157876384912,-116.57195548990178,0.0,2.208548212257982,2.208548212257982,-0.8092041338236421,12.32254452240943,9.76492605314091,303.16054259276035,-1.9953481820587236,0.0,0.0
18.70000000000013,-0.30001936801944756,-116.87197485792123,0.0,2.21788395473055,2.21788395473055,-0.821642608089063,12.195542339789313,9.7012974358684,303.93395417115056,-1.9954501600617935,0.0,0.0
18.75000000000013,-0.30002289980131003,-117.17199775772254,0.0,2.2280352652811635,2.2280352652811635,-0.8358085980198889,12.06040190369157,9.637186071792167,304.7127193420414,-1.9955499024844485,0.0,0.0
18.800000000000132,-0.30002623772266723,-117.4720239954452,0.0,2.238901255894193,2.238901255894193,-0.851667179902569,11.917479273179595,9.572837370675911,305.49676657415614,-1.9956474583354902,0.0,0.0
18.850000000000133,-0.3000292404339639,-117.77205323587916,0.0,2.2503721735923388,2.2503721735923388,-0.8691618162975971,11.767151837770712,9.508493102025673,306.286009855467,-1.9957428755493405,0.0,0.0
18.900000000000134,-0.30003177635785694,-118.07208501223701,0.0,2.2623301671680256,2.2623301671680256,-0.8882140521855376,11.609817283037728,9.444389840637928,307.0803489290137,-1.9958362010095945,0.0,0.0
18.950000000000134,-0.30003372960407504,-118.37211874184109,0.0,2.2746502003797344,2.2746502003797344,-0.9087239488019528,11.445892500580499,9.380757435069375,307.87966956776484,-1.9959274805720562,0.0,0.0
19.000000000000135,-0.30003500567969527,-118.67215374752078,0.0,2.2872011190165784,2.2872011190165784,-0.9305712745872201,11.275812445354973,9.317817516847983,308.68384388776883,-1.9960167590872706,0.0,0.0
19.050000000000136,-0.3000355366982318,-118.97218928421901,0.0,2.2998468749071126,2.2998468749071126,-0.9536174171884758,11.100028943491907,9.255782069355355,309.49273069873647,-1.996104080422561,0.0,0.0
19.100000000000136,-0.3000352857676816,-119.27222456998669,0.0,2.3124479048081685,2.3124479048081685,-0.9777079274491481,10.919009453872832,9.19485207611643,310.30617589109335,-1.9961894874835828,0.0,0.0
19.150000000000137,-0.30003425023440783,-119.5722588202211,0.0,2.3248626563093158,2.3248626563093158,-1.0026755626512478,10.733235786857847,9.135216268655688,311.12401285844237,-1.9962730222354061,0.0,0.0
19.200000000000138,-0.30003246348125845,-119.87229128370235,0.0,2.3369492466334303,2.3369492466334303,-1.0283436671188122,10.543202783676747,9.077049994048062,311.9460629542776,-1.996354725723135,0.0,0.0
19.25000000000014,-0.3000299950277469,-120.1723212787301,0.0,2.348567233759485,2.348567233759485,-1.0545297162381635,10.349416960103724,9.020514221746582,312.77213598169783,-1.9964346380920757,0.0,0.0
19.30000000000014,-0.05002694875815345,-120.22234822748825,0.0,2.359579472936443,2.359579472936443,-1.0810488547415449,10.152395118132858,8.965754708161274,313.60203071477827,-1.9965127986074611,0.0,0.0
19.35000000000014,-0.050023459207777884,-120.27237168669603,0.0,2.3698540257247864,2.3698540257247864,-1.1077172790321768,9.95266292945962,8.912901335768863,314.43553545017016,-1.996589245673745,0.0,0.0
19.40000000000014,-0.050019685962682144,-120.32239137265871,0.0,2.3792660835268626,2.3792660835268626,-1.1343553421237447,9.75075349465152,8.862067641248762,315.27242858741766,-1.9966640168534715,0.0,0.0
19.45000000000014,-0.05001580636541062,-120.37240717902412,0.0,2.387699863482956,2.387699863482956,-1.160790293599947,9.547205881956245,8.813350544294044,316.1124792364005,-1.9967371488857317,0.0,0.0
19.500000000000142,-0.05001200685692562,-120.42241918588105,0.0,2.3950504319075923,2.3950504319075923,-1.1868586013950435,9.342563649753345,8.766830285389126,316.95544785023793,-1.996808677704216,0.0,0.0
19.550000000000143,-0.05000847341036328,-120.47242765929141,0.0,2.4012254093678567,2.4012254093678567,-1.2124078336354915,9.137373356698276,8.722570577062443,317.8010868819194,-1.9968786384548693,0.0,0.0
19.600000000000144,-0.05000538161185931,-120.52243304090327,0.0,2.406146512228688,2.406146512228688,-1.2372981049671519,8.932183063643208,8.680618969017715,318.6491414628614,-1.9969470655131614,0.0,0.0
19.650000000000144,-0.05000288700562659,-120.5724359279089,0.0,2.409750888085846,2.409750888085846,-1.2614031116230788,8.727540831440308,8.641007423249789,319.49935010153183,-1.9970139925009762,0.0,0.0
19.700000000000145,-0.05000111633561366,-120.6224370442445,0.0,2.411992206952376,2.411992206952376,-1.284610792858172,8.52399321874509,8.603753090900648,320.3514454002259,-1.9970794523031328,0.0,0.0
19.750000000000146,-0.05000016027962061,-120.67243720452413,0.0,2.41284147622225,2.41284147622225,-1.3068236638890696,8.32208378393699,8.568859278356214,321.20515478802963,-1.9971434770835432,0.0,0.0
19.800000000000146,-0.05000006818414326,-120.72243727270828,0.0,2.412287555068429,2.412287555068429,-1.3279588681458068,8.122351595263751,8.536316586067832,322.06020126796176,-1.9972060983010165,0.0,0.0
19.850000000000147,-0.0500008451753837,-120.77243811788367,0.0,2.4103373527131207,2.4103373527131207,-1.3479479956497395,7.9253297532928855,8.50610419994018,322.9163041762461,-1.9972673467247155,0.0,0.0
19.900000000000148,-0.05000245185481033,-120.82244056973848,0.0,2.4070157045308953,2.4070157045308953,-1.3667367108498805,7.731543929719862,8.478191311974246,323.7731799516338,-1.9973272524492764,0.0,0.0
19.95000000000015,-0.05000480660133531,-120.87244537633981,0.0,2.4023649297557794,2.4023649297557794,-1.3842842283152361,7.541510926538763,8.452538644281807,324.63054291266565,-1.9973858449095951,0.0,0.0
20.00000000000015,-0.05000779031380848,-120.92245316665363,0.0,2.3964440841963883,2.3964440841963883,-1.4005626691385757,7.355737259523778,8.429100048662342,325.48810604074583,-1.99744315289529,0.0,0.0
20.05000000000015,-0.050011253254560586,-120.97246441990819,0.0,2.3893279303530104,2.3893279303530104,-1.4155563253876629,7.17471776990476,8.410068545549423,326.345581766879,-1.9974992045648488,0.0,0.0
20.10000000000015,-0.05029424463799161,-121.02275866454619,0.0,2.352939733489711,2.352939733489711,-1.4274972314042484,7.00619828028573,8.39500362128324,327.2023132032925,-1.9975540274594632,0.0,0.0
20.15000000000015,-0.050366735494230895,-121.07312540004042,0.0,2.3123157292060483,2.3123157292060483,-1.4364068846521536,6.850178790666689,8.383539130967636,328.05769951599797,-1.9976076485165621,0.0,0.0
20.200000000000152,-0.0503883431803652,-121.12351374322078,0.0,2.2705120892731028,2.2705120892731028,-1.4424599622857157,6.706659301047637,8.375374398183855,328.9111913708725,-1.9976600940830471,0.0,0.0
20.250000000000153,-0.05037123943396596,-121.17388498265476,0.0,2.2296393911379564,2.2296393911379564,-1.445921465062155,6.57563981142863,8.370266348105583,329.7622867450064,-1.9977113899282384,0.0,0.0
20.300000000000153,-0.05033043155681091,-121.22421541421157,0.0,2.191078504145447,2.191078504145447,-1.447100609571591,6.457120321809612,8.368022582417677,330.61052707412256,-1.997761561256536,0.0,0.0
20.350000000000154,-0.05027868100985356,-121.27449409522143,0.0,2.1556657304000733,2.1556657304000733,-1.4463184378564096,6.351100832190582,8.36849530247262,331.4554937092002,-1.9978106327198049,0.0,0.0
20.400000000000155,-0.050225053489171896,-121.3247191487106,0.0,2.123842143215824,2.123842143215824,-1.4438860755715397,6.257581342571541,8.37157598877255,332.29680465758514,-1.9978586284294872,0.0,0.0
20.450000000000156,-0.05017513099886885,-121.37489427970947,0.0,2.0957692115037676,2.0957692115037676,-1.4400909295342774,6.176561852952489,8.377190748962759,333.13411158584046,-1.9979055719684498,0.0,0.0
20.500000000000156,-0.05013179814434859,-121.42502607785381,0.0,2.0714157384543515,2.0714157384543515,-1.4351886101211193,6.108042363333482,8.385296252158136,333.96709706340806,-1.9979514864025711,0.0,0.0
20.550000000000157,-0.050096086099879235,-121.4751221639537,0.0,2.050621810267101,2.050621810267101,-1.4293988566219753,6.0520228737144635,8.395876173920142,334.79547202782436,-1.997996394292076,0.0,0.0
20.600000000000158,-0.05006787506480513,-121.52519003901851,0.0,2.0331450316273436,2.0331450316273436,-1.4229041740438977,6.008503384095434,8.408938083067364,335.61897345377025,-1.9980403177026191,0.0,0.0
20.65000000000016,-0.05004641047150333,-121.57523644949002,0.0,2.018693487704116,2.018693487704116,-1.415850239765613,5.977483894476393,8.424510708399275,336.4373622096507,-1.9980832782161284,0.0,0.0
20.70000000000016,-0.050030651973450295,-121.62526710146346,0.0,2.006948962148508,2.006948962148508,-1.4083474104067628,5.9589644048573405,8.442641530115207,337.25042108670294,-1.9981252969414085,0.0,0.0
20.75000000000016,-0.050019493137265406,-121.67528659460073,0.0,1.997583113671498,1.997583113671498,-1.400472864392625,5.952944915238334,8.463220052098091,338.05795298682835,-1.9981663945245132,0.0,0.0
20.80000000000016,-0.050001055627891394,-121.72528765022862,0.0,1.9954035895236,1.9954035895236,-1.39256095232535,5.958891420747534,8.486100643524875,338.85980642394566,-1.9982065911588895,0.0,0.0
20.85000000000016,-0.05000667963393397,-121.77529432986256,0.0,2.000886139359476,2.000886139359476,-1.3849442332286979,5.9761405884605665,8.511148758947542,339.65587827470875,-1.9982459065953002,0.0,0.0
20.900000000000162,-0.05003196916223247,-121.8253262990248,0.0,2.0128803558843726,2.0128803558843726,-1.3778648867187513,6.004055678934492,8.53823737391556,340.44610835017204,-1.998284360151528,0.0,0.0
20.950000000000163,-0.05006734249377525,-121.87539364151857,0.0,2.0302884351003176,2.0302884351003176,-1.3714863752445443,6.042025640713234,8.549309261362268,341.23047445795163,-1.998321970721868,0.0,0.0
21.000000000000163,-0.05010550032808182,-121.92549914184666,0.0,2.052077227548918,2.052077227548918,-1.365904579527659,6.089464232158548,8.539314732553128,342.00898791387647,-1.9983587567864105,0.0,0.0
21.050000000000164,-0.05014120097999199,-121.97564034282665,0.0,2.0772844568683797,2.0772844568683797,-1.3611581561632815,6.1458091698712565,8.53142343276385,342.78168946545026,-1.9983947364201227,0.0,0.0
21.100000000000165,-0.0501709760197176,-122.02581131884637,0.0,2.1050223747557983,2.1050223747557983,-1.3572380612856394,6.210521302986081,8.525571777927194,343.54864559250626,-1.9984299273017283,0.0,0.0
21.150000000000166,-0.050192838827035374,-122.0760041576734,0.0,2.1344803910104475,2.1344803910104475,-1.354096271791028,6.283083812639518,8.521699032920672,344.3099451532511,-1.9984643467223955,0.0,0.0
21.200000000000166,-0.050206002130584494,-122.12621015980397,0.0,2.164927223154863,2.164927223154863,-1.3516537631301444,6.3630014359259235,8.519748140204804,345.06569634648247,-1.9984980115942317,0.0,0.0
21.250000000000167,-0.050210608553814984,-122.17642076835779,0.0,2.195712584808861,2.195712584808861,-1.3498077994259794,6.449799713675134,8.519666223409489,345.8160239631474,-1.9985309384585943,0.0,0.0
21.300000000000168,-0.050207476810562486,-122.22662824516834,0.0,2.2262682004552716,2.2262682004552716,-1.348438575453745,6.543024261398671,8.521404820303035,346.5610669025955,-1.9985631434942182,0.0,0.0
21.35000000000017,-0.050197868120252724,-122.27682611328859,0.0,2.256107881102645,2.256107881102645,-1.3474152313091987,6.642240062768735,8.524919894966065,347.3009759308958,-1.9985946425251648,0.0,0.0
21.40000000000017,-0.05018327907269939,-122.32700939236129,0.0,2.284826443517001,2.284826443517001,-1.3466012451344052,6.747030785008519,8.530171674155758,348.0359116604381,-1.9986254510285977,0.0,0.0
21.45000000000017,-0.05016526722503869,-122.37717465958633,0.0,2.312097353158487,2.312097353158487,-1.3458591997213367,6.856998115588226,8.537124347960038,348.7660427317403,-1.9986555841423872,0.0,0.0
21.50000000000017,-0.05014531408078401,-122.42731997366711,0.0,2.3376690829304057,2.3376690829304057,-1.3450549158163398,6.971761119634891,8.545745670041395,349.4915441799497,-1.9986850566725487,0.0,0.0
21.55000000000017,-0.05012472733488904,-122.477444701002,0.0,2.3613602839763774,2.3613602839763774,-1.3440609478750654,7.090955617479324,8.556006488156344,350.2125959699657,-1.9987138831005171,0.0,0.0
21.600000000000172,-0.05010458112434795,-122.52754928212634,0.0,2.3830539480183455,2.3830539480183455,-1.3427594455167502,7.214233581777023,8.567880231280226,350.9293816854338,-1.9987420775902627,0.0,0.0
21.650000000000173,-0.050085690187256976,-122.5776349723136,0.0,2.4026907971203877,2.4026907971203877,-1.3410443943361439,7.341262553654303,8.58134237561343,351.6420873580772,-1.9987696539952506,0.0,0.0
21.700000000000173,-0.05006861177433459,-122.62770358408794,0.0,2.420262165436647,2.420262165436647,-1.3388232613824487,7.471725077343876,8.596369908020339,352.3509004249525,-1.9987966258652483,0.0,0.0
21.750000000000174,-0.050053668085404505,-122.67775725217335,0.0,2.4358026411153473,2.4358026411153473,-1.336018082043434,7.605318152787845,8.612940802067849,353.05600880224074,-1.998823006452982,0.0,0.0
21.800000000000175,-0.0500409818972745,-122.72779823407062,0.0,2.4493827198240754,2.4493827198240754,-1.3325660351419952,7.741752705698673,8.631033518785335,353.7576000651332,-1.9988488087206495,0.0,0.0
21.850000000000176,-0.05003051872488133,-122.7778287527955,0.0,2.4611016899992215,2.4611016899992215,-1.328419560998616,7.880753074581946,8.650626541553644,354.455860724238,-1.9988740453462892,0.0,0.0
21.900000000000176,-0.05002213004952543,-122.82785088284503,0.0,2.4710809295927185,2.4710809295927185,-1.3235460826359111,8.022056514236397,8.671697952134164,355.15097558973224,-1.9988987287300088,0.0,0.0
21.950000000000177,-0.050015593581852556,-122.87786647642687,0.0,2.4794577498926,2.4794577498926,-1.3179273931119344,8.16541271525989,8.694225052751774,355.843127215218,-1.998922871000079,0.0,0.0
22.000000000000178,-0.05001064796859784,-122.92787712439547,0.0,2.4863798780834285,2.4863798780834285,-1.3115587723184208,8.310583339101242,8.718184037327996,356.5324954139147,-1.9989464840188922,0.0,0.0
22.05000000000018,-0.050007020632940324,-122.97788414502841,0.0,2.492000629655189,2.492000629655189,-1.3044478947823959,8.457341568209586,8.743549713404045,357.21925684043987,-1.998969579388791,0.0,0.0
22.10000000000018,-0.05000444846222042,-123.02788859349063,0.0,2.496474786558103,2.496474786558103,-1.296613586469365,8.605471670844793,8.770295274975073,357.90358463199794,-1.9989921684577694,0.0,0.0
22.15000000000018,-0.05000269179027891,-123.07789128528091,0.0,2.4999551681830194,2.4999551681830194,-1.2880844837400283,8.754768580123084,8.798392125358006,358.58564810332274,-1.9990142623250489,0.0,0.0
22.20000000000018,-0.050001542578118716,-123.12789282785903,0.0,2.5025898601069856,2.5025898601069856,-1.2788976418843956,8.90503748688343,8.82780974831662,359.26561249019517,-1.9990358718465315,0.0,0.0
22.25000000000018,-0.05000082791827451,-123.1778936557773,0.0,2.504520049795927,2.504520049795927,-1.2690971344300501,9.05609344597093,8.858515624947776,359.94363873680294,-1.9990570076401346,0.0,0.0
22.300000000000182,-0.050000410030714385,-123.22789406580802,0.0,2.505878408443236,2.505878408443236,-1.2587326780203523,9.207760995543424,8.890475193277574,360.6198833226108,-1.999077680091007,0.0,0.0
22.350000000000183,-0.05000018383805801,-123.27789424964607,0.0,2.5067879529781756,2.5067879529781756,-1.2478583113454473,9.359873789018309,8.923651847104274,361.2944981247842,-1.999097899356633,0.0,0.0
22.400000000000183,-0.05000007305576513,-123.32789432270184,0.0,2.507361321047616,2.507361321047616,-1.2365311505832475,9.512274239286683,8.958006970343309,361.96763031254903,-1.9991176753718223,0.0,0.0
22.450000000000184,-0.05000002554892204,-123.37789434825076,0.0,2.5077003935312963,2.5077003935312963,-1.2248102382118398,9.664813174830954,8.993500002960166,362.63942227018526,-1.9991370178535919,0.0,0.0
22.500000000000185,-0.05000000852030281,-123.42789435677106,0.0,2.5078962030373284,2.5078962030373284,-1.2127554969826955,9.817349507392294,9.030088534506474,363.310011545638,-1.9991559363059408,0.0,0.0
22.550000000000185,-0.30000000392315285,-123.72789436069422,0.0,2.508029072100259,2.508029072100259,-1.2004267963490336,9.969749910843802,9.06772842128741,363.97953082199604,-1.9991744400245195,0.0,0.0
22.600000000000186,-0.300000004346772,-124.02789436504099,0.0,2.5081689308641115,2.5081689308641115,-1.1878831347474927,10.121888510933502,9.106373923272931,364.64810790932825,-1.9991925381011972,0.0,0.0
22.650000000000187,-0.3000000095072424,-124.32789437454824,0.0,2.5083757703935925,2.5083757703935925,-1.1751819378310349,10.273646585571157,9.145977857008042,365.31586575459164,-1.9992102394285303,0.0,0.0
22.700000000000188,-0.30000002338904846,-124.62789439793728,0.0,2.50870019406418,2.50870019406418,-1.162378470026134,10.424912275341399,9.186491760966074,365.98292246752874,-1.99922755270413,0.0,0.0
22.75000000000019,-0.30000005202278146,-124.92789444996006,0.0,2.509184035480907,2.509184035480907,-1.1495253546043203,10.57558030393335,9.227866070015555,366.6493913606584,-1.9992444864349377,0.0,0.0
22.80000000000019,-0.30000010184529957,-125.22789455180536,0.0,2.509861016904646,2.509861016904646,-1.1366721957750503,10.7255517081868,9.270050295922811,367.3153810016366,-1.9992610489414033,0.0,0.0
22.85000000000019,-0.30000017856695316,-125.52789473037231,0.0,2.5107574271283775,2.5107574271283775,-1.1238652950763155,10.874733577461654,9.312993211083262,367.98099527642006,-1.999277248361575,0.0,0.0
22.90000000000019,-0.3000002864614086,-125.82789501683372,0.0,2.5118928021054603,2.5118928021054603,-1.1111474535111538,11.02303880204613,9.356643032954736,368.64633346181046,-1.9992930926550967,0.0,0.0
22.95000000000019,-0.3000004279933762,-126.1278954448271,0.0,2.513280595387208,2.513280595387208,-1.0985578504011413,11.170385830326666,9.40094760695027,369.3114903060881,-1.9993085896071199,0.0,0.0
23.000000000000192,-0.30000060370505316,-126.42789604853216,0.0,2.5149288286046576,2.5149288286046576,-1.0861319897513273,11.316698434450188,9.445854585829867,369.976556116566,-1.9993237468321283,0.0,0.0
23.050000000000193,-0.3000008122909119,-126.72789686082308,0.0,2.516840714873137,2.516840714873137,-1.0739017049958057,11.4619054842168,9.491311603905539,370.6416168530051,-1.9993385717776797,0.0,0.0
23.100000000000193,-0.30000105080082967,-127.02789791162391,0.0,2.519015250164505,2.519015250164505,-1.0618952132726085,11.60594072894753,9.537266444638574,371.3067542259331,-1.999353071728065,0.0,0.0
23.150000000000194,-0.3000013149222239,-127.32789922654614,0.0,2.5214477694363095,2.5214477694363095,-1.0501372108172304,11.748742587080244,9.583667200457239,371.9720457990026,-1.9993672538078875,0.0,0.0
23.200000000000195,-0.30000159930204096,-127.62790082584817,0.0,2.5241304656890238,2.5241304656890238,-1.0386490016258596,11.890253943251992,9.630462423858035,372.637565094608,-1.999381124985564,0.0,0.0
23.250000000000195,-0.30000189787865944,-127.92790272372683,0.0,2.5270528711994507,2.5270528711994507,-1.0274486521862924,12.030421952633958,9.677601269068914,373.30338170205965,-1.999394692076748,0.0,0.0
23.300000000000196,-0.3000022042017897,-128.22790492792862,0.0,2.530202300997619,2.530202300997619,-1.0165511657745314,12.169197852291347,9.725033623750058,373.9695613876839,-1.9994079617476794,0.0,0.0
23.350000000000197,-0.3000025117252,-128.52790743965383,0.0,2.53356425926622,2.53356425926622,-1.005968670540638,12.3065367793468,9.7727102303859,374.63616620628255,-1.9994209405184593,0.0,0.0
23.400000000000198,-0.3000028140626195,-128.82791025371645,0.0,2.537122809784031,2.537122809784031,-0.995710616335168,12.442397595732302,9.820582797179972,375.30325461344484,-1.9994336347662538,0.0,0.0
23.4500000000002,-0.3000031052015536,-129.127913358918,0.0,2.5408609118413765,2.5408609118413765,-0.9857839759381806,12.57674271932035,9.868604098403472,375.97088157825857,-1.999446050728428,0.0,0.0
23.5000000000002,-0.3000033796731316,-129.42791673859114,0.0,2.544760723258897,2.544760723258897,-0.9761934470313044,12.709537961231604,9.916728064269439,376.6390986960173,-1.99945819450561,0.0,0.0
23.5500000000002,-0.30000363267863545,-129.72792037126976,0.0,2.5488038722617716,2.5488038722617716,-0.966941651888104,12.840752369121674,9.964909860507369,377.30795430056463,-1.999470072064689,0.0,0.0
23.6000000000002,-0.30000386017516467,-130.02792423144493,0.0,2.5529717000222627,2.5529717000222627,-0.9580293323410326,12.970358076254797,10.013105957900489,377.9774935759579,-1.9994816892417469,0.0,0.0
23.6500000000002,-0.3000040589241177,-130.32792829036904,0.0,2.5572454756983585,2.5572454756983585,-0.9494555381094585,13.098330156178918,10.061274192119079,378.64775866717105,-1.9994930517449259,0.0,0.0
23.700000000000202,-0.30000422650691966,-130.62793251687597,0.0,2.5616065857793338,2.5616065857793338,-0.9412178070402294,13.22464648282056,10.109373814240755,379.31878878959077,-1.9995041651572334,0.0,0.0
23.750000000000203,-0.3000043613128129,-130.92793687818877,0.0,2.566036699509017,2.566036699509017,-0.9333123362196817,13.349287595824421,10.157365532394135,379.9906203370902,-1.999515034939285,0.0,0.0
23.800000000000203,-0.3000044625036251,-131.2279413406924,0.0,2.570517912103063,2.570517912103063,-0.9257341432654621,13.472236570966743,10.205211544995283,380.6632869884931,-1.9995256664319876,0.0,0.0
23.850000000000204,-0.30000452996032156,-131.52794587065273,0.0,2.5750328674125846,2.5750328674125846,-0.9184772174008622,13.593478895476608,10.25287556607007,381.33681981226675,-1.999536064859164,0.0,0.0
23.900000000000205,-0.30000456421588134,-131.8279504348686,0.0,2.5795648616166935,2.5795648616166935,-0.9115346601574095,13.713002348104908,10.30032284316992,382.0112473693056,-1.9995462353301192,0.0,0.0
23.950000000000205,-0.3000045663786733,-132.12795500124727,0.0,2.584097929455333,2.584097929455333,-0.9048988157478167,13.830796883784046,10.347520168395857,382.686595813687,-1.9995561828421513,0.0,0.0
24.000000000000206,-0.30000453805006866,-132.42795953929735,0.0,2.5886169144419013,2.5886169144419013,-0.8985613913059378,13.946854522727506,10.394435883045487,383.36288899130176,-1.9995659122830063,0.0,0.0
24.050000000000207,-0.30000448123955836,-132.72796402053692,0.0,2.5931075244241306,2.5931075244241306,-0.8925135673082116,14.061169243821723,10.44103987639243,384.0401485362772,-1.9995754284332805,0.0,0.0
24.100000000000207,-0.3000043982801556,-133.02796841881707,0.0,2.5975563737922713,2.5975563737922713,-0.8867460985771862,14.173736882167418,10.487303579098153,384.7183939651274,-1.999584735968769,0.0,0.0
24.150000000000208,-0.30000429174638915,-133.32797271056344,0.0,2.601951013567167,2.601951013567167,-0.8812494063269929,14.284555030632191,10.533199951742303,385.3976427685786,-1.9995938394627635,0.0,0.0
24.20000000000021,-0.30000416437672767,-133.62797687494017,0.0,2.606279950535349,2.606279950535349,-0.8760136617475428,14.393622945279617,10.578703468940526,386.07791050103015,-1.9996027433882986,0.0,0.0
24.25000000000021,-0.30000401900185036,-133.92798089394202,0.0,2.6105326565358276,2.6105326565358276,-0.8710288616429387,14.500941454544318,10.623790099500486,386.7592108676238,-1.9996114521203507,0.0,0.0
24.30000000000021,-0.3000038584797792,-134.2279847524218,0.0,2.614699568942662,2.614699568942662,-0.8662848966438476,14.606512872026713,10.668437283045131,387.4415558089026,-1.999619969937987,0.0,0.0
24.35000000000021,-0.3000036856385382,-134.52798843806033,0.0,2.618772083328362,2.618772083328362,-0.8617716125066439,14.710340912784545,10.71262390351097,388.12495558305136,-1.9996283010264682,0.0,0.0
24.40000000000021,-0.30000350322669234,-134.82799194128702,0.0,2.62274253923612,2.62274253923612,-0.8574788649968641,14.812430613001993,10.756330259905496,388.80941884571763,-1.9996364494793049,0.0,0.0
24.450000000000212,-0.3000033138718531,-135.12799525515888,0.0,2.6266041999331415,2.6266041999331415,-0.8533965688333224,14.912788252921132,10.799538034685199,389.49495272742,-1.9996444193002691,0.0,0.0
24.500000000000213,-0.3000031200470135,-135.4279983752059,0.0,2.630351226962782,2.630351226962782,-0.8495147411441375,15.01142128292338,10.84223026009206,390.18156290855654,-1.9996522144053615,0.0,0.0
24.550000000000214,-0.3000029240443952,-135.7280012992503,0.0,2.6339786502601745,2.6339786502601745,-0.8458235398585636,15.10833825265297,10.884391282763168,390.86925369203186,-1.9996598386247353,0.0,0.0
24.600000000000215,-0.30000272795634664,-136.02800402720666,0.0,2.6374823345438876,2.6374823345438876,-0.8423132974302163,15.20354874307634,10.926006726905046,391.5580280735272,-1.9996672957045785,0.0,0.0
24.650000000000215,-0.3000025336627265,-136.3280065608694,0.0,2.6408589426451248,2.6408589426451248,-0.8389745502590377,15.297063301376227,10.96706345630289,392.24788780944067,-1.9996745893089543,0.0,0.0
24.700000000000216,-0.3000023428241331,-136.62800890369354,0.0,2.6441058963865123,2.6441058963865123,-0.8357980641519486,15.388893378580917,11.007549535412434,392.9388334825298,-1.9996817230216017,0.0,0.0
24.750000000000217,-0.30000215688029513,-136.92801106057382,0.0,2.647221335573534,2.647221335573534,-0.8327748561360854,15.479051269833121,11.047454189762266,393.63086456529186,-1.9996887003476966,0.0,0.0
24.800000000000217,-0.3000019770529232,-137.22801303762674,0.0,2.650204075614897,2.650204075614897,-0.8298962129142207,15.567550057205324,11.086767765874061,394.3239794811198,-1.9996955247155737,0.0,0.0
24.850000000000218,-0.30000180435231866,-137.52801484197906,0.0,2.6530535642416435,2.6530535642416435,-0.8271537062295801,15.65440355497202,11.125481690889936,395.01817566327406,-1.9997021994784108,0.0,0.0
24.90000000000022,-0.3000016395870616,-137.82801648156612,0.0,2.6557698377509156,2.6557698377509156,-0.8245392053869236,15.739626257250961,11.163588432077946,395.7134496117131,-1.999708727915877,0.0,0.0
24.95000000000022,-0.3000014833761292,-138.12801796494225,0.0,2.6583534771571573,2.6583534771571573,-0.8220448871584161,15.82323328792944,11.201081456370066,396.40979694782686,-1.9997151132357436,0.0,0.0
25.00000000000022,-0.3000013361628424,-138.42801930110508,0.0,2.6608055645925583,2.6608055645925583,-0.8196632432864095,15.905240352793669,11.237955190071537,397.10721246711864,-1.9997213585754612,0.0,0.0
25.05000000000022,-0.30000119823008925,-138.72802049933517,0.0,2.663127640259197,2.663127640259197,-0.8173870857806593,15.985663693781703,11.274204978865033,397.80569018988234,-1.9997274670037,0.0,0.0
25.10000000000022,-0.3000010697163315,-139.0280215690515,0.0,2.665321660197982,2.665321660197982,-0.8152095501945419,16.064520045283302,11.309827048220123,398.5052234099227,-1.9997334415218584,0.0,0.0
25.150000000000222,-0.30000095063195975,-139.32802251968346,0.0,2.6673899551041242,2.6673899551041242,-0.8131240970533412,16.141826592412713,11.344818464305119,399.20580474136676,-1.9997392850655376,0.0,0.0
25.200000000000223,-0.3000008408756222,-139.62802336055907,0.0,2.669335190385465,2.669335190385465,-0.8111245115974438,16.217600931181607,11.379177095486757,399.9074261636158,-1.9997450005059842,0.0,0.0
25.250000000000224,-0.30000074025021267,-139.9280241008093,0.0,2.6711603276288107,2.6711603276288107,-0.8092049019941261,16.29186103050347,11.41290157449235,400.6100790644859,-1.9997505906515007,0.0,0.0
25.300000000000225,-0.30000064847825875,-140.22802474928756,0.0,2.6728685876103304,2.6728685876103304,-0.8073596961633648,16.36462519596091,11.445991261298788,401.31375428158674,-1.9997560582488254,0.0,0.0
25.350000000000225,-0.3000005652165049,-140.52802531450405,0.0,2.674463414959029,2.674463414959029,-0.805583637355566,16.435912035271713,11.47844620680311,402.0184421419883,-1.9997614059844822,0.0,0.0
25.400000000000226,-0.3000004900695353,-140.82802580457357,0.0,2.675948444557599,2.675948444557599,-0.8038717786121539,16.505740425389604,11.510267117321764,402.72413250022316,-1.9997666364861004,0.0,0.0
25.450000000000227,-0.30000042260232435,-141.1280262271759,0.0,2.6773274697421563,2.6773274697421563,-0.8022194762334441,16.574129481178772,11.541455319957034,403.43081477467365,-1.9997717523237062,0.0,0.0
25.500000000000227,-0.30000036235164507,-141.42802658952755,0.0,2.6786044123417727,2.6786044123417727,-0.8006223823720361,16.641098525603525,11.560184857844062,404.13847798239226,-1.999776756010985,0.0,0.0
25.550000000000228,-0.30000030883629597,-141.72802689836385,0.0,2.6797832945800786,2.6797832945800786,-0.7990764368640028,16.706667061375015,11.576672809209457,404.8471107724026,-1.9997816500065166,0.0,0.0
25.60000000000023,-0.30000026156614235,-142.02802715993,0.0,2.6808682128445573,2.6808682128445573,-0.7975778584043607,16.77085474400036,11.59289035545574,405.5567014575279,-1.9997864367149838,0.0,0.0
25.65000000000023,-0.3000002200499878,-142.32802737997997,0.0,2.6818633133143335,2.6818633133143335,-0.7961231351676047,16.833681356180307,11.608842015232003,406.2672380447943,-1.999791118488353,0.0,0.0
25.70000000000023,-0.30000018380231463,-142.6280275637823,0.0,2.6827727694242816,2.6827727694242816,-0.7947090149684612,16.89516678350367,11.624532221679548,406.9787082644539,-1.9997956976270306,0.0,0.0
25.75000000000023,-0.30000015234894845,-142.92802771613125,0.0,2.68360076113193,2.68360076113193,-0.7933324950524155,16.955330991388678,11.639965323804573,407.6910995976731,-1.9998001763809932,0.0,0.0
25.80000000000023,-0.30000012523171127,-143.22802784136297,0.0,2.6843514559439448,2.6843514559439448,-0.7919908115999957,17.0141940032226,11.655145587904233,408.4043993029299,-1.9998045569508927,0.0,0.0
25.850000000000232,-0.3000001020121409,-143.52802794337512,0.0,2.6850289916507064,2.6850289916507064,-0.7906814290232456,17.07177587965282,11.670077199036035,409.1185944411647,-1.9998088414891382,0.0,0.0
25.900000000000233,-0.3000000822743549,-143.82802802564947,0.0,2.6856374607107036,2.6856374607107036,-0.7894020291272916,17.128096698984677,11.68476426252127,409.8336718997258,-1.999813032100953,0.0,0.0
25.950000000000234,-0.30000006562714526,-144.1280280912766,0.0,2.6861808962207894,2.6861808962207894,-0.7881505002044285,17.183176538641646,11.699210805474438,410.5496184151521,-1.9998171308454098,0.0,0.0
26.000000000000234,-0.3000000517053868,-144.428028142982,0.0,2.6866632594040665,2.6866632594040665,-0.786924926122718,17.237035457646186,11.713420778351185,411.2664205948336,-1.9998211397364414,0.0,0.0
26.050000000000235,-0.30000004017084386,-144.72802818315284,0.0,2.687088428543718,2.687088428543718,-0.7857235754657528,17.289693480080018,11.727398056508303,411.9840649375892,-1.999825060743831,0.0,0.0
26.100000000000236,-0.3000000307124559,-145.0280282138653,0.0,2.687460189288822,2.687460189288822,-0.784544890774987,17.341170579484924,11.741146441769818,412.7025378532012,-1.99982889579418,0.0,0.0
26.150000000000237,-0.3000000230461797,-145.32802823691148,0.0,2.687782226256588,2.687782226256588,-0.7833874779409199,17.39148666416554,11.754669663993466,413.4218256809437,-1.9998326467718543,0.0,0.0
26.200000000000237,-0.3000000169144601,-145.62802825382593,0.0,2.6880581158547683,2.6880581158547683,-0.7822500957844398,17.440661563357537,11.767971382633691,414.14191470714275,-1.9998363155199106,0.0,0.0
26.250000000000238,-0.30000001208539756,-145.92802826591134,0.0,2.688291320247987,2.688291320247987,-0.7811316458648396,17.488715014226045,11.781055188296076,414.8627911818035,-1.9998399038410013,0.0,0.0
26.30000000000024,-0.30000000835167356,-146.228028274263,0.0,2.6884851823921125,2.6884851823921125,-0.780031162546397,17.535666649659333,11.793924604280082,415.58444133433994,-1.9998434134982612,0.0,0.0
26.35000000000024,-0.3000000055292897,-146.5280282797923,0.0,2.688642922062073,2.688642922062073,-0.7789478033510095,17.581535986825372,11.8065830881065,416.30685138844086,-1.9998468462161731,0.0,0.0
26.40000000000024,-0.30000000345617067,-146.82802828324847,0.0,2.688767632799776,2.688767632799776,-0.7778808396201877,17.626342416458783,11.819034033027194,417.03000757610585,-1.9998502036814156,0.0,0.0
26.45000000000024,-0.30000000199067506,-147.12802828523914,0.0,2.6888622797109174,2.6888622797109174,-0.776829647505764,17.670105192847984,11.83128076951405,417.75389615088295,-1.9998534875436913,0.0,0.0
26.50000000000024,-0.3000000010100514,-147.4280282862492,0.0,2.688929698041356,2.688929698041356,-0.7757936993049632,17.712843424492007,11.843326566725638,418.47850340033966,-1.9998566994165379,0.0,0.0
26.550000000000242,-0.3000000004088737,-147.7280282866581,0.0,2.6889725924664947,2.6889725924664947,-0.7747725551520285,17.754576065399192,11.855174633949217,419.2038156577975,-1.999859840878121,0.0,0.0
26.600000000000243,-0.3000000000974833,-148.02802828675556,0.0,2.6889935370294054,2.6889935370294054,-0.7737658550753864,17.795321906999277,11.866828122016786,419.9298193133598,-1.999862913472009,0.0,0.0
26.650000000000244,-0.30000000000045995,-148.32802828675602,0.0,2.688994975666492,2.688994975666492,-0.7727733114263885,17.835099570642683,11.878290124694063,420.656500824261,-1.9998659187079322,0.0,0.0
26.700000000000244,-0.3000000000551418,-148.62802828681117,0.0,2.6889792232622787,2.6889792232622787,-0.7717947016829646,17.87392750066141,11.889563680040792,421.3838467245656,-1.9998688580625241,0.0,0.0
26.750000000000245,-0.3000000002102082,-148.9280282870214,0.0,2.688948467177764,2.688948467177764,-0.7708298616290709,17.91182395796602,11.900651771742009,422.1118436342433,-1.9998717329800475,0.0,0.0
26.800000000000246,-0.3000000004243363,-149.22802828744574,0.0,2.688904769200072,2.688904769200072,-0.769878678908607,17.948807014155648,11.911557330409485,422.84047826764646,-1.9998745448731035,0.0,0.0
26.850000000000247,-0.30000000066494137,-149.52802828811068,0.0,2.688850067863857,2.688850067863857,-0.7689410869504992,17.98489454611746,11.922283234852607,423.569737441415,-1.999877295123326,0.0,0.0
26.900000000000247,-0.3000000009070042,-149.82802828901768,0.0,2.6887861810980986,2.6887861810980986,-0.7680170592598949,18.020104231093512,11.932832313318624,424.2996080818331,-1.9998799850820603,0.0,0.0
26.950000000000248,-0.3000000011319898,-150.12802829014967,0.0,2.6887148091548636,2.6887148091548636,-0.767106604068878,18.0544535421937,11.943207344702,425.03007723166183,-1.9998826160710277,0.0,0.0
27.00000000000025,-0.300000001326859,-150.42802829147652,0.0,2.6886375377795138,2.6886375377795138,-0.7662097593387822,18.087959744333943,11.953411059722606,425.76113205646897,-1.999885189382974,0.0,0.0
27.05000000000025,-0.30000000148317074,-150.7280282929597,0.0,2.6885558415846185,2.6885558415846185,-0.7653265881050351,18.120639890580208,11.963446142072938,426.49275985048,-1.9998877062823055,0.0,0.0
27.10000000000025,-0.3000000015962754,-151.02802829455598,0.0,2.6884710875927746,2.6884710875927746,-0.7644571741545065,18.15251081887868,11.973315229534402,427.22494804197015,-1.9998901680057097,0.0,0.0
27.15000000000025,-0.3000000016645941,-151.32802829622057,0.0,2.688384538915928,2.688384538915928,-0.7636016180245357,18.183589149154216,11.983020915063065,427.95768419821854,-1.9998925757627637,0.0,0.0
27.20000000000025,-0.3000000016889817,-151.62802829790954,0.0,2.6882973585417367,2.6882973585417367,-0.7627600333121752,18.21389128075907,11.992565747844818,428.69095603004433,-1.9998949307365272,0.0,0.0
27.250000000000252,-0.30000000167216767,-151.9280282995817,0.0,2.6882106131995123,2.6882106131995123,-0.7619325432816818,18.243433390255007,12.001952234320456,429.4247513959437,-1.9998972340841257,0.0,0.0
27.300000000000253,-0.3000000016182709,-152.22802830119997,0.0,2.6881252772811086,2.6881252772811086,-0.7611192777579211,18.272231429512203,12.011182839181185,430.15905830584654,-1.999899486937317,0.0,0.0
27.350000000000254,-0.30000000153238277,-152.52802830273237,0.0,2.68804223679394,2.68804223679394,-0.7603203702930901,18.30030112410941,12.020259986334993,430.8938649245104,-1.9999016904030489,0.0,0.0
27.400000000000254,-0.30000000142021294,-152.82802830415258,0.0,2.687962293325801,2.687962293325801,-0.7595359555940203,18.327657972020177,12.029186059844127,431.6291595745689,-1.9999038455640021,0.0,0.0
27.450000000000255,-0.3000000012877922,-153.12802830544038,0.0,2.6878861680028168,2.6878861680028168,-0.7587661671972596,18.354317242570346,12.03796340483458,432.36493073925135,-1.9999059534791233,0.0,0.0
27.500000000000256,-0.3000000011412278,-153.4280283065816,0.0,2.687814505424079,2.687814505424079,-0.758011135379168,18.38029397565299,12.04659432837784,433.101167064789,-1.9999080151841437,0.0,0.0
27.550000000000257,-0.30000000098650503,-153.7280283075681,0.0,2.687747877557964,2.687747877557964,-0.7572709852883522,18.40560298118737,12.055081100345832,433.8378573625243,-1.99991003169209,0.0,0.0
27.600000000000257,-0.3000000008293299,-154.02802830839744,0.0,2.6876867875871286,2.6876867875871286,-0.7565458352879405,18.430258838808868,12.063425954239223,434.57499061073656,-1.9999120039937803,0.0,0.0
27.650000000000258,-0.30000000067500926,-154.32802830907244,0.0,2.6876316736904435,2.6876316736904435,-0.7558357954954072,18.454275897777222,12.07163108799028,435.31255595619984,-1.9999139330583124,0.0,0.0
27.70000000000026,-0.300000000528362,-154.6280283096008,0.0,2.687582912751761,2.687582912751761,-0.75514096650793,18.477668277091766,12.079698664740452,436.0505427154853,-1.9999158198335394,0.0,0.0
27.75000000000026,-0.3000000003936587,-154.92802830999446,0.0,2.6875408239867133,2.6875408239867133,-0.7544614383015659,18.500449865801556,12.087630813593522,436.788940376022,-1.999917665246535,0.0,0.0
27.80000000000026,-0.3000000002745841,-155.22802831026905,0.0,2.687505672479867,2.687505672479867,-0.7537972892928678,18.522634323499688,12.095429630345128,437.52773859692905,-1.9999194702040495,0.0,0.0
27.85000000000026,-0.3000000001742204,-155.52802831044326,0.0,2.687477672625958,2.687477672625958,-0.7531485855519297,18.54423508099137,12.103097178189099,438.2669272096303,-1.9999212355929554,0.0,0.0
27.90000000000026,-0.30000000009504674,-155.82802831053831,0.0,2.6874569914697592,2.6874569914697592,-0.7525153801562324,18.565265341125155,12.110635488401314,439.0064962182644,-1.9999229622806831,0.0,0.0
27.950000000000262,-0.3000000000389523,-156.12802831057726,0.0,2.6874437519402212,2.6874437519402212,-0.7518977126750608,18.585738079778082,12.118046561001997,439.74643579990067,-1.999924651115647,0.0,0.0
28.000000000000263,-0.3000000000072605,-156.42802831058452,0.0,2.6874380359754158,2.6874380359754158,-0.7512956087746727,18.605666046985277,12.125332365396684,440.486736304572,-1.999926302927662,0.0,0.0
28.050000000000264,-0.3000000000007618,-156.72802831058527,0.0,2.6874398875356196,2.6874398875356196,-0.7507090799348208,18.625061768205,12.132494840997023,441.22738825513505,-1.999927918528352,0.0,0.0
28.100000000000264,-0.3000000000197526,-157.02802831060504,0.0,2.6874493155026506,2.6874493155026506,-0.7501381232676461,18.643937545710457,12.139535897821528,441.96838234696753,-1.9999294987115486,0.0,0.0
28.150000000000265,-0.30000000006407845,-157.3280283106691,0.0,2.687466296464088,2.687466296464088,-0.7495827214303806,18.662305460100583,12.14645741707761,442.70970944751247,-1.9999310442536802,0.0,0.0
28.200000000000266,-0.3000000001331812,-157.62802831080228,0.0,2.6874907773819974,2.6874907773819974,-0.7490428426237249,18.680177371921673,12.153261251724745,443.4513605956783,-1.9999325559141548,0.0,0.0
28.250000000000266,-0.30000000022614637,-157.9280283110284,0.0,2.6875226781457955,2.6875226781457955,-0.7485184406681646,18.69756492339218,12.159949227019975,444.1933270011036,-1.9999340344357321,0.0,0.0
28.300000000000267,-0.300000000341752,-158.22802831137017,0.0,2.687561894009888,2.687561894009888,-0.7480094551509117,18.714479540223863,12.166523141046104,444.9356000432952,-1.9999354805448892,0.0,0.0
28.350000000000268,-0.3000000004785161,-158.5280283118487,0.0,2.6876082979168263,2.6876082979168263,-0.7475158116365431,18.730932433532075,12.17298476522349,445.6781712706471,-1.999936894952177,0.0,0.0
28.40000000000027,-0.30000000063474347,-158.82802831248344,0.0,2.6876617427073475,2.6876617427073475,-0.7470374219348099,18.746934601829025,12.179335844805484,446.42103239934875,-1.9999382783525697,0.0,0.0
28.45000000000027,-0.3000000008085698,-159.12802831329202,0.0,2.687722063218739,2.687722063218739,-0.7465741844194543,18.762496833093053,12.18557809935858,447.1641753121892,-1.999939631425806,0.0,0.0
28.50000000000027,-0.3000000009980039,-159.42802831429003,0.0,2.687789078273564,2.687789078273564,-0.7461259843922504,18.777629706908556,12.19171322322787,447.90759205726494,-1.9999409548367235,0.0,0.0
28.55000000000027,-0.30000000120096676,-159.728028315491,0.0,2.6878625925609367,2.6878625925609367,-0.7456926944868352,18.792343596670662,12.19774288598773,448.6512748465977,-1.9999422492355852,0.0,0.0
28.60000000000027,-0.30000000141532757,-160.02802831690633,0.0,2.6879423984125665,2.6879423984125665,-0.7452741751072315,18.80664867184879,12.203668732879128,449.3952160546689,-1.9999435152583984,0.0,0.0
28.650000000000272,-0.30000000163893636,-160.32802831854528,0.0,2.6880282774764224,2.6880282774764224,-0.7448702748963052,18.820554900304273,12.209492385233327,450.13940821687675,-1.9999447535272281,0.0,0.0
28.700000000000273,-0.3000000018696537,-160.62802832041493,0.0,2.688120002290523,2.688120002290523,-0.7444808312297002,18.834072050656914,12.215215440883139,450.8838440279223,-1.9999459646505022,0.0,0.0
28.750000000000274,-0.30000000210537636,-160.9280283225203,0.0,2.6882173377599825,2.6882173377599825,-0.7441056707311103,18.847209694695835,12.220839474561787,451.62851634012964,-1.9999471492233105,0.0,0.0
28.800000000000274,-0.30000000234406043,-161.22802832486437,0.0,2.688320042540164,2.688320042540164,-0.7437446098050265,18.859977209829765,12.226366038289804,452.37341816170573,-1.9999483078276972,0.0,0.0
28.850000000000275,-0.30000000258374043,-161.5280283274481,0.0,2.6884278703290416,2.6884278703290416,-0.7433974551833752,18.872383781572694,12.231796661750916,453.1185426549452,-1.9999494410329466,0.0,0.0
28.900000000000276,-0.30000000282254613,-161.82802833027066,0.0,2.6885405710720667,2.6885405710720667,-0.7430640044827306,18.884438406060895,12.237132852656845,453.8638831343849,-1.9999505493958636,0.0,0.0
28.950000000000276,-0.30000000305871544,-162.12802833332938,0.0,2.6886578920825572,2.6886578920825572,-0.7427440467690286,18.896149892596952,12.24237609710164,454.60943306491254,-1.999951633461046,0.0,0.0
29.000000000000277,-0.30000000329060567,-162.42802833661997,0.0,2.6887795790810047,2.6887795790810047,-0.7424373631269509,18.907526866217495,12.247527859906317,455.35518605983486,-1.9999526937611534,0.0,0.0
29.050000000000278,-0.3000000035167013,-162.7280283401367,0.0,2.6889053771564493,2.6889053771564493,-0.7421437272313716,18.91857777028099,12.252589584953443,456.1011358789081,-1.999953730817168,0.0,0.0
29.10000000000028,-0.3000000037356197,-163.0280283438723,0.0,2.689035031653223,2.689035031653223,-0.741862905918476,18.92931086907197,12.257562695512801,456.84727642633595,-1.999954745138651,0.0,0.0
29.15000000000028,-0.30000000394611487,-163.32802834781842,0.0,2.689168288986248,2.689168288986248,-0.741594659754359,18.939734250419008,12.262448594558153,457.5936017487384,-1.9999557372239931,0.0,0.0
29.20000000000028,-0.300000004147079,-163.6280283519655,0.0,2.6893048973881504,2.6893048973881504,-0.7413387435991067,18.94985582832288,12.26724866507549,458.3401060330954,-1.999956707560659,0.0,0.0
29.25000000000028,-0.3000000043375424,-163.92802835630303,0.0,2.689444607591306,2.689444607591306,-0.7410949071645463,18.959683345592225,12.271964270363146,459.0867836046679,-1.9999576566254271,0.0,0.0
29.30000000000028,-0.3000000045166719,-164.2280283608197,0.0,2.689587173447949,2.689587173447949,-0.7408628955640156,18.969224376484362,12.27659675432428,459.83362892490095,-1.999958584884624,0.0,0.0
29.350000000000282,-0.3000000046837677,-164.52802836550347,0.0,2.689732352491494,2.689732352491494,-0.7406424498526746,18.978486329348016,12.281147441751722,460.58063658931076,-1.9999594927943531,0.0,0.0
29.400000000000283,-0.3000000048382596,-164.82802837034174,0.0,2.6898799064419565,2.6898799064419565,-0.7404333075570241,18.987476449266012,12.285617638605668,461.3278013253593,-1.9999603808007191,0.0,0.0
29.450000000000284,-0.30000000497970175,-165.12802837532143,0.0,2.6900296016584875,2.6900296016584875,-0.740235203192447,18.996201820695376,12.290008632284758,462.07511799031903,-1.9999612493400474,0.0,0.0
29.500000000000284,-0.30000000510776675,-165.4280283804292,0.0,2.69018120954193,2.69018120954193,-0.740047868767721,19.004669370103045,12.294321691890286,462.8225815691305,-1.9999620988390976,0.0,0.0
29.550000000000285,-0.30000000522223935,-165.72802838565144,0.0,2.690334506890106,2.690334506890106,-0.7398710342755784,19.012885868594424,12.29855806848447,463.5701871722552,-1.9999629297152743,0.0,0.0
29.600000000000286,-0.30000000532300936,-166.02802839097444,0.0,2.6904892762086705,2.6904892762086705,-0.7397044281685098,19.02085793453375,12.30271899534248,464.31793003352635,-1.9999637423768317,0.0,0.0
29.650000000000286,-0.30000000541006433,-166.3280283963845,0.0,2.690645305980009,2.690645305980009,-0.739547777819116,19.028592036153725,12.306805688198624,465.0658055079991,-1.9999645372230739,0.0,0.0
29.700000000000287,-0.3000000054834822,-166.62802840186797,0.0,2.690802390892926,2.690802390892926,-0.7394008099644259,19.036094494152962,12.31081934548738,465.8138090698032,-1.9999653146445515,0.0,0.0
29.750000000000288,-0.3000000055434232,-166.92802840741138,0.0,2.6909603320354374,2.6909603320354374,-0.7392632511336883,19.043371484279874,12.31476114857869,466.5619363099996,-1.9999660750232535,0.0,0.0
29.80000000000029,-0.3000000055901226,-167.2280284130015,0.0,2.6911189370531345,2.6911189370531345,-0.7391348280592416,19.05042903990102,12.318632262008768,467.31018293444293,-1.9999668187327946,0.0,0.0
29.85000000000029,-0.30000000562388257,-167.52802841862538,0.0,2.6912780202754103,2.6912780202754103,-0.7390152680701529,19.057273054553093,12.322433833705523,468.0585447616513,-1.999967546138599,0.0,0.0
29.90000000000029,-0.30000000564506507,-167.82802842427046,0.0,2.691437402811691,2.691437402811691,-0.7389042994683941,19.06390928447661,12.326166995209544,468.8070177206859,-1.9999682575980806,0.0,0.0
29.95000000000029,-0.3000000056540842,-168.12802842992454,0.0,2.691596912619863,2.691596912619863,-0.7388016518873983,19.07034335113042,12.329832861890715,469.5555978490409,-1.9999689534608174,0.0,0.0
30.00000000000029,-0.30000000565139917,-168.42802843557595,0.0,2.691756384548898,2.691756384548898,-0.7387070566329133,19.07658074368601,12.33343253316055,470.30428129054604,-1.999969634068724,0.0,0.0
30.050000000000292,-0.3000000056375074,-168.72802844121347,0.0,2.691915660357629,2.691915660357629,-0.7386202470061258,19.0826268215003,12.336967092680522,471.0530642932827,-1.9999702997562199,0.0,0.0
30.100000000000293,-0.30000000561293816,-169.0280284468264,0.0,2.692074588711539,2.692074588711539,-0.7385409586090982,19.08848681656599,12.340437608566193,471.8019432075147,-1.9999709508503927,0.0,0.0
30.150000000000293,-0.30000000557824624,-169.32802845240465,0.0,2.6922330251592803,2.6922330251592803,-0.7384689296326038,19.09416583593861,12.343845133587875,472.5509144836352,-1.99997158767116,0.0,0.0
30.200000000000294,-0.30000000553400613,-169.62802845793865,0.0,2.69239083209074,2.69239083209074,-0.7384039011265097,19.09966886413929,12.34719070536767,473.2999746701312,-1.999972210531426,0.0,0.0
30.250000000000295,-0.3000000054808068,-169.92802846341945,0.0,2.692547878678116,2.692547878678116,-0.7383456172528898,19.105000765532793,12.350475346572988,474.0491204115653,-1.9999728197372353,0.0,0.0
30.300000000000296,-0.30000000541924643,-170.2280284688387,0.0,2.692704040801626,2.692704040801626,-0.7382938255221031,19.110166286679828,12.353700065106734,474.79834844657756,-1.9999734155879236,0.0,0.0
30.350000000000296,-0.3000000053499278,-170.5280284741886,0.0,2.692859200961291,2.692859200961291,-0.7382482770121042,19.115170058662898,12.356865854294513,475.54765560590664,-1.9999739983762643,0.0,0.0
30.400000000000297,-0.30000000527345433,-170.82802847946206,0.0,2.693013248176111,2.693013248176111,-0.7382087265712916,19.120016599385565,12.359973693068472,476.29703881043184,-1.9999745683886123,0.0,0.0
30.450000000000298,-0.30000000519042574,-171.12802848465248,0.0,2.693166077871992,2.693166077871992,-0.7381749330052286,19.124710315844027,12.363024546148555,477.046495069237,-1.9999751259050456,0.0,0.0
30.5000000000003,-0.30000000510143515,-171.4280284897539,0.0,2.6933175917596195,2.6933175917596195,-0.7381466592476007,19.129255506370896,12.366019364220769,477.79602147769606,-1.9999756711995016,0.0,0.0
30.5500000000003,-0.3000000050070654,-171.72802849476096,0.0,2.6934676977034577,2.6934676977034577,-0.7381236725157982,19.13365636285073,12.368959084112609,478.54561521558173,-1.999976204539913,0.0,0.0
30.6000000000003,-0.3000000049078868,-172.02802849966886,0.0,2.6936163095829135,2.6936163095829135,-0.7381057444515347,19.13791697290668,12.3718446289663,479.2952735451975,-1.9999767261883383,0.0,0.0
30.6500000000003,-0.3000000048044545,-172.3280285044733,0.0,2.693763347146784,2.693763347146784,-0.7380926512469318,19.142041322058276,12.37467690840905,480.04499380953325,-1.9999772364010915,0.0,0.0
30.7000000000003,-0.3000000046973063,-172.6280285091706,0.0,2.6939087358617995,2.6939087358617995,-0.7380841737565156,19.146033295849747,12.377456818721186,480.7947734304453,-1.9999777354288675,0.0,0.0
30.750000000000302,-0.3000000045869613,-172.92802851375757,0.0,2.694052406756332,2.694052406756332,-0.7380800975955858,19.149896681948803,12.380185243001982,481.5446099068612,-1.9999782235168653,0.0,0.0
30.800000000000303,-0.30000000447391806,-173.2280285182315,0.0,2.694194296259978,2.694194296259978,-0.7380802132254304,19.153635172215672,12.382863051333098,482.29450081300945,-1.9999787009049088,0.0,0.0
30.850000000000303,-0.30000000435865354,-173.52802852259015,0.0,2.694334346039848,2.694334346039848,-0.7380843160258652,19.15725236474219,12.385491100939863,483.0444437966746,-1.9999791678275645,0.0,0.0
30.900000000000304,-0.3000000042416222,-173.82802852683176,0.0,2.694472502834309,2.694472502834309,-0.7380922063555904,19.160751765860596,12.388070236350663,483.79443657747805,-1.9999796245142563,0.0,0.0
30.950000000000305,-0.30000000412325534,-174.12802853095502,0.0,2.6946087182848073,2.6946087182848073,-0.7381036896008528,19.16413679212235,12.390601289554073,484.5444769451844,-1.999980071189379,0.0,0.0
31.000000000000306,-0.3000000040039605,-174.42802853495897,0.0,2.6947429487664616,2.6947429487664616,-0.7381185762129173,19.167410772246626,12.393085080154064,485.2945627580341,-1.999980508072408,0.0,0.0
31.050000000000306,-0.3000000038841213,-174.7280285388431,0.0,2.694875155217947,2.694875155217947,-0.7381366817348407,19.17057694903832,12.395522415523564,486.04469194110226,-1.9999809353780074,0.0,0.0
31.100000000000307,-0.30000000376409725,-175.0280285426072,0.0,2.6950053029712477,2.6950053029712477,-0.7381578268180498,19.1736384812761,12.39791409095583,486.7948624846837,-1.9999813533161352,0.0,0.0
31.150000000000308,-0.30000000364422397,-175.3280285462514,0.0,2.695133361581758,2.695133361581758,-0.7381818372292206,19.176598445569653,12.400260889814357,487.54507244270417,-1.9999817620921472,0.0,0.0
31.20000000000031,-0.30000000352481304,-175.62802854977622,0.0,2.6952593046591775,2.6952593046591775,-0.7382085438479529,19.1794598381872,12.402563583680887,488.2953199311586,-1.9999821619068967,0.0,0.0
31.25000000000031,-0.3000000034061529,-175.92802855318237,0.0,2.695383109699608,2.695383109699608,-0.7382377826557284,19.182225576852375,12.404822932501716,489.04560312657503,-1.9999825529568342,0.0,0.0
31.30000000000031,-0.30000000328850873,-176.2280285564709,0.0,2.6955047579192453,2.6955047579192453,-0.738269394716639,19.184898502511203,12.407039684732535,489.7959202645057,-1.9999829354341034,0.0,0.0
31.35000000000031,-0.30000000317212344,-176.52802855964302,0.0,2.6956242340899856,2.6956242340899856,-0.7383032261503615,19.18748138106912,12.409214577481448,490.54626963804407,-1.9999833095266362,0.0,0.0
31.40000000000031,-0.3000000030572179,-176.82802856270024,0.0,2.695741526377287,2.695741526377287,-0.73833912809785,19.18997690509792,12.411348336650692,491.29664959636864,-1.9999836754182438,0.0,0.0
31.450000000000312,-0.30000000294399215,-177.12802856564423,0.0,2.695856626180518,2.695856626180518,-0.7383769566802064,19.192387695513162,12.413441677076694,492.0470585433128,-1.9999840332887089,0.0,0.0
31.500000000000313,-0.3000000028326257,-177.42802856847686,0.0,2.6959695279760623,2.6959695279760623,-0.7384165729511818,19.19471630322198,12.415495302668647,492.79749493596097,-1.9999843833138722,0.0,0.0
31.550000000000313,-0.3000000027232784,-177.72802857120013,0.0,2.6960802291634116,2.6960802291634116,-0.7384578428437499,19.196965210741496,12.417509906545751,493.547957283271,-1.99998472566572,0.0,0.0
31.600000000000314,-0.3000000026160918,-178.02802857381621,0.0,2.6961887299144243,2.6961887299144243,-0.7385006371111857,19.19913683378803,12.419486171173038,494.2984441447224,-1.9999850605124678,0.0,0.0
31.650000000000315,-0.30000000251118925,-178.3280285763274,0.0,2.6962950330259043,2.6962950330259043,-0.7385448312630666,19.20123352283747,12.421424768495623,495.04895412899043,-1.9999853880186442,0.0,0.0
31.700000000000315,-0.30000000240867736,-178.62802857873606,0.0,2.696399143775685,2.696399143775685,-0.7385903054966058,19.203257564656724,12.423326360071837,495.7994858926459,-1.9999857083451702,0.0,0.0
31.750000000000316,-0.3000000023086469,-178.9280285810447,0.0,2.6965010697822893,2.6965010697822893,-0.7386369446237129,19.205211183806796,12.425191597204988,496.5500381388804,-1.9999860216494396,0.0,0.0
31.800000000000317,-0.3000000022111732,-179.22802858325588,0.0,2.696600820868319,2.696600820868319,-0.7386846379941643,19.207096544117803,12.42702112107372,497.30060961625674,-1.9999863280853956,0.0,0.0
31.850000000000318,-0.3000000021163176,-179.5280285853722,0.0,2.6966984089276353,2.6966984089276353,-0.7387332794152539,19.20891575013559,12.428815562861143,498.0511991174847,-1.9999866278036065,0.0,0.0
31.90000000000032,-0.30000000202412835,-179.82802858739632,0.0,2.696793847796384,2.696793847796384,-0.7387827670682804,19.210670848541042,12.43057554388284,498.8018054782216,-1.99998692095134,0.0,0.0
31.95000000000032,-0.3000000019346411,-180.12802858933097,0.0,2.6968871531279697,2.6968871531279697,-0.7388330034222151,19.212363829541744,12.4323016757133,499.55242757589696,-1.9999872076726353,0.0,0.0
32.00000000000032,-0.30000000184788,-180.42802859117884,0.0,2.696978342271911,2.696978342271911,-0.7388838951448788,19.213996628236544,12.433994560311612,500.3030643285625,-1.999987488108374,0.0,0.0
32.05000000000032,-0.30000000176385866,-180.7280285929427,0.0,2.697067434156753,2.697067434156753,-0.7389353530119451,19.21557112595343,12.435654790145541,501.0537146937655,-1.9999877623963491,0.0,0.0
32.100000000000314,-0.30000000168258084,-181.02802859462528,0.0,2.697154449176904,2.697154449176904,-0.7389872918140733,19.217089151560685,12.437282948314563,501.80437766744615,-1.9999880306713331,0.0,0.0
32.15000000000031,-0.3000000016040413,-181.32802859622933,0.0,2.6972394090834397,2.6972394090834397,-0.7390396302624562,19.21855248275193,12.438879608671796,502.5550522828587,-1.9999882930651438,0.0,0.0
32.20000000000031,-0.3000000015282265,-181.62802859775755,0.0,2.6973223368789307,2.6973223368789307,-0.7390922908930642,19.219962847305226,12.440445335944766,503.3057376095159,-1.9999885497067096,0.0,0.0
32.250000000000306,-0.3000000014551156,-181.92802859921267,0.0,2.697403256716161,2.697403256716161,-0.7391451999698411,19.221321924316726,12.441980685854867,504.0564327521564,-1.999988800722132,0.0,0.0
32.3000000000003,-0.30000000138468075,-182.22802860059736,0.0,2.697482193800778,2.697482193800778,-0.7391982873871059,19.222631345408786,12.443486205235944,504.8071368497348,-1.9999890462347485,0.0,0.0
32.3500000000003,-0.3000000013168882,-182.52802860191423,0.0,2.6975591742978184,2.6975591742978184,-0.7392514865713928,19.22389269591355,12.444962432151497,505.5578490744341,-1.9999892863651925,0.0,0.0
32.4000000000003,-0.30000000125169873,-182.82802860316593,0.0,2.6976342252420533,2.6976342252420533,-0.7393047343829527,19.225107516031642,12.446409896010945,506.3085686307008,-1.999989521231453,0.0,0.0
32.450000000000294,-0.3000000011890682,-183.128028604355,0.0,2.6977073744520963,2.6977073744520963,-0.7393579710171272,19.226277301966718,12.447829117684751,507.0592947543011,-1.9999897509489324,0.0,0.0
32.50000000000029,-0.30000000112894837,-183.42802860548395,0.0,2.6977786504482295,2.6977786504482295,-0.7394111399057907,19.227403507036115,12.449220609618514,507.81002671139925,-1.9999899756305033,0.0,0.0
32.55000000000029,-0.30000000107128716,-183.72802860655523,0.0,2.6978480823738953,2.6978480823738953,-0.7394641876190484,19.228487542758046,12.45058487594579,508.5607637976566,-1.9999901953865638,0.0,0.0
32.600000000000286,-0.30000000101602947,-184.02802860757126,0.0,2.697915699920717,2.697915699920717,-0.7395170637673613,19.229530779915365,12.451922412600052,509.311505337352,-1.9999904103250916,0.0,0.0
32.65000000000028,-0.30000000096311735,-184.32802860853437,0.0,2.697981533257069,2.697981533257069,-0.7395697209042603,19.230534549596598,12.453233707425516,510.0622506825226,-1.9999906205516977,0.0,0.0
32.70000000000028,-0.30000000091249074,-184.62802860944686,0.0,2.6980456129600565,2.6980456129600565,-0.7396221144298031,19.231500144214465,12.454519240286782,510.81299921212457,-1.9999908261696777,0.0,0.0
32.75000000000028,-0.3000000008640876,-184.92802861031095,0.0,2.698107969950814,2.698107969950814,-0.7396742024949076,19.23242881850217,12.455779483177668,511.5637503312146,-1.9999910272800627,0.0,0.0
32.800000000000274,-0.3000000008178446,-185.2280286111288,0.0,2.698168635433114,2.698168635433114,-0.7397259459066969,19.233321790487878,12.45701490032876,512.31450347015,-1.9999912239816693,0.0,0.0
32.85000000000027,-0.3000000007736972,-185.5280286119025,0.0,2.698227640835106,2.698227640835106,-0.7397773080349717,19.234180242447678,12.458225948313974,513.065258083809,-1.9999914163711472,0.0,0.0
32.90000000000027,-0.3000000007315802,-185.82802861263409,0.0,2.6982850177541855,2.6982850177541855,-0.7398282547199183,19.235005321837548,12.459413076156354,513.8160136508293,-1.9999916045430277,0.0,0.0
32.950000000000266,-0.30000000069142785,-186.1280286133255,0.0,2.6983407979048386,2.6983407979048386,-0.7398787541811551,19.235798142204374,12.46057672543245,514.5667696728659,-1.99999178858977,0.0,0.0
33.00000000000026,-0.3000000006531742,-186.42802861397868,0.0,2.6983950130693994,2.6983950130693994,-0.7399287769282039,19.236559784076576,12.461717330375741,515.3175256738666,-1.999991968601806,0.0,0.0
33.05000000000026,-0.30000000061675364,-186.72802861459544,0.0,2.6984476950516427,2.6984476950516427,-0.7399782956724702,19.23729129583478,12.462835317979351,516.0682811993662,-1.9999921446675852,0.0,0.0
33.10000000000026,-0.3000000005821004,-187.02802861517753,0.0,2.6984988756331147,2.6984988756331147,-0.7400272852408055,19.23799369456242,12.463931108097478,516.8190358157979,-1.9999923168736182,0.0,0.0
33.150000000000254,-0.30000000054914966,-187.32802861572668,0.0,2.6985485865320964,2.6985485865320964,-0.7400757224907163,19.2386679668773,12.465005113545722,517.569789109822,-1.999992485304519,0.0,0.0
33.20000000000025,-0.300000000517837,-187.6280286162445,0.0,2.6985968593651064,2.6985968593651064,-0.7401235862272763,19.23931506974384,12.466057740200691,518.3205406876721,-1.999992650043047,0.0,0.0
33.25000000000025,-0.3000000004880989,-187.9280286167326,0.0,2.6986437256108853,2.6986437256108853,-0.7401708571217936,19.2399359312667,12.4670893870985,519.0712901745178,-1.9999928111701466,0.0,0.0
33.300000000000246,-0.3000000004598729,-188.22802861719248,0.0,2.698689216576771,2.698689216576771,-0.7402175176322771,19.240531451465927,12.468100446532006,519.8220372138435,-1.9999929687649887,0.0,0.0
33.35000000000024,-0.3000000004330976,-188.52802861762558,0.0,2.6987333633673174,2.6987333633673174,-0.7402635519257346,19.241102503034142,12.46909130414764,520.5727814668438,-1.9999931229050079,0.0,0.0
33.40000000000024,-0.3000000004077128,-188.8280286180333,0.0,2.6987761968551336,2.6987761968551336,-0.7403089458023381,19.241649932075973,12.470062339040588,521.3235226118345,-1.9999932736659414,0.0,0.0
33.45000000000024,-0.30000000038365976,-189.12802861841695,0.0,2.6988177476538597,2.6988177476538597,-0.740353686621478,19.24217455882996,12.471013923849291,522.0742603436787,-1.999993421121866,0.0,0.0
33.500000000000234,-0.3000000003608809,-189.42802861877783,0.0,2.6988580460931177,2.6988580460931177,-0.7403977632297258,19.24267717837347,12.471946424849202,522.8249943732288,-1.999993565345235,0.0,0.0
33.55000000000023,-0.3000000003393204,-189.72802861911714,0.0,2.698897122195456,2.698897122195456,-0.7404411658907186,19.24315856131102,12.472860202045002,523.5757244267828,-1.9999937064069129,0.0,0.0
33.60000000000023,-0.30000000031892365,-190.02802861943607,0.0,2.6989350056551245,2.6989350056551245,-0.740483886216976,19.24361945444582,12.47375560926233,524.3264502455551,-1.9999938443762109,0.0,0.0
33.650000000000226,-0.30000000029963786,-190.3280286197357,0.0,2.6989717258186547,2.6989717258186547,-0.7405259171036518,19.244060581435633,12.474632994238359,525.0771715851622,-1.9999939793209207,0.0,0.0
33.70000000000022,-0.3000000002814117,-190.62802862001712,0.0,2.699007311667116,2.699007311667116,-0.7405672526642211,19.244482643432207,12.475492698711227,525.8278882151217,-1.999994111307348,0.0,0.0
33.75000000000022,-0.3000000002641955,-190.9280286202813,0.0,2.6990417918000325,2.6990417918000325,-0.7406078881680995,19.244886319705984,12.476335058509068,526.5785999183654,-1.9999942404003448,0.0,0.0
33.80000000000022,-0.30000000024794116,-191.22802862052924,0.0,2.6990751944208204,2.6990751944208204,-0.7406478199801858,19.245272268255007,12.477160403637024,527.3293064907654,-1.999994366663341,0.0,0.0
33.850000000000215,-0.3000000002326023,-191.52802862076186,0.0,2.6991075473237065,2.6991075473237065,-0.7406870455023158,19.24564112639905,12.47796905836472,528.0800077406738,-1.999994490158377,0.0,0.0
33.90000000000021,-0.3000000002181342,-191.82802862098,0.0,2.6991388778820937,2.6991388778820937,-0.7407255631166169,19.24599351135953,12.478761341311458,528.8307034884746,-1.9999946109461322,0.0,0.0
33.95000000000021,-0.3000000002044937,-192.1280286211845,0.0,2.6991692130381977,2.6991692130381977,-0.7407633721307404,19.246330020824757,12.47953756553142,529.581393566149,-1.999994729085956,0.0,0.0
34.000000000000206,-0.3000000001916393,-192.42802862137614,0.0,2.699198579294018,2.699198579294018,-0.740800472724957,19.24665123350121,12.480298038597189,530.3320778168521,-1.9999948446358973,0.0,0.0
34.0500000000002,-0.30000000017953116,-192.72802862155567,0.0,2.699227002703452,2.699227002703452,-0.7408368659010874,19.246957709651156,12.481043062682819,531.082756094502,-1.9999949576527314,0.0,0.0
34.1000000000002,-0.3000000001681309,-193.0280286217238,0.0,2.699254508865607,2.699254508865607,-0.7408725534332491,19.247249991616854,12.481772934645932,531.8334282633805,-1.9999950681919898,0.0,0.0
34.1500000000002,-0.30000000015740175,-193.3280286218812,0.0,2.699281122919161,2.699281122919161,-0.7409075378203871,19.24752860433182,12.482487946108545,532.5840941977457,-1.9999951763079864,0.0,0.0
34.200000000000195,-0.30000000014730854,-193.62802862202852,0.0,2.6993068695377427,2.6993068695377427,-0.7409418222405636,19.247794055818645,12.483188383537456,533.3347537814552,-1.9999952820538445,0.0,0.0
34.25000000000019,-0.3000000001378175,-193.92802862216635,0.0,2.6993317729262785,2.6993317729262785,-0.7409754105069741,19.248046837674906,12.48387452832299,534.0854069076005,-1.9999953854815224,0.0,0.0
34.30000000000019,-0.30000000012889644,-194.22802862229526,0.0,2.699355856818263,2.699355856818263,-0.7410083070256601,19.248287425546096,12.48454665685755,534.8360534781519,-1.99999548664184,0.0,0.0
34.350000000000186,-0.3000000001205144,-194.52802862241577,0.0,2.6993791444738426,2.6993791444738426,-0.741040516754882,19.248516279586966,12.485205040613147,535.5866934036148,-1.9999955855845024,0.0,0.0
34.40000000000018,-0.3000000001126421,-194.82802862252842,0.0,2.6994016586787577,2.6994016586787577,-0.7410720451661227,19.24873384491093,12.485849946217494,536.3373266026946,-1.9999956823581257,0.0,0.0
34.45000000000018,-0.30000000010525135,-195.12802862263368,0.0,2.6994234217439823,2.6994234217439823,-0.741102898206682,19.248940552027875,12.486481635529586,537.0879530019728,-1.99999577701026,0.0,0.0
34.50000000000018,-0.30000000009831534,-195.428028622732,0.0,2.699444455506111,2.699444455506111,-0.7411330822638293,19.24913681727037,12.48710036571437,537.8385725355924,-1.9999958695874132,0.0,0.0
34.550000000000175,-0.30000000009180866,-195.7280286228238,0.0,2.6994647813283628,2.6994647813283628,-0.7411626041304755,19.249323043209415,12.487706389316466,538.5891851449531,-1.9999959601350727,0.0,0.0
34.60000000000017,-0.300000000085707,-196.02802862290952,0.0,2.6994844201022525,2.6994844201022525,-0.7411914709723282,19.249499619058952,12.488299954332932,539.3397907784149,-1.9999960486977302,0.0,0.0
34.65000000000017,-0.3000000000799872,-196.3280286229895,0.0,2.699503392249781,2.699503392249781,-0.7412196902964915,19.249666921070116,12.488881304285288,540.0903893910119,-1.9999961353189009,0.0,0.0
34.700000000000166,-0.30000000007462735,-196.62802862306413,0.0,2.6995217177262028,2.6995217177262028,-0.7412472699214743,19.24982531291471,12.489450678290305,540.8409809441738,-1.9999962200411463,0.0,0.0
34.75000000000016,-0.3000000000696066,-196.92802862313374,0.0,2.699539416023243,2.699539416023243,-0.7412742179485655,19.249975146059,12.490008311130545,541.5915654054572,-1.9999963029060952,0.0,0.0
34.80000000000016,-0.3000000000649052,-197.22802862319864,0.0,2.699556506172813,2.699556506172813,-0.7413005427345412,19.25011676012764,12.490554433323162,542.3421427482842,-1.9999963839544634,0.0,0.0
34.85000000000016,-0.30000000006050426,-197.52802862325913,0.0,2.6995730067511223,2.6995730067511223,-0.7413262528656634,19.250250483257332,12.491089271188795,543.0927129516897,-1.9999964632260747,0.0,0.0
34.900000000000155,-0.30000000005638605,-197.82802862331553,0.0,2.699588935883183,2.699588935883183,-0.7413513571329329,19.250376632442112,12.491613046918605,543.8432760000765,-1.9999965407598792,0.0,0.0
34.95000000000015,-0.30000000005253374,-198.12802862336807,0.0,2.6996043112476635,2.6996043112476635,-0.7413758645085567,19.25049551386826,12.492125978641601,544.5938318829785,-1.9999966165939733,0.0,0.0
35.00000000000015,-0.30000000004893135,-198.428028623417,0.0,2.6996191500820848,2.6996191500820848,-0.741399784123595,19.250607423241377,12.492628280489734,545.3443805948311,-1.9999966907656186,0.0,0.0
35.050000000000146,-0.30000000004556376,-198.72802862346256,0.0,2.699633469188287,2.699633469188287,-0.7414231252467456,19.25071264610358,12.49312016266355,546.0949221347491,-1.9999967633112596,0.0,0.0
35.10000000000014,-0.30000000004241667,-199.02802862350498,0.0,2.6996472849381834,2.6996472849381834,-0.7414458972642335,19.250811458143062,12.493601831495681,546.8454565063116,-1.9999968342665417,0.0,0.0
35.15000000000014,-0.3000000000394766,-199.32802862354447,0.0,2.6996606132797405,2.6996606132797405,-0.7414681096607639,19.250904125494458,12.494073489514806,547.5959837173544,-1.9999969036663292,0.0,0.0
35.20000000000014,-0.30000000003673083,-199.6280286235812,0.0,2.6996734697431894,2.6996734697431894,-0.7414897720015061,19.250990905031813,12.494535335507544,548.3465037797689,-1.999996971544722,0.0,0.0
35.250000000000135,-0.30000000003416727,-199.92802862361538,0.0,2.6996858694474053,2.6996858694474053,-0.7415108939150692,19.251072044652688,12.494987564580265,549.0970167093071,-1.999997037935072,0.0,0.0
35.30000000000013,-0.30000000003177457,-200.22802862364716,0.0,2.699697827106485,2.699697827106485,-0.7415314850774362,19.251147783555325,12.495430368220248,549.8475225253945,-1.9999971028700008,0.0,0.0
35.35000000000013,-0.3000000000295421,-200.5280286236767,0.0,2.699709357036452,2.699709357036452,-0.7415515551968209,19.25121835250775,12.495863934355159,550.5980212509477,-1.9999971663814142,0.0,0.0
35.40000000000013,-0.30000000002745963,-200.82802862370417,0.0,2.699720473162096,2.699720473162096,-0.7415711139994133,19.251283974109356,12.496288447412594,551.348512912199,-1.9999972285005188,0.0,0.0
35.450000000000124,-0.3000000000255177,-201.12802862372968,0.0,2.699731189023923,2.699731189023923,-0.7415901712159798,19.25134486304546,12.496704088378356,552.0989975385269,-1.999997289257837,0.0,0.0
35.50000000000012,-0.3000000000237074,-201.4280286237534,0.0,2.6997415177851956,2.6997415177851956,-0.741608736569285,19.251401226334906,12.497111034854004,552.8494751622919,-1.999997348683222,0.0,0.0
35.55000000000012,-0.30000000002202026,-201.7280286237754,0.0,2.6997514722390403,2.6997514722390403,-0.7416268197623042,19.251453263570397,12.497509461113939,553.5999458186791,-1.999997406805873,0.0,0.0
35.600000000000115,-0.30000000002044835,-202.02802862379585,0.0,2.699761064815631,2.699761064815631,-0.7416444304671925,19.251501167152355,12.49789953816104,554.3504095455445,-1.9999974636543487,0.0,0.0
35.65000000000011,-0.3000000000189842,-202.32802862381484,0.0,2.6997703075893984,2.6997703075893984,-0.741661578314983,19.251545122516063,12.4982814337821,555.1008663832682,-1.9999975192565818,0.0,0.0
35.70000000000011,-0.3000000000176208,-202.62802862383248,0.0,2.6997792122862725,2.6997792122862725,-0.7416782728859806,19.25158530835256,12.498655312602429,555.8513163746123,-1.9999975736398925,0.0,0.0
35.75000000000011,-0.3000000000163516,-202.92802862384883,0.0,2.69978779029095,2.69978779029095,-0.7416945237008241,19.251621896823167,12.499021336139359,556.6017595645832,-1.9999976268310022,0.0,0.0
35.800000000000104,-0.30000000001517035,-203.228028623864,0.0,2.6997960526541602,2.6997960526541602,-0.7417103402121876,19.251655053768218,12.499379662855288,557.3521960002996,-1.9999976788560467,0.0,0.0
35.8500000000001,-0.30000000001407134,-203.52802862387807,0.0,2.699804010099918,2.699804010099918,-0.741725731797093,19.251684938909193,12.499730448209958,558.1026257308653,-1.9999977297405886,0.0,0.0
35.9000000000001,-0.300000000013049,-203.82802862389113,0.0,2.699811673032774,2.699811673032774,-0.7417407077498067,19.251711706045853,12.500073844711908,558.8530488072457,-1.9999977795096304,0.0,0.0
35.950000000000095,-0.3000000000120983,-204.12802862390322,0.0,2.6998190515450258,2.6998190515450258,-0.7417552772752948,19.251735503247232,12.500410001969097,559.6034652821501,-1.999997828187626,0.0,0.0
36.00000000000009,-0.30000000001121446,-204.42802862391443,0.0,2.69982615542389,2.69982615542389,-0.7417694494832093,19.251756473037176,12.500739066738948,560.3538752099167,-1.999997875798494,0.0,0.0
36.05000000000009,-0.30000000001039295,-204.7280286239248,0.0,2.6998329941586454,2.6998329941586454,-0.7417832333823836,19.25177475257476,12.50106118297789,561.104278646404,-1.9999979223656277,0.0,0.0
36.10000000000009,-0.30000000000962956,-205.02802862393443,0.0,2.699839576947702,2.699839576947702,-0.7417966378758099,19.251790473829374,12.50137649188931,561.854675648884,-1.9999979679119082,0.0,0.0
36.150000000000084,-0.3000000000089204,-205.32802862394334,0.0,2.6998459127056282,2.6998459127056282,-0.7418096717560778,19.25180376375033,12.501685131972192,562.6050662759412,-1.9999980124597148,0.0,0.0
36.20000000000008,-0.30000000000826177,-205.6280286239516,0.0,2.6998520100701002,2.6998520100701002,-0.7418223437012506,19.25181474443241,12.501987239067551,563.3554505873743,-1.9999980560309363,0.0,0.0
36.25000000000008,-0.30000000000765015,-205.92802862395925,0.0,2.699857877408778,2.699857877408778,-0.7418346622711564,19.25182353327557,12.50228294640532,564.1058286441024,-1.9999980986469814,0.0,0.0
36.300000000000075,-0.3000000000070824,-206.22802862396634,0.0,2.69986352282612,2.69986352282612,-0.7418466359040755,19.251830243140716,12.50257238465004,564.8562005080745,-1.9999981403287899,0.0,0.0
36.35000000000007,-0.30000000000655547,-206.5280286239729,0.0,2.6998689541700833,2.6998689541700833,-0.7418582729138015,19.251834982500554,12.502855681945894,565.6065662421826,-1.9999981810968421,0.0,0.0
36.40000000000007,-0.3000000000060665,-206.82802862397895,0.0,2.699874179038777,2.699874179038777,-0.7418695814870568,19.251837855585904,12.503132963961134,566.3569259101781,-1.9999982209711695,0.0,0.0
36.45000000000007,-0.30000000000561294,-207.12802862398456,0.0,2.6998792047869773,2.6998792047869773,-0.7418805696812452,19.251838962527927,12.50340435393177,567.107279576592,-1.9999982599713648,0.0,0.0
36.500000000000064,-0.3000000000051922,-207.42802862398975,0.0,2.69988403853259,2.69988403853259,-0.741891245422521,19.25183839949591,12.503669972704838,567.8576273066575,-1.9999982981165907,0.0,0.0
36.55000000000006,-0.30000000000480215,-207.72802862399456,0.0,2.699888687162987,2.699888687162987,-0.7419016165041594,19.251836258831077,12.503929938780548,568.6079691662366,-1.99999833542559,0.0,0.0
36.60000000000006,-0.30000000000444055,-208.028028623999,0.0,2.699893157341247,2.699893157341247,-0.7419116905852084,19.251832629176306,12.504184368354382,569.358305221749,-1.9999983719166945,0.0,0.0
36.650000000000055,-0.30000000000410537,-208.3280286240031,0.0,2.699897455512304,2.699897455512304,-0.7419214751894095,19.251827595602094,12.504433375357989,570.1086355401047,-1.9999984076078343,0.0,0.0
36.70000000000005,-0.30000000000379484,-208.6280286240069,0.0,2.6999015879089687,2.6999015879089687,-0.7419309777043683,19.251821239728315,12.504677071499652,570.8589601886385,-1.9999984425165465,0.0,0.0
36.75000000000005,-0.30000000000350713,-208.9280286240104,0.0,2.6999055605578626,2.6999055605578626,-0.741940205380962,19.251813639842794,12.50491556630461,571.6092792350483,-1.9999984766599834,0.0,0.0
36.80000000000005,-0.3000000000032406,-209.22802862401366,0.0,2.6999093792852302,2.6999093792852302,-0.7419491653329687,19.251804871016134,12.505148967153751,572.359592747335,-1.9999985100549218,0.0,0.0
36.850000000000044,-0.3000000000029938,-209.52802862401666,0.0,2.6999130497226393,2.6999130497226393,-0.7419578645369052,19.251795005212784,12.505377379322647,573.1099007937457,-1.9999985427177702,0.0,0.0
36.90000000000004,-0.30000000000276533,-209.82802862401942,0.0,2.6999165773125795,2.6999165773125795,-0.7419663098320582,19.251784111399047,12.505600906019493,573.8602034427196,-1.9999985746645776,0.0,0.0
36.95000000000004,-0.3000000000025538,-210.12802862402197,0.0,2.69991996731394,2.69991996731394,-0.7419745079206999,19.251772255647552,12.505819648422625,574.6105007628352,-1.9999986059110413,0.0,0.0
37.000000000000036,-0.30000000000235805,-210.42802862402434,0.0,2.699923224807373,2.699923224807373,-0.7419824653684708,19.25175950123878,12.506033705717076,575.360792822761,-1.9999986364725142,0.0,0.0
37.05000000000003,-0.30000000000217697,-210.7280286240265,0.0,2.6999263547005534,2.6999263547005534,-0.7419901886049243,19.251745908758835,12.506243175131432,576.1110796912084,-1.999998666364013,0.0,0.0
37.10000000000003,-0.3000000000020094,-211.0280286240285,0.0,2.6999293617333113,2.6999293617333113,-0.7419976839242153,19.251731536195166,12.506448151972863,576.8613614368853,-1.999998695600225,0.0,0.0
37.15000000000003,-0.3000000000018544,-211.32802862403037,0.0,2.6999322504826653,2.6999322504826653,-0.742004957485928,19.251716439028314,12.506648729662853,577.6116381284543,-1.9999987241955153,0.0,0.0
37.200000000000024,-0.3000000000017111,-211.62802862403208,0.0,2.699935025367731,2.699935025367731,-0.7420120153160289,19.251700670321497,12.506844999771307,578.3619098344903,-1.9999987521639344,0.0,0.0
37.25000000000002,-0.3000000000015786,-211.92802862403366,0.0,2.699937690654524,2.699937690654524,-0.7420188633079375,19.251684280807012,12.507037052050828,579.1121766234425,-1.9999987795192247,0.0,0.0
37.30000000000002,-0.30000000000145616,-212.22802862403512,0.0,2.699940250460647,2.699940250460647,-0.7420255072237046,19.251667318970135,12.50722497447006,579.862438563596,-1.9999988062748273,0.0,0.0
37.350000000000016,-0.30000000000134297,-212.52802862403647,0.0,2.699942708759867,2.699942708759867,-0.7420319526952894,19.25164983113018,12.507408853246769,580.6126957230377,-1.9999988324438887,0.0,0.0
37.40000000000001,-0.30000000000123833,-212.8280286240377,0.0,2.699945069386585,2.699945069386585,-0.742038205225928,19.251631861519172,12.507588772879986,581.3629481696217,-1.9999988580392671,0.0,0.0
37.45000000000001,-0.30000000000114174,-213.12802862403885,0.0,2.6999473360401893,2.6999473360401893,-0.7420442701915841,19.2516134523579,12.507764816181982,582.1131959709377,-1.9999988830735391,0.0,0.0
37.50000000000001,-0.3000000000010525,-213.4280286240399,0.0,2.699949512289303,2.699949512289303,-0.7420501528424752,19.251594643929707,12.507937064309727,582.8634391942809,-1.9999989075590052,0.0,0.0
37.550000000000004,-0.30000000000097005,-213.7280286240409,0.0,2.6999516015759313,2.6999516015759313,-0.742055858304667,19.251575474651645,12.508105596795493,583.6136779066234,-1.9999989315076965,0.0,0.0
37.6,-0.30000000000089394,-214.02802862404178,0.0,2.6999536072194905,2.6999536072194905,-0.7420613915817297,19.25155598114361,12.508270491577111,584.3639121745869,-1.9999989549313801,0.0,0.0
37.65,-0.30000000000082366,-214.32802862404262,0.0,2.699955532420741,2.699955532420741,-0.7420667575564482,19.251536198294957,12.508431825028248,585.1141420644175,-1.9999989778415654,0.0,0.0
37.699999999999996,-0.30000000000075877,-214.62802862404337,0.0,2.6999573802656145,2.6999573802656145,-0.7420719609925828,19.251516159329526,12.508589671987014,585.8643676419612,-1.9999990002495094,0.0,0.0
37.74999999999999,-0.30000000000069893,-214.92802862404406,0.0,2.6999591537289365,2.6999591537289365,-0.742077006536671,19.25149589586772,12.508744105785308,586.6145889726412,-1.9999990221662223,0.0,0.0
37.79999999999999,-0.3000000000006437,-215.2280286240447,0.0,2.699960855678057,2.699960855678057,-0.7420818987198694,19.251475437987438,12.508895198277173,587.3648061214369,-1.999999043602473,0.0,0.0
37.84999999999999,-0.30000000000059274,-215.52802862404528,0.0,2.6999624888763716,2.6999624888763716,-0.7420866419598267,19.251454814282397,12.50904301986615,588.1150191528633,-1.9999990645687944,0.0,0.0
37.899999999999984,-0.3000000000005457,-215.82802862404583,0.0,2.6999640559867513,2.6999640559867513,-0.7420912405625849,19.251434051918636,12.509187639533133,588.8652281309522,-1.9999990850754883,0.0,0.0
37.94999999999998,-0.3000000000005024,-216.12802862404632,0.0,2.699965559574876,2.699965559574876,-0.7420956987245044,19.251413176689425,12.509329124863289,589.615433119235,-1.9999991051326307,0.0,0.0
37.99999999999998,-0.30000000000046245,-216.4280286240468,0.0,2.6999670021124804,2.6999670021124804,-0.7421000205342071,19.251392213068243,12.50946754207211,590.3656341807255,-1.9999991247500768,0.0,0.0
38.049999999999976,-0.3000000000004256,-216.72802862404723,0.0,2.699968385980489,2.699968385980489,-0.742104209974535,19.25137118425971,12.509602956032069,591.1158313779048,-1.9999991439374656,0.0,0.0
38.09999999999997,-0.3000000000003916,-217.0280286240476,0.0,2.6999697134720875,2.6999697134720875,-0.7421082709245203,19.251350112249497,12.509735430297644,591.8660247727072,-1.9999991627042248,0.0,0.0
38.14999999999997,-0.3000000000003603,-217.32802862404796,0.0,2.6999709867956856,2.6999709867956856,-0.7421122071613628,19.251329017851617,12.509865027130598,592.6162144265064,-1.9999991810595759,0.0,0.0
38.19999999999997,-0.30000000000033145,-217.62802862404828,0.0,2.6999722080777957,2.6999722080777957,-0.742116022362412,19.251307920754925,12.509991807524822,593.3664004001034,-1.9999991990125374,0.0,0.0
38.249999999999964,-0.30000000000030486,-217.92802862404858,0.0,2.6999733793658383,2.6999733793658383,-0.7421197201071497,19.25128683956791,12.5101158312306,594.1165827537153,-1.999999216571931,0.0,0.0
38.29999999999996,-0.3000000000002804,-218.22802862404885,0.0,2.699974502630851,2.699974502630851,-0.7421233038791716,19.251265791861556,12.510237156778317,594.8667615469644,-1.9999992337463843,0.0,0.0
38.34999999999996,-0.30000000000025784,-218.5280286240491,0.0,2.699975579770124,2.699975579770124,-0.7421267770681651,19.251244794211175,12.510355841502028,595.616936838869,-1.9999992505443362,0.0,0.0
38.399999999999956,-0.3000000000002371,-218.82802862404935,0.0,2.6999766126097517,2.6999766126097517,-0.742130142971879,19.251223862236657,12.510471941562324,596.3671086878344,-1.9999992669740403,0.0,0.0
38.44999999999995,-0.3000000000002179,-219.12802862404956,0.0,2.6999776029071114,2.6999776029071114,-0.7421334047980852,19.251203010641234,12.510585511969373,597.117277151645,-1.9999992830435693,0.0,0.0
38.49999999999995,-0.30000000000020033,-219.42802862404977,0.0,2.699978552353259,2.699978552353259,-0.7421365656665283,19.25118225324934,12.510696606604482,597.8674422874572,-1.9999992987608193,0.0,0.0
38.54999999999995,-0.3000000000001841,-219.72802862404995,0.0,2.699979462575261,2.699979462575261,-0.7421396286108628,19.251161603042306,12.510805278242723,598.6176041517928,-1.9999993141335128,0.0,0.0
38.599999999999945,-0.3000000000001692,-220.02802862405014,0.0,2.6999803351384415,2.6999803351384415,-0.7421425965805739,19.25114107219406,12.510911578573795,599.3677628005335,-1.9999993291692033,0.0,0.0
38.64999999999994,-0.3000000000001555,-220.3280286240503,0.0,2.6999811715485684,2.6999811715485684,-0.7421454724428826,19.25112067210432,12.511015558223182,600.1179182889155,-1.9999993438752786,0.0,0.0
38.69999999999994,-0.3000000000001428,-220.62802862405044,0.0,2.699981973253968,2.699981973253968,-0.7421482589846323,19.251100413431345,12.511117266773368,600.8680706715256,-1.9999993582589646,0.0,0.0
38.749999999999936,-0.3000000000001312,-220.92802862405057,0.0,2.6999827416475712,2.6999827416475712,-0.7421509589141548,19.25108030612364,12.511216752783513,601.6182200022971,-1.9999993723273288,0.0,0.0
38.79999999999993,-0.3000000000001205,-221.2280286240507,0.0,2.699983478068893,2.699983478068893,-0.7421535748631163,19.25106035944998,12.511314063809897,602.3683663345066,-1.9999993860872838,0.0,0.0
38.84999999999993,-0.3000000000001107,-221.5280286240508,0.0,2.6999841838059533,2.6999841838059533,-0.74215610938834,19.25104058202885,12.51140924642525,603.1185097207715,-1.9999993995455905,0.0,0.0
38.89999999999993,-0.30000000000010163,-221.8280286240509,0.0,2.6999848600971306,2.6999848600971306,-0.7421585649736067,19.25102098185664,12.511502346238249,603.868650213048,-1.9999994127088618,0.0,0.0
38.949999999999925,-0.3000000000000933,-222.12802862405098,0.0,2.69998550813296,2.69998550813296,-0.7421609440314298,19.25100156633482,12.511593407912232,604.6187878626296,-1.9999994255835656,0.0,0.0
38.99999999999992,-0.3000000000000857,-222.42802862405108,0.0,2.6999861290578657,2.6999861290578657,-0.7421632489048067,19.250982342296084,12.511682475184095,605.3689227201459,-1.9999994381760275,0.0,0.0
39.04999999999992,-0.30000000000007865,-222.72802862405115,0.0,2.699986723971844,2.699986723971844,-0.7421654818689424,19.250963316030038,12.511769590882055,606.119054835562,-1.9999994504924354,0.0,0.0
39.099999999999916,-0.3000000000000722,-223.02802862405122,0.0,2.6999872939320833,2.6999872939320833,-0.7421676451329482,19.250944493307088,12.511854796944023,606.8691842581788,-1.9999994625388406,0.0,0.0
39.14999999999991,-0.30000000000006627,-223.32802862405129,0.0,2.69998783995454,2.69998783995454,-0.742169740841513,19.25092587940219,12.511938134434939,607.6193110366329,-1.9999994743211624,0.0,0.0
39.19999999999991,-0.3000000000000608,-223.62802862405135,0.0,2.6999883630154473,2.6999883630154473,-0.7421717710765459,19.250907479117586,12.512019643564273,608.3694352188975,-1.99999948584519,0.0,0.0
39.24999999999991,-0.3000000000000558,-223.92802862405142,0.0,2.6999888640527905,2.6999888640527905,-0.7421737378587919,19.250889296804417,12.512099363702756,609.1195568522835,-1.9999994971165858,0.0,0.0
39.299999999999905,-0.30000000000005117,-224.22802862405146,0.0,2.699989343967715,2.699989343967715,-0.7421756431494191,19.250871336383852,12.512177333398933,609.8696759834411,-1.999999508140888,0.0,0.0
39.3499999999999,-0.30000000000004695,-224.5280286240515,0.0,2.699989803625901,2.699989803625901,-0.7421774888515764,19.250853601366998,12.51225359039597,610.6197926583616,-1.9999995189235134,0.0,0.0
39.3999999999999,-0.30000000000004307,-224.82802862405154,0.0,2.6999902438588816,2.6999902438588816,-0.7421792768119234,19.2508360948749,12.512328171647173,611.3699069223794,-1.9999995294697601,0.0,0.0
39.449999999999896,-0.3000000000000395,-225.12802862405158,0.0,2.6999906654653203,2.6999906654653203,-0.74218100882213,19.250818819656843,12.5124011133321,612.120018820175,-1.99999953978481,0.0,0.0
39.49999999999989,-0.30000000000003624,-225.42802862405162,0.0,2.6999910692122446,2.6999910692122446,-0.7421826866203478,19.250801778108553,12.512472450871908,612.8701283957773,-1.9999995498737315,0.0,0.0
39.54999999999989,-0.30000000000003324,-225.72802862405166,0.0,2.6999914558362335,2.6999914558362335,-0.742184311892652,19.25078497228958,12.512542218944423,613.620235692567,-1.999999559741482,0.0,0.0
39.59999999999989,-0.30000000000003046,-226.0280286240517,0.0,2.699991826044566,2.699991826044566,-0.7421858862744534,19.2507684039399,12.512610451499134,614.3703407532797,-1.9999995693929096,0.0,0.0
39.649999999999885,-0.3000000000000279,-226.32802862405174,0.0,2.6999921805163307,2.6999921805163307,-0.7421874113518822,19.250752074496063,12.51267718177175,615.12044362001,-1.999999578832757,0.0,0.0
39.69999999999988,-0.3000000000000256,-226.62802862405175,0.0,2.699992519903494,2.699992519903494,-0.7421888886631417,19.250735985106417,12.512742442298586,615.8705443342146,-1.9999995880656622,0.0,0.0
39.74999999999988,-0.30000000000002347,-226.92802862405176,0.0,2.6999928448319315,2.6999928448319315,-0.7421903196998336,19.250720136646237,12.51280626493068,616.6206429367174,-1.9999995970961622,0.0,0.0
39.799999999999876,-0.3000000000000215,-227.22802862405177,0.0,2.699993155902425,2.699993155902425,-0.7421917059082539,19.25070452973182,12.512868680847397,617.370739467713,-1.9999996059286937,0.0,0.0
39.84999999999987,-0.3000000000000197,-227.52802862405179,0.0,2.699993453691617,2.699993453691617,-0.7421930486906603,19.250689164734126,12.512929720570213,618.1208339667711,-1.999999614567597,0.0,0.0
39.89999999999987,-0.3000000000000181,-227.8280286240518,0.0,2.699993738752943,2.699993738752943,-0.7421943494065111,19.250674041792195,12.512989413975953,618.8709264728421,-1.9999996230171164,0.0,0.0
39.94999999999987,-0.30000000000001653,-228.1280286240518,0.0,2.699994011617519,2.699994011617519,-0.7421956093736755,19.250659160825535,12.513047790309622,619.6210170242612,-1.9999996312814041,0.0,0.0
39.999999999999865,-0.30000000000001514,-228.42802862405182,0.0,2.6999942727950033,2.6999942727950033,-0.7421968298696163,19.250644521546292,12.513104878197572,620.3711056587534,-1.9999996393645205,0.0,0.0
40.04999999999986,-0.30000000000001387,-228.72802862405183,0.0,2.6999945227744253,2.6999945227744253,-0.7421980121325449,19.25063012347107,12.513160705659793,621.1211924134394,-1.9999996472704373,0.0,0.0
