episode,reward,train_reward,progress,collision,success,time,steps,mean_u,ego_x0,min_distance,q1_loss,q2_loss,policy_loss,alpha,term_action_smooth,term_collision,term_direction_flip,term_hesitation,term_lane_progress,term_opportunity,term_progress,term_reverse_progress,term_safety,term_success,term_time,term_timeout
1,208.80339886889084,4.176067977377818,0.9503357296707309,0.0,1.0,7.149999999999983,143,1.526749808054704,22.0,2.322349626185516,0.6300877332687378,0.5938365459442139,-1.0629456043243408,0.9984013438224792,-7.049168444831738,0.0,-3.0,-7.534349956687356,6.019139854279908,66.28247767832613,171.7531585525081,-0.30787876078957055,-443.1495499810546,428.50000000000017,-2.7104300728600443,0.0
2,-116.63617410820137,-2.3327234821640204,0.9531872616288362,0.0,1.0,12.35000000000004,247,1.4859325642045211,22.0,3.540060701818275,0.3068072497844696,0.3001531958580017,-2.0092740058898926,0.9740655422210693,-15.516686398659363,0.0,-6.0,-18.580263110617125,7.360281285219664,97.38625654616874,270.3271744012832,-43.89042991470787,-778.0226475594981,376.4999999999996,-6.199859357390169,0.0
3,209.70623993525885,4.194124798705174,0.9501472849471242,0.0,1.0,7.149999999999983,143,1.5713808682415036,22.0,2.324039998359962,0.23674045503139496,0.23162394762039185,-2.407362937927246,0.9602277874946594,-9.535787142949417,0.0,-3.0,-7.538323683258849,6.016361884383751,66.27596236824188,171.69231380988913,-0.29591223084745266,-439.69655601239225,428.50000000000017,-2.7118190578081243,0.0
4,-1016.3321512550137,-20.32664302510028,0.9541321198397243,0.0,1.0,11.60000000000003,232,1.4764541093388508,22.0,2.983946438730049,0.21045255661010742,0.2049652487039566,-2.9562954902648926,0.9381908774375916,-13.035574110269959,0.0,-7.5,-15.588900852137833,8.017917550666468,107.12569301562922,267.27684759118233,-42.459140453347516,-1698.8979527720696,383.9999999999997,-5.271041224666758,0.0
5,199.99566981267742,3.9999133962535467,0.9511702322296358,0.0,1.0,7.099999999999983,142,1.509339517271015,22.0,2.460350877179531,0.34565022587776184,0.3425828218460083,-3.359255790710449,0.9249661564826965,-9.289664588375016,0.0,-3.0,-7.499388590628409,5.954791314083593,66.26030125046846,171.75337656972889,-0.2412154526197341,-450.23992634702233,429.00000000000017,-2.702604342958205,0.0
6,-3226.534861429957,-64.53069722859917,0.9754074621088933,0.0,1.0,17.30000000000011,346,1.4695969416916026,22.0,2.3169501384196143,0.1723286360502243,0.1632002294063568,-4.082710266113281,0.89349365234375,-20.33829874465679,0.0,-12.0,-21.732172409827268,13.021860180907925,143.53282660208933,361.3103385294317,-82.54977571103598,-3927.450569967318,326.99999999999886,-7.329069909546039,0.0
7,192.12176219623709,3.842435243924742,0.9501271431674885,0.0,1.0,6.999999999999983,140,1.5036650370274272,22.0,2.7400025856884533,0.2274520844221115,0.2191997915506363,-4.437410354614258,0.8810662031173706,-8.584714586343617,0.0,-3.0,-7.463232745694185,5.811250593371192,66.0260347818725,171.51198364273836,-0.21737683226239923,-459.26780795413026,430.00000000000017,-2.6943747033144025,0.0
8,-6909.726261747695,-138.19452523495397,0.9940562240848627,0.0,1.0,22.95000000000019,459,1.4517755864882003,22.0,2.306001590213599,0.08953054249286652,0.08492976427078247,-5.245413780212402,0.841515064239502,-23.27770790875936,0.0,-22.5,-22.47473600944906,20.58127626391734,159.89634484068512,377.8005748750946,-88.38686868436409,-7573.795783256779,270.49999999999807,-8.069361868041339,0.0
9,195.49775042364956,3.9099550084729957,0.951120161567901,0.0,1.0,7.049999999999983,141,1.3768250445524852,22.0,2.5988681033280283,0.10091426968574524,0.08723776042461395,-5.52029275894165,0.8297285437583923,-6.475272300717186,0.0,-3.0,-7.4748236465603926,5.886630784433623,66.17259280922273,171.71521334424054,-0.22825967200814645,-457.90164628717866,429.50000000000017,-2.696684607783188,0.0
10,193.25633965743037,3.8651267931486055,0.9501654080480266,0.0,1.0,6.999999999999983,140,1.513296201825142,22.0,2.739876229775576,0.06601410359144211,0.0574660450220108,-5.880495548248291,0.8181889653205872,-7.101183111869723,0.0,-3.0,-7.4618388137926415,5.812298910176366,66.04436251518527,171.52174722370552,-0.21865501113810026,-459.64654150992476,430.00000000000017,-2.693850544911817,0.0
11,-405.09565679381893,-8.10191313587638,0.954926502608302,0.0,1.0,11.900000000000034,238,1.463028589341821,22.0,3.4926467105591543,0.0539783239364624,0.05001680925488472,-6.241896152496338,0.798931896686554,-11.98214117327618,0.0,-6.0,-17.440534813543245,7.367926055683772,107.62716857241163,274.56888310084713,-45.636494502823496,-1088.7644270609603,380.99999999999966,-5.836036972158118,0.0
12,-12531.781019566959,-250.63562039133916,1.0,0.0,1.0,23.5500000000002,471,1.4657181541884274,22.0,2.2607462771803317,0.06791037321090698,0.06703761965036392,-6.488720417022705,0.7621667385101318,-27.659737344637353,0.0,-16.5,-9.763452647061522,29.290816611646825,103.73710076879102,296.6328093916956,-51.83680417408699,-13115.98716047913,264.499999999998,-4.194591694176546,0.0
13,-2921.178028464127,-58.42356056928249,0.9630727211041337,0.0,1.0,11.050000000000022,221,1.4330053038187156,22.0,2.6150954576790992,0.07719763368368149,0.08313017338514328,-6.522371768951416,0.7454988360404968,-13.167776667802102,0.0,-9.0,-11.04106621013146,9.341916126131448,99.72345698538648,239.80257735375415,-29.53310558000453,-3592.6349885345253,389.4999999999998,-4.169041936934276,0.0
14,193.137947139972,3.8627589427994424,0.9500971509083858,0.0,1.0,6.999999999999983,140,1.654002846777439,22.0,2.740101690616827,0.061056897044181824,0.05875931680202484,-7.057069778442383,0.7351332306861877,-7.842084978772694,0.0,-3.0,-7.464316233788535,5.810432805633819,66.01169244167247,171.50432748414826,-0.2163734758394753,-458.970947305899,430.00000000000017,-2.6947835971830907,0.0
15,194.06915032324818,3.881383006464959,0.950188151513967,0.0,1.0,6.999999999999983,140,1.5724763272064073,22.0,2.7398010786513955,0.08919034898281097,0.08670555800199509,-7.035384654998779,0.7249113917350769,-6.080863211228861,0.0,-3.0,-7.461016409154358,5.8129191504419975,66.05523560994277,171.52755085608825,-0.2194149260330036,-459.8717203220298,430.00000000000017,-2.6935404247790005,0.0
16,-2844.1168831561854,-56.882337663123714,0.9508733360323758,0.0,1.0,11.250000000000025,225,1.5190649214055802,22.0,2.3444876004059507,0.0883752778172493,0.0956590548157692,-6.856881141662598,0.7087857127189636,-11.030592767817582,0.0,-9.0,-12.463580209253495,9.126242633844512,99.48038614200911,251.40933634485668,-35.66761593734626,-3519.0341806794013,387.4999999999998,-4.436878683077745,0.0
17,-2729.4924299227805,-54.58984859845563,0.9641269964886603,0.0,1.0,11.300000000000026,226,1.494255812426584,22.0,2.4369641251174787,0.08000266551971436,0.08909318596124649,-6.622633457183838,0.6929376721382141,-11.51440311376107,0.0,-9.0,-12.716441095531204,9.057483170527739,103.26846998246073,256.30693272025593,-36.7840326010209,-3410.5991805709755,386.9999999999998,-4.511258414736128,0.0
18,193.32697871100507,3.8665395742201003,0.9500969478742562,0.0,1.0,6.999999999999983,140,1.5127308189868927,22.0,2.740103100673351,0.058468762785196304,0.06574782729148865,-7.649263858795166,0.6832988262176514,-7.653183218385643,0.0,-3.0,-7.464301862522675,5.810442591178286,66.01185994631892,171.50433152035623,-0.2163915124400262,-458.9710000490891,430.00000000000017,-2.6947787044108584,0.0
19,-2957.7948806186278,-59.155897612372534,0.967485794619291,0.0,1.0,11.250000000000025,225,1.544019082122379,22.0,2.4059222527245794,0.13401006162166595,0.12966711819171906,-7.879367828369141,0.668097734451294,-12.236016831379384,0.0,-9.0,-12.145140935730844,9.265600962118125,100.33928565045844,251.5732361023248,-34.41146358704553,-3634.3131824604334,387.4999999999998,-4.367199518940936,0.0
20,193.4660927138448,3.8693218542768912,0.9501114143989076,0.0,1.0,6.999999999999983,140,1.484939862361976,22.0,2.7400546745779515,0.08011100441217422,0.0950433760881424,-7.454133987426758,0.6588134765625,-7.383946906465387,0.0,-3.0,-7.463789874815534,5.810826848249269,66.01855223277892,171.50796711300913,-0.21685000942476051,-459.1120801136116,430.00000000000017,-2.694586575875365,0.0
21,-354.84061973322247,-7.096812394664446,0.9546540235559928,0.0,1.0,11.950000000000035,239,1.549296204639778,22.0,3.519447843285945,0.15307942032814026,0.17631544172763824,-7.915192604064941,0.6432619094848633,-14.268103906648877,0.0,-6.0,-17.370148484623357,7.5324888008447175,106.06434942374922,278.2234386125012,-47.2825397210767,-1036.4463488583906,380.49999999999966,-5.793755599577639,0.0
22,193.70764059651742,3.8741528119303563,0.9501012010547494,0.0,1.0,6.999999999999983,140,1.6181377319352968,22.0,2.7400882872001384,0.08891621977090836,0.07674463838338852,-8.616317749023438,0.6343167424201965,-7.235446992277411,0.0,-3.0,-7.464171240987405,5.810542605267255,66.01362344562774,171.5053614099886,-0.21650898672609387,-459.0110309470088,430.00000000000017,-2.694728697366372,0.0
23,-1319.6639388558847,-26.393278777117683,0.95947235460271,0.0,1.0,11.55000000000003,231,1.4133499609185505,22.0,2.863284507505244,0.19833339750766754,0.23539814352989197,-7.487124443054199,0.6198261976242065,-12.743754239486005,0.0,-9.0,-15.129562263686216,8.177286270915445,108.69937687302549,267.05638829936146,-41.93393976483269,-2004.1383771666385,384.4999999999997,-5.151356864542279,0.0
24,-9980.538006668514,-199.61076013337035,1.0,0.0,1.0,23.100000000000193,462,1.5489393638454991,22.0,2.2685337325336357,0.16563040018081665,0.1643676459789276,-8.325439453125,0.5918381214141846,-24.856657182675576,0.0,-21.0,-14.560050732290652,24.861394774022433,124.50824470180241,324.22057111022747,-64.09803160454544,-10592.56417512207,268.99999999999807,-6.049302612988764,0.0
25,199.15900740976534,3.983180148195311,0.9501476755053584,0.0,1.0,7.049999999999983,141,1.5306723980193442,22.0,2.6029801445038916,0.14597417414188385,0.14614291489124298,-8.020102500915527,0.5835551619529724,-8.040081256794513,0.0,-3.0,-7.488179443745297,5.879940006715637,66.12780141112202,171.58041950480916,-0.2461501839309932,-452.4547126317686,429.50000000000017,-2.700029996642182,0.0
26,192.84903721467128,3.856980744293425,0.9501625149745936,0.0,1.0,6.999999999999983,140,1.6290974604231971,22.0,2.739885733730481,0.140375554561615,0.10548452287912369,-8.404292106628418,0.5754387378692627,-7.5348473948471675,0.0,-3.0,-7.461947975162623,5.812217867513913,66.04296166075106,171.5210092751853,-0.21855847989264987,-459.6179066726336,430.00000000000017,-2.693891066243044,0.0
27,-3060.6212661277805,-61.21242532255559,0.9573818056330745,0.0,1.0,11.000000000000021,220,1.4567986645481803,22.0,2.333598927636038,0.32075977325439453,0.31081366539001465,-7.788053512573242,0.5629217028617859,-14.203558175997028,0.0,-9.0,-10.98135575919513,9.304867180783802,98.28943390982771,237.9870554600807,-29.18148019827881,-3728.6886621353933,389.9999999999998,-4.147566409608102,0.0
28,-1663.330038881741,-33.26660077763481,0.9558572942390569,0.0,1.0,17.500000000000114,350,1.5494893649646213,22.0,2.5251696278831783,0.09707662463188171,0.09354934841394424,-8.359503746032715,0.5435706973075867,-20.143154836494446,0.0,-12.0,-25.556914333763448,11.142957569655161,136.41461611009956,361.60544056254497,-84.24494559978449,-2347.1195171388244,324.99999999999886,-8.428521215172434,0.0
29,-3378.531023544976,-67.57062047089948,1.0,0.0,1.0,16.950000000000106,339,1.4570904566650897,22.0,2.319261083099931,0.09350559115409851,0.0849885493516922,-8.087198257446289,0.5254586338996887,-17.166112326316355,0.0,-12.0,-20.22912012251024,12.805015193480278,140.6949915159834,341.2608461759246,-71.6714871892998,-4075.5676643889774,330.499999999999,-7.15749240325986,0.0
30,-535.8330147443105,-10.71666029488621,0.9550464501121496,0.0,1.0,11.800000000000033,236,1.421969333063748,22.0,3.379083455267807,0.09700705111026764,0.08009571582078934,-8.689441680908203,0.513200581073761,-12.087191048743847,0.0,-6.0,-17.128789136072992,7.369329266631551,110.59119624863891,274.1681496610638,-45.448794951500766,-1223.5415794176427,381.99999999999966,-5.755335366684222,0.0
31,-3156.795576388424,-63.13591152776848,0.9661625800918152,0.0,1.0,17.050000000000107,341,1.4511801487714315,22.0,2.2780722772485102,0.2484833300113678,0.2231578826904297,-8.625133514404297,0.49600136280059814,-20.759462837316647,0.0,-12.0,-23.18028952334656,11.042900675657318,123.76854736158937,327.0173733459482,-68.04804841307623,-3816.0180473357077,329.4999999999989,-8.118549662171345,0.0
32,-1320.6759665453824,-26.41351933090764,0.9568184807830977,0.0,1.0,11.55000000000003,231,1.4707325780804539,22.0,2.786580896879852,0.26376497745513916,0.27645257115364075,-7.006430625915527,0.48467880487442017,-12.729043016110891,0.0,-9.0,-14.675677781611533,8.508777336399737,100.61117508039064,260.8967667034763,-39.40864007223061,-1994.393713463896,384.4999999999997,-4.985611331800131,0.0
33,-213.43882247016023,-4.2687764494032026,0.9534289724163052,0.0,1.0,12.150000000000038,243,1.4677747419341602,22.0,3.6201536725440917,0.23794327676296234,0.1781088411808014,-8.327448844909668,0.473050594329834,-14.72835288865783,0.0,-6.0,-18.160027348977174,7.321631691693733,101.231529601714,272.1767906216661,-44.69314470521378,-883.0280652882316,378.49999999999966,-6.059184154153137,0.0
34,-3691.335162742625,-73.82670325485252,1.0,0.0,1.0,12.100000000000037,242,1.5374154407869687,22.0,3.0535051235638333,0.24193276464939117,0.24075555801391602,-7.5476298332214355,0.46173202991485596,-13.339618122622731,0.0,-7.5,-7.815518280792964,13.081472622571354,75.75674747708209,218.2272647335076,-16.98989543711452,-4328.616352046542,378.99999999999966,-3.1392636887143235,0.0
35,192.750685278603,3.855013705572061,0.9501634121935458,0.0,1.0,6.999999999999983,140,1.5579059935041837,22.0,2.739882765879449,1.677513599395752,1.6868793964385986,-7.562732696533203,0.4553062319755554,-7.625011768153638,0.0,-3.0,-7.461915816570285,5.812242204618614,66.04338963453208,171.52123826710113,-0.21858847656128333,-459.62678986867314,430.00000000000017,-2.693878897690695,0.0
36,193.82003536790643,3.8764007073581244,0.9501367234487161,0.0,1.0,6.999999999999983,140,1.5366045519709588,22.0,2.7399710107711126,1.1741933822631836,1.131068468093872,-5.830445289611816,0.44898319244384766,-6.799157803459642,0.0,-3.0,-7.462876601667647,5.811516297575244,66.03064588423732,171.5144267578398,-0.2176962386982062,-459.3625810767083,430.00000000000017,-2.6942418512123787,0.0
37,-3700.8300089928953,-74.01660017985792,1.0,0.0,1.0,12.050000000000036,241,1.4689315958141786,22.0,3.05818778540393,0.35397619009017944,0.2574099898338318,-6.473840236663818,0.4382915794849396,-14.07104599860497,0.0,-7.5,-7.801079043814574,13.017442751804433,75.6740530384262,217.8004599998626,-16.80020444438341,-4337.518356672089,379.49999999999966,-3.1312786240977863,0.0
38,194.04271766353148,3.880854353270629,0.9501080396014112,0.0,1.0,6.999999999999983,140,1.5164544305631094,22.0,2.740066492971571,0.39911073446273804,0.3705889880657196,-5.8658342361450195,0.4321993291378021,-6.836141052446327,0.0,-3.0,-7.463896225210531,5.810747628436011,66.01719180801848,171.50716693755638,-0.2167643596899005,-459.08096088735084,430.00000000000017,-2.694626185781996,0.0
39,-2462.3652470394277,-49.24730494078855,0.9581662739784684,0.0,1.0,11.350000000000026,227,1.4860216766464553,22.0,2.4567723309982905,1.2890995740890503,1.2791736125946045,-6.056629180908203,0.42250552773475647,-14.055093508399946,0.0,-9.0,-13.250568598189544,8.886390500481303,103.69383596890778,258.6845117803914,-38.317592206340876,-3140.8699262265177,386.4999999999998,-4.636804749759349,0.0
40,-585.5430043545305,-11.710860087090614,0.9518040877190532,0.0,1.0,11.750000000000032,235,1.4337241451790992,22.0,3.307733845649684,0.2698190212249756,0.16246803104877472,-7.613133430480957,0.4126977324485779,-11.868435510002975,0.0,-6.0,-16.837149714702587,7.49589123505069,110.30968883482358,275.20423498122625,-46.1686663074652,-1274.5265134909853,382.49999999999966,-5.652054382474656,0.0
41,-3131.1476778903407,-62.62295355780685,0.98521013221918,0.0,1.0,17.000000000000107,340,1.464497314568828,22.0,2.3080976019191617,0.45213404297828674,0.35904237627983093,-7.38389778137207,0.39891692996025085,-18.830797488534333,0.0,-12.0,-23.034437384037815,10.732788550889486,116.65819710272777,317.3161425307586,-62.212586102802746,-3781.5433793747848,329.9999999999989,-8.233605724555256,0.0
42,191.71933220246996,3.8343866440494008,0.9501717991737817,0.0,1.0,6.999999999999983,140,1.6341073536447117,22.0,2.739855122784934,0.2131635546684265,0.17036479711532593,-7.906336784362793,0.39338138699531555,-8.57989306389427,0.0,-3.0,-7.461606577650285,5.812473728417969,66.04742177084565,171.52337794785163,-0.21886848736489384,-459.70980997994513,430.00000000000017,-2.6937631357910155,0.0
43,-4028.757641497319,-80.57515282994636,1.0,0.0,1.0,17.95000000000012,359,1.5329801851992488,22.0,2.8704981457377468,0.4161520004272461,0.32967549562454224,-7.436310291290283,0.3795241117477417,-20.139377937354336,0.0,-10.5,-19.89112770507238,14.67632013308196,100.72848139797294,308.5560937088238,-57.1360416483661,-4658.530149512946,320.4999999999988,-7.021839933459019,0.0
44,192.61526050133378,3.852305210026673,0.9501015371933441,0.0,1.0,6.999999999999983,140,1.520251117008073,22.0,2.7400874932610613,0.26170897483825684,0.2523973286151886,-6.720176696777344,0.37425947189331055,-8.32433725610841,0.0,-3.0,-7.4641528970235145,5.810556419468359,66.01387249903696,171.50546257873884,-0.2165270595275004,-459.01489199298527,430.00000000000017,-2.6947217902658207,0.0
45,-576.0326674179585,-11.520653348359161,0.9579961364466454,0.0,1.0,11.800000000000033,236,1.5525820879107814,22.0,3.30539138962762,0.28144481778144836,0.21535293757915497,-5.923002243041992,0.3655339777469635,-12.152517855107854,0.0,-6.0,-16.351129486065517,7.924169864383462,103.63279931750267,271.80793832149413,-44.16383722715466,-1257.2521752852015,381.99999999999966,-5.477915067808269,0.0
46,194.1772465082734,3.8835449301654634,0.95011325750391,0.0,1.0,6.999999999999983,140,1.527626245362418,22.0,2.7400485113420707,0.36893147230148315,0.34525108337402344,-7.3513994216918945,0.36045345664024353,-6.655937840286066,0.0,-3.0,-7.463729419025946,5.810874228133893,66.01941048771602,171.50843811492535,-0.21691189520959497,-459.13033428204744,430.00000000000017,-2.6945628859330535,0.0
47,191.6892349056284,3.8337846981125727,0.9501885606952292,0.0,1.0,6.999999999999983,140,1.4818065160087177,22.0,2.7397997507722742,3.2088160514831543,3.199943780899048,-6.481921195983887,0.35544806718826294,-8.45698563927086,0.0,-3.0,-7.4610034872906335,5.812929684492249,66.05543402602889,171.52765722262959,-0.21942946555034482,-459.87583227765674,430.00000000000017,-2.693535157753876,0.0
48,-3004.004021120809,-60.080080422416145,0.9611281814761319,0.0,1.0,11.100000000000023,222,1.4886700262626011,22.0,2.3936705835669008,0.21254701912403107,0.13918884098529816,-7.819101333618164,0.34765031933784485,-11.817190278367782,0.0,-9.0,-11.506742244672163,9.243950833238928,100.76730426300585,244.5424846628186,-31.795294220939965,-3679.1805095525106,388.9999999999998,-4.258024583380537,0.0
49,-7531.014249974185,-150.62028499948374,1.0,0.0,1.0,17.30000000000011,346,1.485072428866618,22.0,2.273245513238519,0.4431885778903961,0.32899215817451477,-4.257218360900879,0.3358317017555237,-19.372012114708774,0.0,-15.0,-11.701166973603815,18.29842303183504,116.68967469445204,285.4453628392282,-46.864605706323616,-8180.819137260983,326.99999999999886,-4.690788484082467,0.0
50,192.41705842678243,3.848341168535648,0.9501426425274806,0.0,1.0,6.999999999999983,140,1.5272628492542675,22.0,2.7399513576049013,0.33901897072792053,0.24721117317676544,-6.406881332397461,0.33116236329078674,-8.148080645166631,0.0,-3.0,-7.462670409187347,5.811674075351266,66.03344630099397,171.51593820530803,-0.21789446682729974,-459.4211916713654,430.00000000000017,-2.6941629623243677,0.0
51,193.17423275984746,3.8634846551969524,0.9501155708569582,0.0,1.0,6.999999999999983,140,1.4241864014949117,22.0,2.7400409242181514,0.368023544549942,0.2409881204366684,-6.5255842208862305,0.3265593647956848,-7.637869459037901,0.0,-3.0,-7.463640591636257,5.810939789721257,66.02053683502211,171.50902861341893,-0.21698927074057295,-459.1532430517607,430.00000000000017,-2.6945301051393713,0.0
52,193.10885849496427,3.862177169899283,0.9501297414883241,0.0,1.0,6.999999999999983,140,1.581051952285426,22.0,2.7399940575750708,0.2004818618297577,0.15408535301685333,-6.027129173278809,0.32201510667800903,-7.574001167428218,0.0,-3.0,-7.463131252761693,5.811324837142494,66.02729923726122,171.51264505916268,-0.2174629294508179,-459.29347770753293,430.00000000000017,-2.694337581428751,0.0
53,193.17969650782192,3.863593930156439,0.951323559450324,0.0,1.0,7.049999999999983,141,1.524305802287785,22.0,2.5980698063298004,0.3372674584388733,0.37914708256721497,-4.349804401397705,0.31750303506851196,-7.900981524172861,0.0,-3.0,-7.472313951968851,5.887749568694961,66.17830799281649,171.73970339236385,-0.22287230724689522,-458.8337714470123,429.50000000000017,-2.69612521565252,0.0
54,-3697.048429470751,-73.94096858941498,1.0,0.0,1.0,12.050000000000036,241,1.5102951244694562,22.0,3.0607329866761863,0.4204727113246918,0.23485618829727173,-4.96376371383667,0.30993932485580444,-15.390275439643123,0.0,-7.5,-7.8070371939947805,13.010780731616261,75.68309080663467,217.96156797840266,-16.87180799040112,-4332.5001387291695,379.49999999999966,-3.1346096341918708,0.0
55,-8159.932733202505,-163.19865466405005,1.0,0.0,1.0,23.200000000000195,464,1.4408708742723382,22.0,2.2559419342899827,0.2515188157558441,0.2071836292743683,-2.207332134246826,0.29589709639549255,-25.82839536513923,0.0,-19.5,-17.70542372782693,24.066494690276155,131.2460253389371,338.56709068669375,-70.47426252741947,-8781.777509643161,267.99999999999807,-6.526752654861905,0.0
56,193.2996994615426,3.8659939892308497,0.9501113198990241,0.0,1.0,6.999999999999983,140,1.369609472155571,22.0,2.7400548243640253,0.2291564792394638,0.2913188338279724,-2.136233329772949,0.29179126024246216,-7.551096807374707,0.0,-3.0,-7.463807076874564,5.810817818618874,66.01845522983126,171.50794430781625,-0.2168474337741877,-459.1111754860102,430.00000000000017,-2.694591090690563,0.0
57,-2937.8053021907313,-58.75610604381463,0.9516129984464394,0.0,1.0,23.6000000000002,472,1.4372049395184396,22.0,3.3704378074849934,4.211484909057617,4.132960796356201,-1.7581801414489746,0.27835869789123535,-26.952414291449657,0.0,-18.0,-32.628559318645145,16.394688257287704,173.0028513223288,434.0448738361897,-116.77979294036912,-3620.2042931847154,263.999999999998,-10.682655871356138,0.0
58,-2493.3007882232214,-49.866015764464386,0.9509990402496846,0.0,1.0,13.05000000000005,261,1.4842716106053055,22.0,2.734053999303035,0.35553205013275146,0.27260711789131165,-3.3771324157714844,0.2711869776248932,-13.18046527376604,0.0,-9.0,-12.203923162603248,12.026269177182009,99.77916938605024,239.758543284904,-30.479429351093614,-3145.074086872483,369.4999999999995,-4.426865411408996,0.0
59,193.75803940002308,3.8751607880004633,0.9501456989154813,0.0,1.0,6.999999999999983,140,1.535199285192149,22.0,2.7399412779474983,0.610352098941803,0.5187615156173706,-2.0352139472961426,0.26742222905158997,-6.779234816450044,0.0,-3.0,-7.46255806377594,5.811758285900293,66.03491415956714,171.51671800406385,-0.2179965330120659,-459.4514407792203,430.00000000000017,-2.694120857049855,0.0
60,-3024.239906091537,-60.484798121830735,0.9542646230474656,0.0,1.0,10.90000000000002,218,1.519936423236077,22.0,2.251243485475076,5.062075138092041,4.838671684265137,-2.458390474319458,0.26166480779647827,-11.75178238611975,0.0,-9.0,-10.580319947960515,9.296685468169542,96.74156226155233,233.96267879880963,-27.6422429556737,-3692.1948300643985,390.9999999999998,-4.071657265915227,0.0
61,-8084.338614248284,-161.68677228496568,0.9539354937598921,0.0,1.0,23.350000000000197,467,1.4080479461580069,22.0,2.8725601720874963,5.287156581878662,5.059010982513428,-1.4033832550048828,0.24974487721920013,-24.31546916153942,0.0,-24.0,-21.233804117900945,22.027354286984767,149.7313289472981,355.20310745274713,-81.553208255985,-8719.031600543389,266.49999999999807,-7.666322856507613,0.0
62,193.99896889668437,3.8799793779336884,0.950135590413816,0.0,1.0,6.999999999999983,140,1.620086807012558,22.0,2.739974758510296,0.48686087131500244,0.5525223612785339,-1.4652035236358643,0.2462737262248993,-6.630561649842204,0.0,-3.0,-7.462917183202971,5.81148557305089,66.03010525762454,171.51413755768417,-0.21765834808762818,-459.35136509706786,430.00000000000017,-2.6942572134745544,0.0
63,-4856.630980296509,-97.13261960593023,0.9531111382521826,0.0,1.0,24.000000000000206,480,1.5022908716152112,22.0,4.153361728688113,0.5312580466270447,0.49271512031555176,-1.3850197792053223,0.23473161458969116,-23.33365845293802,0.0,-21.0,-26.0321842864568,20.623187504033506,160.27630039760632,395.1749166897929,-99.38440524640005,-5514.06673065416,259.99999999999795,-8.888406247983218,0.0
64,191.41303028568043,3.8282606057136013,0.950171767599693,0.0,1.0,6.999999999999983,140,1.6152727633714676,22.0,2.739855218247529,0.2669273614883423,0.21219971776008606,-2.6294662952423096,0.23146560788154602,-8.886429427411493,0.0,-3.0,-7.461610715731062,5.8124716186694885,66.04740131889642,171.52337134076737,-0.21886807681006815,-459.70954158203523,430.00000000000017,-2.6937641906652567,0.0
65,193.8451916862816,3.8769038337256356,0.9501108746916458,0.0,1.0,6.999999999999983,140,1.5257840512054308,22.0,2.7400580446228435,0.47607487440109253,0.4449954628944397,-2.3588385581970215,0.22825075685977936,-7.001961663860772,0.0,-3.0,-7.463773534136679,5.810847790040685,66.01907947942247,171.5080597635034,-0.21693436400315846,-459.1155496797048,430.00000000000017,-2.694576104979658,0.0
66,192.32688160607415,3.846537632121481,0.950147245940703,0.0,1.0,6.999999999999983,140,1.4973848144922937,22.0,2.739947315922832,1.1933603286743164,1.2161219120025635,-0.20556819438934326,0.22508308291435242,-8.17084287220558,0.0,-3.0,-7.462310816855992,5.811970898522887,66.03928562828642,171.51794506367784,-0.21841813082280837,-459.49673361379024,430.00000000000017,-2.6940145507385593,0.0
67,193.4209723976628,3.86841944795325,0.9500966814691938,0.0,1.0,6.999999999999983,140,1.6545970024807113,22.0,2.74010324107272,0.4198125898838043,0.35634106397628784,0.049613893032073975,0.2219570428133011,-7.563339672360598,0.0,-3.0,-7.464333352304744,5.81041993375962,66.01146763863257,171.5042076695362,-0.21635778003611605,-458.96630200644427,430.00000000000017,-2.69479003312019,0.0
68,-3821.471808061079,-76.42943616122159,0.9536645537887587,0.0,1.0,17.35000000000011,347,1.5517004940454828,22.0,2.6365260621222917,5.735243797302246,5.901211261749268,0.5198138952255249,0.2143789827823639,-16.83025234258058,0.0,-9.0,-20.702632080155364,13.091441647657684,97.91967574380978,300.0942406640908,-57.0820537698286,-4448.127948747902,326.49999999999886,-7.334279176171158,0.0
69,-213.3612720298663,-4.267225440597332,0.9538066315019116,0.0,1.0,12.150000000000038,243,1.4058601375469946,22.0,3.6234136172300007,0.39195603132247925,0.3305499255657196,1.460315465927124,0.2092427760362625,-11.9577427871041,0.0,-6.0,-18.22458585339596,7.262472574847722,101.36117170073105,270.6844431854123,-43.99966645114139,-884.8986006866395,378.49999999999966,-6.088763712576139,0.0
70,191.62231605458624,3.832446321091725,0.9501813737033848,0.0,1.0,6.999999999999983,140,1.5680751719645092,22.0,2.73982346545825,0.3155837953090668,0.2839781641960144,-0.1342998594045639,0.2063351422548294,-8.589532278260897,0.0,-3.0,-7.46126232497703,5.812733937290832,66.051992643427,171.52582151512564,-0.21918855489619915,-459.80461585176886,430.00000000000017,-2.693633031354583,0.0
71,193.50750771001367,3.870150154200272,0.9501285480397452,0.0,1.0,6.999999999999983,140,1.4173568487167358,22.0,2.739998042190676,5.622447490692139,5.699267387390137,0.5192150473594666,0.20346331596374512,-7.186175517913946,0.0,-3.0,-7.463173121422194,5.81129310761438,66.02674145620114,171.51234263798074,-0.2174239959229851,-459.28174341033105,430.00000000000017,-2.69435344619281,0.0
72,-2358.599032325235,-47.17198064650473,0.9659317009834247,0.0,1.0,11.400000000000027,228,1.499822702977741,22.0,2.495844254559468,5.979921340942383,6.022740840911865,0.8722278475761414,0.1988770067691803,-11.286585755310409,0.0,-9.0,-13.356296547456518,8.940340934205384,103.04078340175477,259.84015250761286,-38.209976146931666,-3039.9176211862123,385.9999999999997,-4.649829532897302,0.0
73,194.86110820421504,3.8972221640843046,0.9501392227334118,0.0,1.0,6.999999999999983,140,1.4568162835070064,22.0,2.739962800492441,0.3120521605014801,0.2880777418613434,-0.9069091081619263,0.19610802829265594,-5.735318928482521,0.0,-3.0,-7.462782082688945,5.811586407599574,66.03185633518862,171.51506423013012,-0.21777961694040116,-459.38731134439104,430.00000000000017,-2.6942067962002114,0.0
74,-3232.3898362667624,-64.64779672533521,1.0,0.0,1.0,16.950000000000106,339,1.5419347785567112,22.0,2.295970576847258,0.2920612096786499,0.241548553109169,-0.09684449434280396,0.18956932425498962,-17.433001684325212,0.0,-12.0,-21.140890774082134,12.082447479529554,118.29936358410518,331.4258304199877,-67.30036907555004,-3899.3044399561895,330.499999999999,-7.51877626023522,0.0
75,197.22022445265495,3.9444044890531007,0.9508013836614364,0.0,1.0,7.049999999999983,141,1.488051509392177,22.0,2.6003058219570536,0.3558671176433563,0.3235940635204315,0.3136632740497589,0.18691815435886383,-6.882087326247129,0.0,-3.0,-7.4800725940769865,5.883605452640183,66.14397285280484,171.6617507884296,-0.2300007686094041,-455.67874667860656,429.50000000000017,-2.6981972736799076,0.0
76,192.13916045293544,3.8427832090587044,0.9501569388173261,0.0,1.0,6.999999999999983,140,1.5244195546422685,22.0,2.7399277333826855,6.194570064544678,6.141324520111084,0.29557839035987854,0.1843273639678955,-8.252891664772724,0.0,-3.0,-7.46178261383009,5.812389860791051,66.04725319444849,171.5210407547728,-0.2190185634018249,-459.6140254454681,430.00000000000017,-2.6938050696044753,0.0
77,193.66179789198833,3.8732359578397695,0.9501047302379537,0.0,1.0,6.999999999999983,140,1.5769579006092889,22.0,2.7400767031163573,0.44480374455451965,0.3407716453075409,1.252335548400879,0.1817571520805359,-7.249158864253184,0.0,-3.0,-7.464036922447904,5.8106420136111385,66.01533633712677,171.50626153507778,-0.21662670766493974,-459.0459405062668,430.00000000000017,-2.6946789931944326,0.0
78,194.8504734624838,3.897009469249678,0.9500732158416787,0.0,1.0,6.999999999999983,140,1.4300342327782085,22.0,2.740199922482665,0.7783693671226501,0.8319926261901855,1.6677433252334595,0.17923107743263245,-6.24651452512574,0.0,-3.0,-7.464632812015302,5.810274996041222,66.01043770526387,171.5011397566772,-0.21687151341108546,-458.848497642967,430.00000000000017,-2.69486250197939,0.0
79,198.57250046568603,3.9714500093137177,0.9505474762104913,0.0,1.0,7.049999999999983,141,1.4492945992354807,22.0,2.6012306463772106,0.48605984449386597,0.3696754574775696,0.28427237272262573,0.1767241507768631,-6.395355555907592,0.0,-3.0,-7.482818899436967,5.8825824466926875,66.14241960761262,171.63663713815157,-0.23915174233916758,-454.7731037524337,429.50000000000017,-2.6987087766536573,0.0
80,-1579.2168148577105,-31.584336297154202,0.9526713874812327,0.0,1.0,17.550000000000114,351,1.420296276906277,22.0,2.7894281791370164,0.3773626685142517,0.30527499318122864,1.1034317016601562,0.17065651714801788,-16.081375751638557,0.0,-15.0,-23.31742879846671,12.66832322859147,143.77530998167842,361.1584511558227,-84.30115618186704,-2274.913100106125,324.49999999999886,-7.705838385704264,0.0
81,192.61324453766812,3.85226489075336,0.9501712255321986,0.0,1.0,6.999999999999983,140,1.5855805071336881,22.0,2.7398570978136463,1.9876266717910767,1.9555989503860474,-0.16152191162109375,0.16829732060432434,-7.690856642527505,0.0,-3.0,-7.461624027947719,5.812460494016125,66.04719025325089,171.5232405034502,-0.21885329229087702,-459.70454299729124,430.00000000000017,-2.693769752991936,0.0
82,-259.3700923364011,-5.1874018467280285,0.952042561734306,0.0,1.0,12.050000000000036,241,1.5159059154542156,22.0,3.603192371726,0.6927618980407715,0.5056635737419128,0.29811379313468933,0.16431207954883575,-10.625171179425088,0.0,-6.0,-17.871338839097998,7.360928850540197,102.85695610699737,274.1762009225955,-45.69268436018687,-937.1154482630939,379.49999999999966,-5.959535574729903,0.0
83,192.8441771119177,3.8568835422383554,0.9501020368676878,0.0,1.0,6.999999999999983,140,1.5444864788225718,22.0,2.7400856895556363,0.42696839570999146,0.445800244808197,2.3883066177368164,0.16202719509601593,-8.091396166599882,0.0,-3.0,-7.464127234533829,5.810571858541715,66.01407552490974,171.50557338018405,-0.21653633066682332,-459.01926984918833,430.00000000000017,-2.6947140707291437,0.0
84,193.81061713293366,3.8762123426586745,0.9501033569562332,0.0,1.0,6.999999999999983,140,1.4761519553405897,22.0,2.7400812390068836,11.876583099365234,11.914539337158203,2.6756763458251953,0.15978527069091797,-7.11270124509943,0.0,-3.0,-7.464092434603138,5.810602268196138,66.01467452855326,171.50591562997877,-0.21658283460300964,-459.03249991358723,430.00000000000017,-2.6946988659019313,0.0
85,195.88630476724836,3.917726095344971,0.9510466325059654,0.0,1.0,7.049999999999983,141,1.5025087368826495,22.0,2.5991898462509955,16.892709732055664,17.103572845458984,3.875028610229492,0.15755562484264374,-8.277755718382906,0.0,-1.5,-7.476915538602412,5.885131643159088,66.15000642429993,171.69776101419603,-0.22638540583212574,-457.168103473169,429.50000000000017,-2.697434178420455,0.0
86,-3118.001024338139,-62.36002048676284,1.0,0.0,1.0,10.90000000000002,218,1.4896966352922107,22.0,2.3029136233855314,0.2823520004749298,0.25463905930519104,3.321324348449707,0.15415601432323456,-10.937133519416676,0.0,-9.0,-9.342953024311125,9.92690088839175,90.72511786277053,235.9630399737167,-24.872462210540807,-3787.706984752946,390.9999999999998,-3.756549555804122,0.0
87,-669.6517622604306,-13.393035245208608,0.958070769123269,0.0,1.0,11.750000000000032,235,1.5188239216804504,22.0,3.2358186566500637,0.3462199568748474,0.26995351910591125,3.2450122833251953,0.15056705474853516,-12.770131700537311,0.0,-9.0,-16.203911337971608,7.925303712505488,105.04151001741653,270.91936110459784,-43.76294340551536,-1348.863602507178,382.49999999999966,-5.437348143747258,0.0
88,192.06121372486243,3.8412242744972502,0.9501464080863808,0.0,1.0,6.999999999999983,140,1.392147863124098,22.0,2.7399544198828782,14.304311752319336,13.805140495300293,3.1814074516296387,0.14847929775714874,-8.409227702447097,0.0,-3.0,-7.46216964202352,5.812102234035496,66.04199589441045,171.51872655126695,-0.21883248698600255,-459.52743224041177,430.00000000000017,-2.6939488829822524,0.0
89,201.51693375233856,4.030338675046771,0.9511164532328236,0.0,1.0,7.099999999999983,142,1.5223946965916055,22.0,2.460480065112995,0.3220946490764618,0.3244950771331787,3.4569759368896484,0.14639152586460114,-8.088181389730309,0.0,-3.0,-7.500871924794277,5.95375498492835,66.24262399248298,171.74205239137507,-0.24048480420747254,-449.88883699018,429.00000000000017,-2.703122507535826,0.0
90,-700.4513658679147,-14.009027317358285,0.9517430729773331,0.0,1.0,17.700000000000117,354,1.4882572857336809,22.0,3.087883159337008,0.21548046171665192,0.16243436932563782,3.916452646255493,0.14130564033985138,-17.99545568910841,0.0,-10.5,-27.60599634291199,10.2731343358379,137.23377604624673,373.77564233758744,-89.98306186740774,-1389.6259718560766,322.99999999999886,-9.023432832081049,0.0
91,194.55211574020103,3.891042314804017,0.9501223689187777,0.0,1.0,6.999999999999983,140,1.612452065731798,22.0,2.7400183825692177,3.149880886077881,3.1902174949645996,3.5263445377349854,0.13933810591697693,-6.197893028873947,0.0,-3.0,-7.463403053700052,5.811121479558065,66.02376104291719,171.51076567614885,-0.21721745367504042,-459.22057966195325,430.00000000000017,-2.694439260220967,0.0
92,193.06562458022225,3.8613124916044397,0.9501503575917631,0.0,1.0,6.999999999999983,140,1.5523894652724266,22.0,2.7399259133692837,3.7300527095794678,3.643385410308838,3.3935136795043945,0.137407585978508,-7.4291722602036305,0.0,-3.0,-7.462387099414899,5.811886521747767,66.03715112962166,171.51790667103796,-0.218152135342482,-459.49755150809835,430.00000000000017,-2.694056739126118,0.0
93,-974.6595543116132,-19.493191086232276,0.9604081658050978,0.0,1.0,17.650000000000116,353,1.435427071014815,22.0,2.93844505030984,0.47933629155158997,0.5228983163833618,4.739022731781006,0.13265198469161987,-20.50492165555736,0.0,-10.5,-27.877574793375153,9.769283743768284,133.1020013790501,358.48616389473295,-82.49453068880683,-1648.9046180633086,323.49999999999886,-9.235358128115863,0.0
94,192.6605408001297,3.853210816002594,0.9501221468937076,0.0,1.0,6.999999999999983,140,1.5083422709788594,22.0,2.740019144334238,7.3015642166137695,7.05871057510376,4.969999313354492,0.13081884384155273,-8.091578834914836,0.0,-3.0,-7.463406878847835,5.811117215353167,66.02366432716619,171.51070685068407,-0.21720907102963594,-459.2183114159581,430.00000000000017,-2.694441392323417,0.0
95,193.9889332281528,3.8797786645630543,0.9501307979711817,0.0,1.0,6.999999999999983,140,1.6027448394468853,22.0,2.740016888702049,0.3781883418560028,0.3540547490119934,2.3508200645446777,0.12901727855205536,-6.6445561247295695,0.0,-3.0,-7.462722973512266,5.811684316511219,66.03503779719446,171.51432323030352,-0.21812426466258472,-459.3525509112076,430.00000000000017,-2.6941578417443908,0.0
96,192.87638119070303,3.85752762381406,0.9500997680114529,0.0,1.0,6.999999999999983,140,1.68766734536205,22.0,2.7400930779029724,6.791328430175781,6.646129608154297,3.2428383827209473,0.12723185122013092,-8.079810133395295,0.0,-3.0,-7.464218508008831,5.8105056444450645,66.01295557178602,171.50499517660066,-0.21646085979519114,-458.99683852315206,430.00000000000017,-2.694747177777468,0.0
97,-2997.0466610536823,-59.9409332210736,0.9617149574312822,0.0,1.0,11.100000000000023,222,1.4460075085496042,22.0,2.3980954518849296,0.45974981784820557,0.26102185249328613,5.274612903594971,0.12445598095655441,-11.056937482956005,0.0,-9.0,-11.510127746469946,9.238667461703976,100.96808986351353,244.68753037177495,-31.812816904064096,-3673.300400348036,388.9999999999998,-4.260666269148011,0.0
98,-6442.798550349448,-128.85597100698908,1.0,0.0,1.0,16.900000000000105,338,1.4363627137517083,22.0,2.2507012974312497,0.3885864019393921,0.37327855825424194,5.303159236907959,0.12034372240304947,-17.240150540685704,0.0,-16.5,-12.108870297140584,17.009971501227902,110.37365022481906,282.6303787554172,-45.6135016690743,-7087.335014074625,330.999999999999,-5.015014249386046,0.0
99,-1102.708682095392,-22.05417364190785,0.9594585135600344,0.0,1.0,11.60000000000003,232,1.4164429351944348,22.0,2.9765548740966654,6.585049152374268,6.376912593841553,5.269592761993408,0.11759767681360245,-13.130414319084077,0.0,-9.0,-15.55047018894557,8.013635692982387,109.59703104347969,268.8623925364602,-42.737715598068434,-1787.489959108707,383.9999999999997,-5.273182153508807,0.0
100,-6593.198338473053,-131.8639667694611,0.9507409368147379,0.0,1.0,24.40000000000021,488,1.4659582427168478,22.0,5.093178448555195,0.3077579736709595,0.3117871582508087,7.799827575683594,0.11198870092630386,-27.150806214245442,0.0,-18.0,-22.97633248087136,22.79393006374433,146.36268329014206,377.9151495112758,-91.90301372649907,-7228.116913948466,255.9999999999979,-8.123034968127845,0.0
101,-3946.764180127541,-78.93528360255077,0.9517726345081785,0.0,1.0,17.85000000000012,357,1.433056672998503,22.0,3.2341876783908177,0.28989720344543457,0.26889240741729736,6.666472911834717,0.10809201002120972,-19.395437993669628,0.0,-10.5,-16.76724296883309,16.439460830706363,117.43533487822721,315.48201459226686,-64.07241794701986,-4600.8256219345685,321.4999999999988,-6.06026958464682,0.0
102,-2065.125193133777,-41.30250386267552,0.9601335013020109,0.0,1.0,17.650000000000116,353,1.5045512288217842,22.0,2.917059526758309,10.640786170959473,10.342714309692383,6.936654090881348,0.1043817400932312,-16.61900500991513,0.0,-15.0,-22.191969658137605,13.511437551887791,134.79744031723163,352.8217363716692,-79.99898050547,-2748.5815709769845,323.49999999999886,-7.364281224056106,0.0
103,-954.1057573365784,-19.082115146731596,0.9515996869788652,0.0,1.0,25.300000000000225,506,1.47410307759824,22.0,6.685379330250957,0.34231093525886536,0.32519447803497314,6.451854705810547,0.09929739683866501,-24.589116765314113,0.0,-12.0,-37.84250487617424,15.845474866063238,161.03414685478862,454.4148159949402,-125.83416548388641,-1619.8171453600264,246.99999999999775,-12.317262566968363,0.0
104,-5809.71424276882,-116.19428485537637,1.0,0.0,1.0,23.250000000000195,465,1.448517187885059,22.0,2.3161407363514996,0.36312174797058105,0.34367477893829346,8.659024238586426,0.09484338015317917,-21.860305682160476,0.0,-16.5,-24.355528617793702,19.72560095685323,127.05419706257857,381.87286218663905,-89.7212720829507,-6444.692597070411,267.49999999999807,-8.737199521573368,0.0
105,193.52306364919602,3.870461272983917,0.9501858332933875,0.0,1.0,6.999999999999983,140,1.4750348602022443,22.0,2.739809278294497,0.721442699432373,0.4573095142841339,8.35944938659668,0.09353256970643997,-6.647832051723235,0.0,-3.0,-7.461092258523518,5.8128619020544905,66.05424694962497,171.52697223566216,-0.21934321904549137,-459.8491808598809,430.00000000000017,-2.693569048972753,0.0
106,-1049.5707652811218,-20.991415305622503,0.9508402807872169,0.0,1.0,25.75000000000023,515,1.4390930619633313,22.0,7.314334899648911,0.34894758462905884,0.2302306741476059,7.758325099945068,0.0889085978269577,-25.191174992437297,0.0,-15.0,-35.80210084546731,17.781026240443506,164.19920268594814,449.39722602282814,-123.66487799161297,-1712.0805795210451,242.49999999999767,-11.709486879778215,0.0
107,-2431.994683340187,-48.6398936668037,0.9511393306474909,0.0,1.0,24.600000000000215,492,1.4626151802457446,22.0,5.427339468607474,0.3642512261867523,0.245477557182312,8.481338500976562,0.08467577397823334,-23.46384630622901,0.0,-15.0,-33.66973396954197,17.06550100507615,170.57331955648203,445.34214489115686,-121.83869572204819,-3113.8561232976163,253.99999999999784,-11.147249497461903,0.0
108,192.64489476913124,3.8528978953826227,0.9501554915012986,0.0,1.0,6.999999999999983,140,1.4601927874343736,22.0,2.7399089815207365,0.4351249039173126,0.42418035864830017,9.387481689453125,0.08348388969898224,-7.803089902133156,0.0,-3.0,-7.462198643389867,5.812027859137112,66.03961621401157,171.51921657564034,-0.21832360240289006,-459.5483676613005,430.00000000000017,-2.693986070431444,0.0
109,-1156.8243686418202,-23.136487372836392,0.950194804413329,0.0,1.0,25.400000000000226,508,1.4189456695998748,22.0,6.8553208903529255,8.417977333068848,8.318865776062012,8.92941951751709,0.07999999821186066,-23.010786467168305,0.0,-12.0,-35.60152244155738,17.369640078068652,168.8951112782162,450.95670443803215,-124.40961761939236,-1833.3887179470512,245.99999999999773,-11.635179960965637,0.0
110,191.89548902762527,3.8379097805525086,0.9501258280096077,0.0,1.0,6.999999999999983,140,1.3726088875106404,22.0,2.7400069188207996,0.6749495267868042,0.6892711520195007,11.846549987792969,0.07999999821186066,-8.823017272314896,0.0,-3.0,-7.463278901998285,5.8112152226740434,66.02540523869293,171.5116468620411,-0.21733236458294058,-459.2547573682237,430.00000000000017,-2.694392388662977,0.0
111,193.57125216970488,3.8714250433940993,0.9501578663632217,0.0,1.0,6.999999999999983,140,1.3751756608486176,22.0,2.7399011940202995,0.8425520658493042,0.9198386669158936,8.390342712402344,0.07999999821186066,-6.854791439018956,0.0,-3.0,-7.462113082880559,5.812093204318299,66.04077576926086,171.5198310054041,-0.2184066933441109,-459.572183196194,430.00000000000017,-2.6939533978408496,0.0
112,193.2355555428714,3.864711110857426,0.9500907795377556,0.0,1.0,6.999999999999983,140,1.377282493029322,22.0,2.7401250702354987,1.6087816953659058,1.5581225156784058,10.189699172973633,0.07999999821186066,-7.798112475386952,0.0,-3.0,-7.464503325286036,5.810294572102164,66.00936498014443,171.5028507453067,-0.21622685711585987,-458.91325938294426,430.00000000000017,-2.6948527139489196,0.0
113,-3627.3717858315285,-72.54743571663055,0.9523951072128107,0.0,1.0,17.95000000000012,359,1.4149822463232162,22.0,3.441599051040041,9.237751960754395,9.306442260742188,10.186327934265137,0.07999999821186066,-17.559220809366565,0.0,-12.0,-17.621194274931188,16.05566828458273,120.98764980448625,319.02014491597316,-65.59512249674111,-4284.82754539782,320.4999999999988,-6.332165857708638,0.0
114,192.54190595432013,3.850838119086406,0.9501438223988243,0.0,1.0,6.999999999999983,140,1.4090530961751937,22.0,2.7399474852548535,1.8552477359771729,1.7081387042999268,9.458263397216797,0.07999999821186066,-8.012486760469837,0.0,-3.0,-7.4626255536151795,5.811707285252844,66.03401886559979,171.5162391343991,-0.21793382338257672,-459.4328668360905,430.00000000000017,-2.694146357373579,0.0
115,192.21072374765907,3.844214474953179,0.9501586884468447,0.0,1.0,6.999999999999983,140,1.424592941573688,22.0,2.7398983597546507,0.600824773311615,0.7255551815032959,8.78152847290039,0.07999999821186066,-8.208058036040521,0.0,-3.0,-7.462087894025351,5.812112780420022,66.04112634425037,171.52003291872862,-0.21843066590966131,-459.58002808997475,430.00000000000017,-2.693943609789989,0.0
116,191.94748514016467,3.838949702803296,0.950179353644691,0.0,1.0,6.999999999999983,140,1.4607105397752354,22.0,2.73983017632938,0.30343276262283325,0.21196885406970978,10.404949188232422,0.07999999821186066,-8.282823553765065,0.0,-3.0,-7.461332117402913,5.812680355688988,66.05103838260003,171.52530559520594,-0.21912086184958213,-459.7846028381573,430.00000000000017,-2.6936598221555057,0.0
117,-1772.638218705539,-35.452764374110764,0.9513212674210385,0.0,1.0,17.95000000000012,359,1.4374553626792343,22.0,3.5389969518740165,0.2268364578485489,0.26940593123435974,8.21061897277832,0.07999999821186066,-12.998050691499481,0.0,-12.0,-23.241348021435325,13.207685689155836,136.79957060122902,361.65792159580747,-84.63115264889795,-2464.176688074475,320.4999999999988,-7.756157155422083,0.0
118,191.65390348891523,3.8330780697783,0.9501451624047825,0.0,1.0,6.999999999999983,140,1.518236459153039,22.0,2.7399430416767294,0.3973862826824188,0.35698840022087097,10.445911407470703,0.07999999821186066,-8.88825846292799,0.0,-3.0,-7.462578283829254,5.811743270709317,66.03465469544878,171.51658116558195,-0.2179786367649328,-459.44613189465775,430.00000000000017,-2.694128364645342,0.0
119,194.22983702326925,3.8845967404653834,0.9501036531633869,0.0,1.0,6.999999999999983,140,1.419159397482872,22.0,2.740080776943645,9.704431533813477,9.749706268310547,10.88940143585205,0.07999999821186066,-6.689179024086333,0.0,-3.0,-7.464072336051247,5.810619282402798,66.01501275511814,171.5060401045772,-0.21661446007446017,-459.03727893981835,430.00000000000017,-2.6946903587986015,0.0
120,201.05632413784298,4.021126482756858,0.9509430940675996,0.0,1.0,7.099999999999983,142,1.2764319152059689,22.0,2.4602858759744732,0.6012030839920044,0.4060966372489929,11.909749031066895,0.07999999821186066,-7.355501913644352,0.0,-3.0,-7.502993495279076,5.953187008077219,66.22025025065359,171.755978188221,-0.2605427804680538,-451.05064662375605,429.00000000000017,-2.7034064959613904,0.0
121,-2341.2287381759193,-46.82457476351837,0.9500429884945738,0.0,1.0,30.5000000000003,610,1.3481249617260012,22.0,9.829016815536878,9.958612442016602,10.551323890686035,10.746665000915527,0.07999999821186066,-28.010232875725748,0.0,-18.0,-42.75647076592487,22.183526584578605,206.10924815947524,505.64339505758755,-148.72695872380623,-3019.3630089043872,194.99999999999704,-13.308236707710694,0.0
122,-4705.725448453077,-94.11450896906162,0.9504936433038138,0.0,1.0,25.75000000000023,515,1.3612001560845421,22.0,7.319714664799759,0.5562524199485779,0.43851494789123535,12.58116626739502,0.07999999821186066,-24.800139790565694,0.0,-15.0,-27.294575646809477,22.380322487661928,136.0096262599493,392.86631678530046,-98.5677604402729,-5324.409399352178,242.49999999999767,-9.409838756169036,0.0
123,-20.536838622570087,-0.41073677245139795,0.9513282481950069,0.0,1.0,12.550000000000043,251,1.5102205521082024,22.0,3.31109822727918,20.665821075439453,20.825904846191406,13.851033210754395,0.07999999821186066,-9.314762561403619,0.0,-6.0,-18.753566875119905,7.576617300317579,93.47037835835752,272.0024322268909,-44.78371002301747,-682.9825356987527,374.49999999999955,-6.251691349841216,0.0
124,-2869.674069430636,-57.39348138861271,0.9512925197860076,0.0,1.0,25.60000000000023,512,1.4519462747848593,22.0,7.074811316235038,0.44933420419692993,0.36725857853889465,12.509122848510742,0.07999999821186066,-23.001869507834588,0.0,-12.0,-32.766262999242024,18.843167255666003,149.79132085109728,442.44329501785955,-120.53806286950145,-3525.3872408065104,243.99999999999773,-11.058416372166997,0.0
125,-201.38680708771767,-4.027736141754345,0.9523222482446771,0.0,1.0,12.150000000000038,243,1.5151294968991613,22.0,3.60380210698666,0.6791312098503113,0.920819103717804,14.308440208435059,0.07999999821186066,-9.931123460233762,0.0,-6.0,-17.874288927080272,7.539478972221025,100.64899901854261,277.1371928789879,-46.98630586442047,-878.4704991918447,378.49999999999966,-5.9502605138894875,0.0
126,193.70313086668372,3.8740626173336716,0.9501660064274144,0.0,1.0,6.999999999999983,140,1.5157405846885272,22.0,2.7398742295134775,0.38869810104370117,0.27275630831718445,10.076702117919922,0.07999999821186066,-6.648922067265084,0.0,-3.0,-7.46181893984168,5.812314391498191,66.04464136184495,171.52189999209696,-0.2186750378499447,-459.65246602954915,430.00000000000017,-2.693842804250905,0.0
127,192.61870554606278,3.852374110921253,0.9501314412365978,0.0,1.0,6.999999999999983,140,1.3706365327749934,22.0,2.7399884663987044,0.2550147771835327,0.2193925827741623,12.74992847442627,0.07999999821186066,-8.048667703782591,0.0,-3.0,-7.463067635220762,5.811372208496164,66.02812021377217,171.51307865083749,-0.2175196569999649,-459.31029663528795,430.00000000000017,-2.694313895751919,0.0
128,-1676.9656903283437,-33.53931380656684,0.9508550012835164,0.0,1.0,25.70000000000023,514,1.47818103861716,22.0,7.260927670773894,0.4670344591140747,0.38576629757881165,14.219751358032227,0.07999999821186066,-22.388391926307943,0.0,-10.5,-36.756860800042176,16.871884224447072,152.47585798035576,449.84586879683366,-123.86309714035602,-2333.5268935754934,242.99999999999773,-12.12405788777644,0.0
129,194.99804730770003,3.899960946154004,0.9501269913418453,0.0,1.0,6.999999999999983,140,1.4213573262095451,22.0,2.740020088666097,0.44882187247276306,0.40557485818862915,12.396180152893066,0.07999999821186066,-5.632451822380609,0.0,-3.0,-7.4627956066279415,5.811643429770888,66.03416670067872,171.5142204845345,-0.2183831302232342,-459.3541744629379,430.00000000000017,-2.694178285114554,0.0
130,194.49694358658286,3.889938871731659,0.9501504761090538,0.0,1.0,6.999999999999983,140,1.5154865824750492,22.0,2.739925506307125,11.922184944152832,12.37328052520752,13.310159683227539,0.07999999821186066,-5.996762013472033,0.0,-3.0,-7.462384083267184,5.8118891594932744,66.03720288744002,171.51793704690132,-0.21815615434295665,-459.4987278359163,430.00000000000017,-2.6940554202533615,0.0
131,195.00457298085362,3.9000914596170686,0.95010378375572,0.0,1.0,6.999999999999983,140,1.4252496766192573,22.0,2.7401133340084964,0.4710068106651306,0.24610936641693115,12.804888725280762,0.07999999821186066,-5.872719517350196,0.0,-3.0,-7.463626033430651,5.811011215884912,66.0235665798549,171.50758552135886,-0.2172908645907512,-459.08945952881606,430.00000000000017,-2.6944943920575444,0.0
132,27.082278391130217,0.541645567822604,0.9510194632814306,0.0,1.0,18.800000000000132,376,1.5600687861442566,22.0,2.817026133563839,13.421083450317383,13.749988555908203,13.9365234375,0.07999999821186066,-17.287797575304285,0.0,-9.0,-31.57349947987204,9.183873866279814,103.76764814774926,354.6077641895497,-81.52189368839655,-602.6457540020142,311.9999999999987,-10.448063066860094,0.0
133,192.53862738321953,3.8507725476643904,0.9501427928693491,0.0,1.0,6.999999999999983,140,1.4031657321112496,22.0,2.739957660845821,0.4726671874523163,0.4705955386161804,13.575983047485352,0.07999999821186066,-8.018587288668773,0.0,-3.0,-7.462581595561129,5.811751623648532,66.03515430558801,171.51623453281547,-0.2180141405922953,-459.43120586583467,430.00000000000017,-2.694124188175734,0.0
134,193.7191251742503,3.8743825034850072,0.9501247232529295,0.0,1.0,6.999999999999983,140,1.4157286509871483,22.0,2.740010638585119,0.3632506728172302,0.1922524869441986,14.300342559814453,0.07999999821186066,-7.009502837195178,0.0,-3.0,-7.463312964406778,5.811187840308111,66.02489893520944,171.51136431637224,-0.21729516926436432,-459.24380886692705,430.00000000000017,-2.6944060798459453,0.0
135,193.2618058369266,3.8652361167385347,0.9501725166510193,0.0,1.0,6.999999999999983,140,1.5086305264915738,22.0,2.739852735816895,0.9917652606964111,1.0477612018585205,12.715121269226074,0.07999999821186066,-7.030862663577576,0.0,-3.0,-7.461582020961281,5.812492646819028,66.04775963216942,171.52356117481574,-0.21889252339214238,-459.7169167323562,430.00000000000017,-2.693753676590486,0.0
136,-1622.7327659985183,-32.45465531997037,0.9584944755745093,0.0,1.0,11.500000000000028,230,1.5047510603199834,22.0,2.6684489632606656,0.2853783667087555,0.2444249987602234,15.26720905303955,0.07999999821186066,-10.62489957359022,0.0,-7.5,-14.266810874478065,8.650984820729324,101.1863424503634,260.46904697768457,-39.084462833010136,-2301.6884593765817,384.9999999999997,-4.874507589635339,0.0
137,196.1444521550358,3.9228890431007146,0.9508388175891085,0.0,1.0,7.049999999999983,141,1.3654179535013564,22.0,2.5999749524496174,13.482465744018555,13.719898223876953,12.31781005859375,0.07999999821186066,-7.549473719833843,0.0,-3.0,-7.480276622305969,5.883279835383258,66.12935470395912,171.66994243666846,-0.23064678694622032,-456.0793676095807,429.50000000000017,-2.6983600823083713,0.0
138,193.2101726835241,3.864203453670485,0.9501334848753558,0.0,1.0,6.999999999999983,140,1.2723879699196134,22.0,2.7399817312932284,25.832874298095703,26.2637882232666,13.446941375732422,0.07999999821186066,-7.438567227506794,0.0,-3.0,-7.462992385722488,5.811428598386224,66.02910299248082,171.51360021255184,-0.21758797110569716,-459.3305258347532,430.00000000000017,-2.6942857008068883,0.0
139,-4371.718676892861,-87.43437353785725,0.9505843938127638,0.0,1.0,23.900000000000205,478,1.3679443117714327,22.0,3.91312513405729,0.30250948667526245,0.2167247235774994,13.30076789855957,0.07999999821186066,-21.717102698529125,0.0,-16.5,-29.17016191183487,18.11614855118766,133.15841674589885,385.07144543131125,-95.0961131311173,-4996.519384155372,260.99999999999795,-10.061925724406171,0.0
140,190.64967827322164,3.8129935654644393,0.9501596314395637,0.0,1.0,6.999999999999983,140,1.3751114517450334,22.0,2.739895331336493,0.3129802346229553,0.1955866515636444,14.480344772338867,0.07999999821186066,-9.760558393949761,0.0,-3.0,-7.462046398632551,5.812141959511341,66.04160507101626,171.52027282759252,-0.21846185265379958,-459.589345919418,430.00000000000017,-2.69392902024433,0.0
141,-3524.900155363488,-70.4980031072697,0.9535757682781016,0.0,1.0,24.100000000000207,482,1.367573389250213,22.0,4.43993000716805,0.7560797333717346,0.8539396524429321,14.307565689086914,0.07999999821186066,-18.539083492272322,0.0,-18.0,-29.565139607150947,19.16325643169588,169.74311695164553,432.15141114630393,-115.78123238055366,-4213.3741126290015,258.99999999999795,-9.698371784152073,0.0
142,193.81416154439196,3.8762832308878377,0.9501632385225156,0.0,1.0,6.999999999999983,140,1.314440599509648,22.0,2.7398834073492817,13.997811317443848,13.928123474121094,13.88958740234375,0.07999999821186066,-6.563164415653562,0.0,-3.0,-7.461916382788045,5.812240141206872,66.0433281036202,171.5211933776387,-0.21858241937154688,-459.6250569308644,430.00000000000017,-2.693879929396564,0.0
143,-4699.44899024786,-93.98897980495727,0.9501203380061736,0.0,1.0,29.350000000000282,587,1.4154633397848886,22.0,9.537145611707635,0.9689401388168335,0.7649857401847839,15.229299545288086,0.07999999821186066,-26.08062986245895,0.0,-15.0,-32.91608384990198,25.5765693497147,173.66277940984654,443.68505871159215,-121.18373238688014,-5343.0012362946245,206.49999999999716,-10.691715325142656,0.0
144,192.5825217908052,3.8516504358161,0.9501878816852611,0.0,1.0,6.999999999999983,140,1.4961879281061037,22.0,2.739801949576402,0.44455280900001526,0.3988652527332306,16.093189239501953,0.07999999821186066,-7.569939584077799,0.0,-3.0,-7.461027990482518,5.812910942093075,66.0550999330656,171.52748220104812,-0.21940599897824598,-459.8690531829099,430.00000000000017,-2.6935445289534616,0.0
145,191.46158798471106,3.8292317596942285,0.9501325799827147,0.0,1.0,6.999999999999983,140,1.270879538144384,22.0,2.7399905546390713,0.7916651964187622,0.7352610230445862,13.592275619506836,0.07999999821186066,-9.177267303629844,0.0,-3.0,-7.462906977100998,5.811509819851412,66.03089844506006,171.51393067312605,-0.2178072338833026,-459.34252434863805,430.00000000000017,-2.694245090074294,0.0
146,-5005.908905934766,-100.11817811869538,0.9541823103275844,0.0,1.0,23.750000000000203,475,1.476873873409472,22.0,3.2940831034797666,0.4622831344604492,0.33211028575897217,15.316750526428223,0.07999999821186066,-21.51172169826716,0.0,-16.5,-27.825141896870523,18.644785773089747,122.42000558099934,387.3643010981755,-95.82732677298237,-5625.496200905453,262.49999999999795,-9.677607113455135,0.0
147,-1664.129352612461,-33.282587052249205,0.9569256454716069,0.0,1.0,17.550000000000114,351,1.5113055562531506,22.0,2.71578641921711,0.45945411920547485,0.37377071380615234,16.739774703979492,0.07999999821186066,-15.198655501299934,0.0,-15.0,-23.064180929248213,12.861350905627491,139.75061555883374,359.3054491436904,-83.13725909280059,-2356.537348150077,324.49999999999886,-7.609324547186259,0.0
148,192.39381662796674,3.847876332559336,0.9501452055543993,0.0,1.0,6.999999999999983,140,1.4184787963117873,22.0,2.7399501626300697,0.6805709600448608,0.662534773349762,14.735269546508789,0.07999999821186066,-8.125430563724365,0.0,-3.0,-7.462424669554295,5.811878378770046,66.03745967056967,171.5172900470875,-0.21829024324253155,-459.47260518132447,430.00000000000017,-2.6940608106149786,0.0
149,192.98100130061556,3.8596200260123155,0.9501382843050217,0.0,1.0,6.999999999999983,140,1.4711343873824392,22.0,2.7399658525635244,0.3411037027835846,0.32940250635147095,16.1561336517334,0.07999999821186066,-7.6239546292228635,0.0,-3.0,-7.462820134220207,5.811558881879328,66.03139212027426,171.51482510930592,-0.2177484152898046,-459.37803107305075,430.00000000000017,-2.6942205590603368,0.0
150,191.2076819730312,3.8241536394606266,0.9501690318798839,0.0,1.0,6.999999999999983,140,1.3488355281097548,22.0,2.7398642614444775,0.3518561124801636,0.23558440804481506,14.053834915161133,0.07999999821186066,-9.116786943766165,0.0,-3.0,-7.46170710929382,5.81239804163506,66.04609706258607,171.52267182926002,-0.21877604039152843,-459.68241388781604,430.00000000000017,-2.693800979182471,0.0
151,193.36950001402573,3.8673900002805155,0.9501233915089182,0.0,1.0,6.999999999999983,140,1.5583281919360161,22.0,2.74001499959724,0.6833400130271912,0.2879081964492798,16.140857696533203,0.07999999821186066,-7.371247852831138,0.0,-3.0,-7.463364523619935,5.81114992295759,66.02424942163402,171.5110247594325,-0.21725079458985164,-459.2306358804363,430.00000000000017,-2.6944250385212034,0.0
152,-5387.181804950267,-107.74363609900539,0.9546576696885796,0.0,1.0,23.4500000000002,469,1.4922618552057474,22.0,2.9469984621613055,0.494236022233963,0.4348395764827728,16.049726486206055,0.07999999821186066,-21.866512901689003,0.0,-13.5,-27.94130659050686,17.459927215166218,120.34523980938616,368.2389321247727,-87.28913403592372,-5998.098914179057,265.499999999998,-10.03003639241688,0.0
153,192.25187362733146,3.845037472546629,0.950160877082179,0.0,1.0,6.999999999999983,140,1.5873157086116927,22.0,2.739891238847262,0.7280690670013428,1.1590789556503296,17.582738876342773,0.07999999821186066,-8.14701463740696,0.0,-3.0,-7.461999359580251,5.812176866197504,66.04220812980861,171.52059051158375,-0.21850339412953446,-459.6016729222405,430.00000000000017,-2.693911566901247,0.0
154,-2923.0026382820856,-58.460052765641734,0.9552519701947813,0.0,1.0,11.200000000000024,224,1.4158633636044604,22.0,2.3743586593040655,0.5870587825775146,0.33353757858276367,14.437019348144531,0.07999999821186066,-11.116224747001093,0.0,-9.0,-12.150896603272141,9.15517894516476,100.68050989880209,249.87098043814007,-34.63361146803533,-3599.426164218468,387.9999999999998,-4.38241052741762,0.0
155,-2489.6513794469533,-49.79302758893906,0.9554782629355782,0.0,1.0,11.350000000000026,227,1.509387933341417,22.0,2.4155581315552768,15.883869171142578,15.904600143432617,17.718978881835938,0.07999999821186066,-11.802757009094208,0.0,-9.0,-13.134979777313175,8.979800180250502,100.95658998089404,256.59521306277134,-37.60405588194105,-3166.5510900926456,386.4999999999998,-4.5900999098747475,0.0
156,440.73422613978255,8.814684522795654,0.9503507338243025,0.0,1.0,32.90000000000027,658,1.6262286457609623,22.0,9.967689325123294,17.111896514892578,17.495466232299805,18.919069290161133,0.07999999821186066,-28.763051392057022,0.0,-12.0,-67.01094232366445,10.039214142514341,124.56406621915716,338.7190926899413,-74.51376026736305,0.0,170.99999999999733,-21.300392928742628,0.0
157,191.84717430899963,3.836943486179991,0.9501354285680204,0.0,1.0,6.999999999999983,140,1.449055722142969,22.0,2.7399751950382973,1.1502851247787476,1.047239899635315,17.596437454223633,0.07999999821186066,-8.78372199200603,0.0,-3.0,-7.462933103066113,5.8114765827741905,66.02999511090945,171.51409839485623,-0.21765389004999136,-459.34982508580526,430.00000000000017,-2.6942617086129035,0.0
158,193.00598127349892,3.86011962546998,0.9501260567759768,0.0,1.0,6.999999999999983,140,1.4336918205022813,22.0,2.740006262844948,0.5181675553321838,0.4217677116394043,17.438678741455078,0.07999999821186066,-7.710504576784572,0.0,-3.0,-7.463262085618584,5.811225457717815,66.02554648253168,171.51170440419315,-0.2173396375632386,-459.2570014998366,430.00000000000017,-2.694387271141092,0.0
159,192.6258725760376,3.8525174515207565,0.9500669615799919,0.0,1.0,6.999999999999983,140,1.2675343734877451,22.0,2.7402350799958892,16.02901268005371,16.421337127685547,17.884750366210938,0.07999999821186066,-8.082145906952206,0.0,-3.0,-7.462953726391676,5.811835723289036,66.04172932887606,171.51043661519776,-0.22150379146635757,-459.2774435281597,430.00000000000017,-2.6940821383554807,0.0
160,-2797.1203615014883,-55.942407230029744,0.9578268788353212,0.0,1.0,17.700000000000117,354,1.395526339694605,22.0,3.210494068998611,0.4120965003967285,0.3987388610839844,19.859630584716797,0.07999999821186066,-13.549335009412566,0.0,-15.0,-21.077116869988927,13.976198873923307,135.97561695833704,343.7792407629754,-76.16462336560775,-3480.8884422886726,322.99999999999886,-7.171900563038344,0.0
161,191.50209451631753,3.83004189032635,0.9501644668522129,0.0,1.0,6.999999999999983,140,1.4136181145906448,22.0,2.7398792635009674,0.3590613603591919,0.2718551754951477,14.025300025939941,0.07999999821186066,-8.863966672178357,0.0,-3.0,-7.461879253223232,5.8122702399192026,66.04388820613502,171.5215076290666,-0.2186238202970081,-459.63723693306457,430.00000000000017,-2.6938648800404,0.0
162,193.36708052494023,3.8673416104987997,0.950148028200746,0.0,1.0,6.999999999999983,140,1.453367173245975,22.0,2.7399336087555914,1.096819519996643,0.8579760193824768,16.73523712158203,0.07999999821186066,-7.148964142741716,0.0,-3.0,-7.46247151414587,5.811822903528663,66.03603674184029,171.51731221723236,-0.21807428493252345,-459.4744928476057,430.00000000000017,-2.694088548235669,0.0
163,-2043.6333626530495,-40.872667253060975,0.965049194902166,0.0,1.0,11.450000000000028,229,1.5139082523152296,22.0,2.5731017267606067,17.052433013916016,17.70446014404297,16.32632064819336,0.07999999821186066,-10.135571500837393,0.0,-9.0,-13.791705891807037,8.803120960391167,103.320772703474,261.3640982166991,-38.95788583747081,-2725.9777517836924,385.4999999999997,-4.758439519804418,0.0
164,191.83708960879517,3.8367417921759035,0.9501580939431014,0.0,1.0,6.999999999999983,140,1.419108517255102,22.0,2.739900352381521,0.38574549555778503,0.3185651898384094,17.158491134643555,0.07999999821186066,-8.587132771114122,0.0,-3.0,-7.462107106884001,5.812097639973408,66.04085106102733,171.51988100342032,-0.2184107082942255,-459.5741383293203,430.00000000000017,-2.693951180013296,0.0
165,-1203.2466103488287,-24.06493220697656,0.9535741852609845,0.0,1.0,17.650000000000116,353,1.4771770715038095,22.0,2.992123031382478,0.5235385894775391,0.47011005878448486,17.33306312561035,0.07999999821186066,-13.74073335450247,0.0,-15.0,-23.760596701327934,12.610976030817453,139.55585917562988,361.40164098780986,-84.33701672925899,-1895.6622277734043,323.49999999999886,-7.814511984591276,0.0
166,-4656.7286099673465,-93.13457219934692,0.9579551526903922,0.0,1.0,23.400000000000198,468,1.4389225228602052,22.0,2.9538522149687676,0.8966191411018372,0.44050127267837524,15.010564804077148,0.07999999821186066,-18.490038350061987,0.0,-16.5,-27.291157650067824,18.915973733248187,171.48289156180692,409.2066198638828,-105.23319661316089,-5345.557689379617,265.999999999998,-9.262013133375909,0.0
167,-1982.7705402079648,-39.65541080415938,0.9510468941329493,0.0,1.0,27.300000000000253,546,1.5721140139814698,22.0,8.784220308974703,0.4768173098564148,0.5287461280822754,19.034515380859375,0.07999999821186066,-26.608371609459,0.0,-12.0,-38.75040318625833,16.924846068697693,140.79896969654413,409.3298297570237,-105.84061725026348,-2580.2472167185992,226.9999999999975,-13.377576965651086,0.0
168,193.80897510103262,3.876179502020652,0.9501597116140053,0.0,1.0,6.999999999999983,140,1.3417990441833223,22.0,2.739895032766332,0.5078914165496826,0.548969030380249,16.808712005615234,0.07999999821186066,-6.600324256410746,0.0,-3.0,-7.462048280635437,5.812142305834069,66.0416390865979,171.52029835808943,-0.21846678558597787,-459.59033647977367,430.00000000000017,-2.693928847082966,0.0
169,193.9103106450531,3.878206212901059,0.9501378313118503,0.0,1.0,6.999999999999983,140,1.4971513079745429,22.0,2.7399672429659008,0.5799263715744019,0.642490804195404,19.037906646728516,0.07999999821186066,-6.69870453890413,0.0,-3.0,-7.462845579131463,5.811542291943189,66.03114158997442,171.51471047094032,-0.21773370435882455,-459.37357103138237,430.00000000000017,-2.694228854028407,0.0
170,194.3238068207008,3.8864761364140152,0.9501394557582992,0.0,1.0,6.999999999999983,140,1.5349763363599778,22.0,2.739961942020407,0.366414874792099,0.4386511445045471,17.206485748291016,0.07999999821186066,-6.270437857657668,0.0,-3.0,-7.462781058148939,5.811589296153045,66.03193970333123,171.5151244094536,-0.21778772131545665,-459.3896345991916,430.00000000000017,-2.6942053519234763,0.0
171,194.83279421309635,3.896655884261926,0.9501255407579419,0.0,1.0,6.999999999999983,140,1.367183728516102,22.0,2.7400097302069253,4.535018444061279,3.9015424251556396,17.556232452392578,0.07999999821186066,-5.88546266346268,0.0,-3.0,-7.4632616140886645,5.811231561442874,66.02578810944067,171.51167425847567,-0.21736752090939504,-459.2554236985238,430.00000000000017,-2.694384219278563,0.0
172,193.80653594746815,3.876130718949363,0.9501211414104944,0.0,1.0,6.999999999999983,140,1.3687302921499525,22.0,2.7400862998747453,1.3625364303588867,1.502370834350586,18.835607528686523,0.07999999821186066,-6.840083072852576,0.0,-3.0,-7.46246084672759,5.811962828852511,66.04205060123596,171.51432247330808,-0.2188964530751214,-459.34634099769926,430.00000000000017,-2.6940185855737435,0.0
173,194.8513949739543,3.897027899479088,0.9501341982026899,0.0,1.0,6.999999999999983,140,1.484728957925524,22.0,2.739979260952934,0.31173980236053467,0.2923286557197571,18.92656707763672,0.07999999821186066,-5.79076723424805,0.0,-3.0,-7.462975955874478,5.811443663217201,66.02940820474291,171.51378313767538,-0.21761220497388933,-459.3376064681935,430.00000000000017,-2.6942781683914006,0.0
174,192.36324610996292,3.84726492219926,0.9501305153613919,0.0,1.0,6.999999999999983,140,1.380846716250692,22.0,2.7399942110458606,18.141483306884766,18.782079696655273,15.74716567993164,0.07999999821186066,-8.304023977796321,0.0,-3.0,-7.463055116654243,5.811392201215093,66.02868646416306,171.51311064452418,-0.21760794643272519,-459.31095225966374,430.00000000000017,-2.694303899392454,0.0
175,-269.72409933983755,-5.394481986796747,0.9515706271952267,0.0,1.0,12.450000000000042,249,1.4215757273526555,22.0,3.5275621806684945,0.7339845895767212,0.6322338581085205,17.7858943939209,0.07999999821186066,-11.511205573012601,0.0,-6.0,-16.905167851597067,8.672054476615013,106.53734447930687,274.3907535099156,-45.82579582878871,-948.9581097905833,375.49999999999955,-5.623972761692496,0.0
176,195.32914575375108,3.9065829150750204,0.9500975910207718,0.0,1.0,6.999999999999983,140,1.3879483618906565,22.0,2.740100318951684,0.5952860116958618,0.7903303503990173,19.19549560546875,0.07999999821186066,-5.646924775429799,0.0,-3.0,-7.4642935385416465,5.810447995243881,66.0119290674143,171.50443920102248,-0.2163879187927087,-458.97528827478766,430.00000000000017,-2.694776002378059,0.0
177,-2319.7761809949498,-46.39552361989899,0.9542318012539821,0.0,1.0,18.150000000000123,363,1.3703568501413361,22.0,3.661656624823678,0.6055871248245239,0.6648611426353455,17.873199462890625,0.07999999821186066,-14.98782439269267,0.0,-12.0,-22.240347566224845,13.804415859187138,136.46858992135293,349.47772294449584,-78.98488831945734,-3002.1960573712013,318.49999999999875,-7.6177920704064315,0.0
178,198.3431761831976,3.9668635236639505,0.9507318098173254,0.0,1.0,7.049999999999983,141,1.257772557278897,22.0,2.6004167454227565,17.384170532226562,18.152944564819336,17.669828414916992,0.07999999821186066,-5.876580724854538,0.0,-3.0,-7.481532546452688,5.882725034108668,66.1277037880734,171.65478449906524,-0.23247054753181118,-455.53281583626506,429.50000000000017,-2.698637482945666,0.0
179,194.29846102754476,3.8859692205508916,0.950175849054496,0.0,1.0,6.999999999999983,140,1.3774597044501986,22.0,2.739848777797941,0.7762996554374695,0.6801934838294983,19.554611206054688,0.07999999821186066,-5.950435264938277,0.0,-3.0,-7.461348812685292,5.8126827849722,66.0514821780463,171.5248587491073,-0.21920263079913127,-459.7659173686447,430.00000000000017,-2.6936586075139006,0.0
180,-3584.615158569181,-71.69230317138354,0.9501732385518911,0.0,1.0,24.100000000000207,482,1.4925692166159261,22.0,4.445341215550565,0.2853264808654785,0.20853739976882935,17.61873435974121,0.07999999821186066,-18.15843683772268,0.0,-18.0,-29.731351528543136,19.028755995266266,170.20748616483576,432.28898974639077,-116.11458080313353,-4273.3703993039035,258.99999999999795,-9.765622002366861,0.0
181,192.80322386508416,3.8560644773016888,0.9501683901217644,0.0,1.0,6.999999999999983,140,1.5227992506963866,22.0,2.7398706868328744,0.5500697493553162,0.7512126564979553,19.17983627319336,0.07999999821186066,-7.515606965997793,0.0,-3.0,-7.46165317090306,5.812450989569231,66.04730934971845,171.52286992527385,-0.2189154237139057,-459.6894563336473,430.00000000000017,-2.693774505215384,0.0
182,-460.98783167336296,-9.219756633467256,0.9544927492679025,0.0,1.0,11.850000000000033,237,1.5125783769893244,22.0,3.4121478239285645,0.5643219947814941,0.9404435157775879,17.95353126525879,0.07999999821186066,-10.56851330342237,0.0,-6.0,-16.90993793910973,7.655212745068087,106.039173460146,275.70033960171276,-46.17406432599569,-1146.577648284296,381.49999999999966,-5.652393627465961,0.0
183,193.7736123202318,3.8754722464046356,0.9512006181759924,0.0,1.0,7.049999999999983,141,1.3754766955443307,22.0,2.59854858986245,0.34279799461364746,0.7024573683738708,17.851652145385742,0.07999999821186066,-8.163541968121434,0.0,-3.0,-7.475102969425963,5.88591147576262,66.15199771301826,171.7167241051569,-0.22249459265701432,-457.92283718138316,429.50000000000017,-2.697044262118691,0.0
184,195.75275558537427,3.915055111707484,0.9513140630511752,0.0,1.0,7.049999999999983,141,1.3288793904138796,22.0,2.5980525607553515,0.28002604842185974,0.33730265498161316,19.605419158935547,0.07999999821186066,-5.346598924460119,0.0,-3.0,-7.472796917218281,5.887384769763421,66.17049491813154,171.73823256803038,-0.2229783194750823,-458.80467489427946,429.50000000000017,-2.696307615118289,0.0
185,432.816646567916,8.656332931358321,0.951109399416536,0.0,1.0,26.50000000000024,530,1.5990916173413114,22.0,8.131317402300176,5.149660587310791,5.7041425704956055,21.212482452392578,0.07999999821186066,-28.466453056794116,0.0,-6.0,-47.63549380408161,8.950980063860666,79.57713130303237,297.3913599253362,-56.085185791270995,-33.19118210409441,234.9999999999976,-16.72450996806956,0.0
186,-3775.3165767394653,-75.50633153478933,0.9546748751354084,0.0,1.0,18.05000000000012,361,1.3089881982664653,22.0,3.468578549146705,0.5586732625961304,0.5369689464569092,18.95662498474121,0.07999999821186066,-12.958333757815401,0.0,-10.5,-17.265148663203988,16.439164541484732,120.5707321325121,323.09763247548943,-67.22495775605155,-4440.7552479826245,319.49999999999875,-6.22041772925763,0.0
187,-3992.4476478230113,-79.84895295646012,0.9512719981535622,0.0,1.0,17.800000000000118,356,1.4018291748139295,22.0,3.2261025919475492,0.5072774291038513,0.31160375475883484,18.722414016723633,0.07999999821186066,-16.497835068893487,0.0,-12.0,-16.617853769489994,16.468619860398142,120.10937547389067,314.7552386676326,-63.789457333329466,-4650.870045583416,321.9999999999988,-6.005690069800934,0.0
188,193.8762086417983,3.8775241728359644,0.9500082904445115,0.0,1.0,6.999999999999983,140,1.426383072776454,22.0,2.7405127892452716,15.936697959899902,16.396759033203125,18.953102111816406,0.07999999821186066,-7.613524050026757,0.0,-3.0,-7.4654123529075695,5.80990842328872,66.00962733557736,171.49132447800594,-0.2177031991083389,-458.44296620467566,430.00000000000017,-2.6950457883556393,0.0
189,194.3432878962779,3.8868657579255546,0.9501441028456759,0.0,1.0,6.999999999999983,140,1.426302950509957,22.0,2.7399468070171094,0.3918033242225647,0.37639325857162476,19.31909942626953,0.07999999821186066,-6.20823415401746,0.0,-3.0,-7.462604232788935,5.8117213026036465,66.03423557480428,171.5163220945671,-0.21794825882022195,-459.4360650813727,430.00000000000017,-2.694139348698178,0.0
190,201.50036067664487,4.030007213532895,0.9500151939380743,0.0,1.0,7.049999999999983,141,1.4531929941042094,22.0,2.6037964043958617,0.25925588607788086,0.4208373725414276,19.15566062927246,0.07999999821186066,-7.011799280685021,0.0,-3.0,-7.490127551797125,5.878813930276141,66.12493500088415,171.55050596684936,-0.24345380355375923,-451.1079205504673,429.50000000000017,-2.70059303486193,0.0
191,58.211253186306806,1.1642250637261364,0.950903271981913,0.0,1.0,12.800000000000047,256,1.4607916343957186,22.0,2.863675325873158,0.8558188676834106,0.9553816914558411,22.285764694213867,0.07999999821186066,-10.748256600723396,0.0,-6.0,-19.230805863236064,7.625846291097359,89.9967961320554,268.0609114483315,-43.065921107372006,-594.0002402593939,371.99999999999955,-6.427076854451321,0.0
192,-3573.6503572509605,-71.4730071450192,0.9535158860817359,0.0,1.0,24.100000000000207,482,1.4450565265545707,22.0,4.4155813675977935,15.880328178405762,17.256694793701172,17.66154670715332,0.07999999821186066,-22.267947213727897,0.0,-12.0,-31.164253273595094,16.533142439699905,128.17884944553046,377.38472243324327,-91.44527241712471,-4186.85616988483,258.99999999999795,-11.01342878015005,0.0
193,-1448.7396205775533,-28.97479241155105,0.952246242336495,0.0,1.0,11.500000000000028,230,1.4555032758609108,22.0,2.739871017906242,0.2566746473312378,0.3519311845302582,21.367713928222656,0.07999999821186066,-11.018706458588202,0.0,-9.0,-14.714672067608525,8.371160049171333,104.31821777462726,262.78408015513196,-40.613225126472365,-2128.852054928401,384.9999999999997,-5.014419975414335,0.0
194,-6685.98856894863,-133.71977137897275,0.9549666223172344,0.0,1.0,23.4500000000002,469,1.422710299110616,22.0,3.2046202556475456,0.25463441014289856,0.30457860231399536,21.229978561401367,0.07999999821186066,-19.847475582455715,0.0,-21.0,-24.570167270189675,20.570019760959607,163.6361790957177,390.3625280405961,-97.09712712155296,-7355.067535752193,265.499999999998,-8.474990119520202,0.0
195,195.10906890887233,3.90218137817745,0.950139403390575,0.0,1.0,6.999999999999983,140,1.6022991765822683,22.0,2.739962427133174,16.52776527404785,17.000329971313477,21.975889205932617,0.07999999821186066,-5.484999910300376,0.0,-3.0,-7.462774736901644,5.811593789892314,66.0320199957116,171.51513261814793,-0.21779555904199555,-459.38990418358196,430.00000000000017,-2.6942031050538433,0.0
196,198.2341580276692,3.9646831605533785,0.9504937833258265,0.0,1.0,7.049999999999983,141,1.541375014798861,22.0,2.6014400334592516,16.81391716003418,17.802934646606445,21.153533935546875,0.07999999821186066,-7.108161331122971,0.0,-3.0,-7.484236583805225,5.881628062117459,66.12760195583643,171.6279995670495,-0.23960825262257401,-454.3718794208424,429.50000000000017,-2.6991859689412707,0.0
197,194.30455540480463,3.886091108096097,0.9501511452303228,0.0,1.0,6.999999999999983,140,1.5904090887733868,22.0,2.7399234204653946,1.0297842025756836,1.254507303237915,21.227310180664062,0.07999999821186066,-6.182746546290035,0.0,-3.0,-7.462352529224207,5.811911653778249,66.03757795195541,171.51811657947673,-0.2181824168972213,-459.50572511488366,430.00000000000017,-2.694044173110876,0.0
198,-1818.749619840099,-36.374992396802014,0.9535044204619714,0.0,1.0,12.050000000000036,241,1.4629100866584857,22.0,4.076779323487605,0.4151046872138977,0.4176076650619507,21.278337478637695,0.07999999821186066,-9.621635047764281,0.0,-9.0,-13.772940656534344,9.746761383783623,104.99747330666608,261.1481026525853,-39.785469764191376,-2497.1952924065363,379.49999999999966,-4.766619308108186,0.0
199,195.94459147559144,3.918891829511832,0.9500856228500834,0.0,1.0,6.999999999999983,140,1.5692424303718975,22.0,2.740200663379464,0.9538980722427368,0.5912171602249146,20.093685150146484,0.07999999821186066,-4.92157339414407,0.0,-3.0,-7.463382411348441,5.811330337740625,66.03151503868341,171.50798834144646,-0.21892276819171386,-459.1080288374649,430.00000000000017,-2.6943348311296904,0.0
200,192.67329424028856,3.8534658848057655,0.9501500944127186,0.0,1.0,6.999999999999983,140,1.5985015737158912,22.0,2.739926910609921,26.995698928833008,26.700111389160156,20.41343879699707,0.07999999821186066,-7.823898208437205,0.0,-3.0,-7.462388223894576,5.811883500179427,66.03706516940935,171.51784097532257,-0.21814399157031872,-459.4950067308107,430.00000000000017,-2.6940582499102868,0.0
201,194.97181868069868,3.8994363736139723,0.9501272757725818,0.0,1.0,6.999999999999983,140,1.618728584264006,22.0,2.7400065244981735,15.630677223205566,15.813825607299805,18.72507667541504,0.07999999821186066,-5.730508438499236,0.0,-3.0,-7.463163922673018,5.811303812609501,66.02710595179956,171.51214789571122,-0.21743922517623915,-459.273279299378,430.00000000000017,-2.6943480936952495,0.0
202,194.02567326700608,3.8805134653401243,0.9501141069593668,0.0,1.0,6.999999999999983,140,1.6463036083749363,22.0,2.740048338203262,16.121170043945312,16.927858352661133,20.12579345703125,0.07999999821186066,-6.79458735266695,0.0,-3.0,-7.463662335512092,5.810932390969804,66.02060943390441,171.5088272901374,-0.21701690553397768,-459.1448954497777,430.00000000000017,-2.6945338045150975,0.0
203,194.8426297514626,3.8968525950292507,0.9501101476012725,0.0,1.0,6.999999999999983,140,1.6074575296470097,22.0,2.7400587921008848,1.0575523376464844,0.7622696161270142,20.69268798828125,0.07999999821186066,-6.018918675662135,0.0,-3.0,-7.463841501238507,5.810789566992797,66.0179244489347,171.50764432287812,-0.21680789095508857,-459.0995553029836,430.00000000000017,-2.6946052165036036,0.0
204,-582.3543898606157,-11.64708779721232,0.9517247881808661,0.0,1.0,11.750000000000032,235,1.356884571719677,22.0,3.31263372104212,19.48154067993164,19.602148056030273,19.415246963500977,0.07999999821186066,-10.794545800951303,0.0,-6.0,-16.897468726234504,7.449790641739553,111.14646074245971,275.7819428760913,-46.43176933490457,-1273.4336955796855,382.49999999999966,-5.675104679130223,0.0
205,-4758.242756083236,-95.16485512166479,0.950549947205422,0.0,1.0,24.150000000000208,483,1.4028139166827034,22.0,4.8795059839809625,0.35124671459198,0.3557446002960205,19.70709991455078,0.07999999821186066,-20.357134456970936,0.0,-15.0,-26.403539621323997,20.43904457037082,162.90451945616402,413.4623899607943,-107.71706642836364,-5434.970491849091,258.49999999999795,-9.100477714814595,0.0
206,-858.8086922237542,-17.176173844475077,0.9546594487029545,0.0,1.0,11.65000000000003,233,1.4906460887116935,22.0,3.098587778530007,0.718986988067627,0.7278121113777161,19.907896041870117,0.07999999821186066,-10.985364207228411,0.0,-9.0,-16.01764329932092,7.834972683578575,108.79951372110709,269.93979844715017,-43.60048785805263,-1543.8769680527769,383.49999999999966,-5.402513658210714,0.0
207,192.647357804756,3.852947156095115,0.9501381399553224,0.0,1.0,6.999999999999983,140,1.5625495621136256,22.0,2.7399663757621173,0.39435699582099915,0.3524928689002991,20.93392562866211,0.07999999821186066,-7.958534975097132,0.0,-3.0,-7.462828347736416,5.8115544814795115,66.03134470304644,171.51479935643113,-0.21774851754358338,-459.3770061365639,430.00000000000017,-2.694222759260244,0.0
208,193.6819702796554,3.8736394055931083,0.9501490134194905,0.0,1.0,6.999999999999983,140,1.6552262785179275,22.0,2.7399469587907337,14.56257438659668,15.097274780273438,19.577062606811523,0.07999999821186066,-6.777586010319645,0.0,-3.0,-7.462110543752784,5.812138940922836,66.04257881081261,171.5190415914316,-0.21876407818812282,-459.53939790171256,430.00000000000017,-2.693930529538584,0.0
209,196.8814771395699,3.9376295427913988,0.9513180080205184,0.0,1.0,7.049999999999983,141,1.5885514166760952,22.0,2.598148594053608,0.6015154123306274,0.536102831363678,21.66256332397461,0.07999999821186066,-4.359927887979429,0.0,-3.0,-7.472399926392498,5.887678821859659,66.17911012875587,171.73624692093574,-0.2217802121077206,-458.67129011643163,429.50000000000017,-2.6961605890701694,0.0
210,195.2122799932419,3.90424559986484,0.9501101690837732,0.0,1.0,6.999999999999983,140,1.5950739575283868,22.0,2.740058762503053,0.34675419330596924,0.579073429107666,20.552213668823242,0.07999999821186066,-5.64910005968526,0.0,-3.0,-7.463837326234859,5.810791744394264,66.01794787998621,171.5076494451828,-0.21680844893493756,-459.09975911366354,430.00000000000017,-2.6946041278028674,0.0
211,194.79869916040974,3.89597398320819,0.9501600715366247,0.0,1.0,6.999999999999983,140,1.650175670002188,22.0,2.7399360542468276,13.311245918273926,14.11468505859375,20.395708084106445,0.07999999821186066,-5.547435435269435,0.0,-3.0,-7.461444734926009,5.812673881263168,66.05317620839183,171.52253875752933,-0.21943372486077806,-459.66771273235,430.00000000000017,-2.6936630593684163,0.0
212,-3067.1593189917594,-61.34318637983523,0.9508223401834377,0.0,1.0,25.70000000000023,514,1.5137410045017992,22.0,7.243860446265,0.4666600227355957,0.45531338453292847,21.740253448486328,0.07999999821186066,-21.54274304654308,0.0,-15.0,-32.46923723471729,19.690657640193315,157.36619987883157,445.76495401033196,-122.05197012325021,-3731.2025089367007,242.99999999999773,-10.714671179903323,0.0
213,31.95842044800736,0.6391684089601455,0.9505679218621761,0.0,1.0,12.700000000000045,254,1.5354131732400007,22.0,3.071680662098979,0.39336979389190674,0.35618630051612854,20.921113967895508,0.07999999821186066,-10.027931660323377,0.0,-6.0,-19.182860450385338,7.4937634534214235,91.13595966293899,267.1499498313879,-42.68787728719835,-622.5094648285441,372.99999999999955,-6.413118273289286,0.0
214,195.1157525592229,3.902315051184461,0.9501188050055647,0.0,1.0,6.999999999999983,140,1.5604750330959047,22.0,2.740030366463773,0.2873460054397583,0.4611893892288208,19.081270217895508,0.07999999821186066,-5.666240797687785,0.0,-3.0,-7.463520703775677,5.811030872710693,66.02214547917917,171.50987252217774,-0.21710560941157198,-459.18594464032515,430.00000000000017,-2.6944845636446515,0.0
215,-3387.5184143182146,-67.75036828636428,0.9516469173587314,0.0,1.0,23.250000000000195,465,1.3842248465425224,22.0,2.7980904457769893,34.576927185058594,37.369529724121094,19.618356704711914,0.07999999821186066,-19.06420706569543,0.0,-15.0,-29.496707950534432,17.703840622259236,182.20096189855028,433.0557737740199,-116.33747939975466,-4098.332516508183,267.49999999999807,-9.748079688870385,0.0
216,-10700.837670265466,-214.01675340530912,0.9508278577848572,0.0,1.0,29.550000000000285,591,1.284879358236358,22.0,9.723103546662816,0.9733417630195618,0.9339278340339661,19.962528228759766,0.07999999821186066,-21.365047670799775,0.0,-18.0,-23.19244646822042,32.52045955879125,189.9893237292142,438.61442372909875,-118.87351525681103,-11377.651097666125,204.49999999999716,-7.379770220604315,0.0
217,-4079.9728586191845,-81.59945717238364,0.9593147469892158,0.0,1.0,17.700000000000117,354,1.4668592873771311,22.0,2.9258783034643505,23.727384567260742,25.613571166992188,22.100379943847656,0.07999999821186066,-13.956724029453866,0.0,-18.0,-16.95179133508274,16.04604127449361,116.78600481018613,309.1406653103558,-60.650671489909755,-4729.249403797017,322.99999999999886,-6.136979362753191,0.0
218,-657.686856276202,-13.153737125524053,0.9526112534783675,0.0,1.0,11.800000000000033,236,1.440698686040054,22.0,3.4463255105815267,0.32798296213150024,0.27816256880760193,21.75434112548828,0.07999999821186066,-10.673328563093671,0.0,-9.0,-16.382593097153567,7.858596242481574,109.79212644483353,271.9238836534006,-44.64615912324195,-1343.0486799546686,381.99999999999966,-5.510701878759211,0.0
219,-208.17680678456878,-4.163536135691372,0.953056906440995,0.0,1.0,12.150000000000038,243,1.5369439556765458,22.0,3.624782833014905,0.3192898631095886,0.40084129571914673,21.558025360107422,0.07999999821186066,-11.473163665523167,0.0,-6.0,-18.20767887255552,7.282183385731355,101.10549057984818,271.24553579031556,-44.30901894708284,-880.2412467481674,378.49999999999966,-6.0789083071343235,0.0
220,-257.77718558366377,-5.155543711673277,0.9519068473552053,0.0,1.0,12.050000000000036,241,1.433144760824338,22.0,3.615688541428693,0.3771413266658783,0.4159083366394043,21.011138916015625,0.07999999821186066,-9.331754252121096,0.0,-6.0,-18.02533373356894,7.229590234170072,102.92841696540198,271.0327238595614,-44.30644059361083,-934.779183180581,379.49999999999966,-6.025204882914961,0.0
221,-1467.0825551028345,-29.341651102056684,0.9529752133951581,0.0,1.0,11.500000000000028,230,1.4620747312255529,22.0,2.7303633491978827,0.536413311958313,0.39528852701187134,21.380325317382812,0.07999999821186066,-9.211199744966558,0.0,-9.0,-14.64893187509453,8.413714047079562,103.75182377903876,262.4188341683088,-40.39257589208022,-2148.42107660866,384.9999999999997,-4.993142976460218,0.0
222,-3890.6648838431224,-77.81329767686245,1.0,0.0,1.0,18.300000000000125,366,1.501737687431398,22.0,2.8123843898202163,0.4132280647754669,0.49465811252593994,21.425642013549805,0.07999999821186066,-11.714806306518946,0.0,-9.0,-20.4354612285831,14.60439695903749,93.17187034892153,304.37725177338314,-55.278778565948016,-4516.05155530293,316.99999999999875,-7.337801520481259,0.0
223,194.48759833317644,3.889751966663532,0.9501249977942194,0.0,1.0,6.999999999999983,140,1.598113035091332,22.0,2.7400096644096155,14.951022148132324,15.679340362548828,20.701337814331055,0.07999999821186066,-6.238465715814672,0.0,-3.0,-7.463309355010692,5.811192421154661,66.02500832773782,171.51143540073417,-0.21730479901094668,-459.2465541571911,430.00000000000017,-2.69440378942267,0.0
224,194.49707511529425,3.889941502305888,0.9500911663329537,0.0,1.0,6.999999999999983,140,1.5843547482575688,22.0,2.740121530563897,0.4232693016529083,0.27171680331230164,22.437091827392578,0.07999999821186066,-6.537567715131444,0.0,-3.0,-7.464527592228232,5.81027191141587,66.00885011273117,171.5027994192752,-0.2161731019304547,-458.91171387454585,430.00000000000017,-2.694864044292064,0.0
225,194.12400450667047,3.8824800901334084,0.9501560083265046,0.0,1.0,6.999999999999983,140,1.6462047087294716,22.0,2.739907204248797,1.1879198551177979,0.90143221616745,23.28243064880371,0.07999999821186066,-6.319219610439905,0.0,-3.0,-7.462185824557059,5.812039208824957,66.03984121923152,171.5193490549884,-0.21834113609674688,-459.55349800969327,430.00000000000017,-2.6939803955875217,0.0
226,-9013.161434362108,-180.2632286872421,0.9580747214938643,0.0,1.0,23.300000000000196,466,1.420921617119609,22.0,2.5203567599180445,0.4739791750907898,0.5819107890129089,20.49230194091797,0.07999999821186066,-17.187380320137958,0.0,-21.0,-19.098563777940868,23.193257206032253,148.52300816187224,353.44056467369825,-80.43871769102351,-9660.550231217618,266.99999999999807,-7.04337139698387,0.0
227,210.8118328840392,4.216236657680777,0.9506160369768895,0.0,1.0,7.149999999999983,143,1.616322567829719,22.0,2.3225365451254145,0.3252633810043335,0.2662368416786194,18.86865997314453,0.07999999821186066,-6.43665499295595,0.0,-3.0,-7.530540347083533,6.020526575958348,66.32272855989011,171.7507354835759,-0.28437725677147085,-441.8208484265537,428.50000000000017,-2.709736712020827,0.0
228,195.40448053063076,3.9080896106126186,0.9501222991256912,0.0,1.0,6.999999999999983,140,1.5985101163387299,22.0,2.740018654764238,0.6278047561645508,0.7809803485870361,18.351940155029297,0.07999999821186066,-5.3462599198531455,0.0,-3.0,-7.463400214834422,5.811121909027707,66.02374144123979,171.5107455809612,-0.21721410592746793,-459.2198151144968,430.00000000000017,-2.694439045486147,0.0
229,-203.26806853518457,-4.065361370703691,0.9517401918100785,0.0,1.0,12.500000000000043,250,1.422609090566635,22.0,3.467689377681693,0.40917012095451355,0.6061307191848755,22.688814163208008,0.07999999821186066,-11.97036222221766,0.0,-6.0,-17.556696537918594,8.319606783951212,110.43863806569199,277.7509031829084,-47.305630514264124,-886.1043306853107,374.99999999999955,-5.840196608024399,0.0
230,-1244.122802534819,-24.88245605069635,0.9541880930349405,0.0,1.0,11.55000000000003,231,1.4789641708522647,22.0,2.8217000431723904,0.39080506563186646,0.337778776884079,22.21889305114746,0.07999999821186066,-9.27484109579615,0.0,-9.0,-14.887657591271058,8.377835205112332,102.23210676032342,262.30384448914793,-40.24443899682606,-1923.0785689080647,384.4999999999997,-5.051082397443838,0.0
231,-963.4718971359,-19.269437942718003,0.9509519444179313,0.0,1.0,11.60000000000003,232,1.3858192563056946,22.0,3.0066717214077174,0.21318641304969788,0.40946197509765625,21.141572952270508,0.07999999821186066,-11.719844253819618,0.0,-9.0,-15.75560765522988,7.911114440829781,107.74558988973183,267.71662684695445,-42.909011934100775,-1646.13632169068,383.9999999999997,-5.324442779585111,0.0
232,194.11705699510435,3.882341139902085,0.9501509541521602,0.0,1.0,6.999999999999983,140,1.5358622189079012,22.0,2.7399239899524623,0.3212946951389313,0.3222939968109131,21.5316162109375,0.07999999821186066,-6.37230038279551,0.0,-3.0,-7.4623619460334725,5.811904535363708,66.03745206721489,171.5180592955899,-0.21817224364488297,-459.50347659827224,430.00000000000017,-2.6940477323181464,0.0
233,192.70278163618585,3.854055632723721,0.9501401510875693,0.0,1.0,6.999999999999983,140,1.4363636744873864,22.0,2.7399595796675773,11.410990715026855,11.424116134643555,21.171022415161133,0.07999999821186066,-7.881905138717021,0.0,-3.0,-7.462739299727785,5.811621665387226,66.03251096001804,171.51536499595096,-0.2178390223060589,-459.4000433571133,430.00000000000017,-2.6941891673063876,0.0
234,-5302.899709111347,-106.05799418222689,1.0,0.0,1.0,23.050000000000193,461,1.5559387316284883,22.0,2.269453963047737,0.41604357957839966,0.6028102040290833,20.16208839416504,0.07999999821186066,-21.207353537507643,0.0,-12.0,-25.752846357878965,17.802857941371133,128.86448059008492,393.97514096939295,-95.10006265306355,-5949.443355034423,269.49999999999807,-9.538571029314424,0.0
235,-946.1872531491829,-18.923745062983652,0.959040978821823,0.0,1.0,11.65000000000003,233,1.4185957170607195,22.0,3.047431621109439,0.6991415619850159,0.5061943531036377,19.849334716796875,0.07999999821186066,-11.469590647238515,0.0,-7.5,-15.517261161492545,8.168408453531343,104.61520853227402,266.54981570955636,-41.743306454056906,-1627.5547318085223,383.49999999999966,-5.23579577323433,0.0
236,449.35347765112306,8.98706955302246,0.9500959398893369,0.0,1.0,30.850000000000303,617,1.6168911332925675,22.0,9.861646813756337,1.0448929071426392,0.2908315658569336,21.166484832763672,0.07999999821186066,-34.28307354255404,0.0,-9.0,-59.72315696217291,9.618771988239871,124.5294835895601,307.0339045070155,-60.451837923082046,0.0,191.499999999997,-19.870614005879904,0.0
237,-5140.84955895328,-102.8169911790656,0.9511846875488585,0.0,1.0,17.400000000000112,348,1.4409098265499904,22.0,2.764593135429952,12.330792427062988,12.808281898498535,21.035139083862305,0.07999999821186066,-12.922856169285437,0.0,-15.0,-17.028581151012748,15.623629273902218,122.20574324736988,307.39866763082335,-60.52685505423506,-5800.491121367792,325.99999999999886,-6.108185363048893,0.0
238,192.87233284385206,3.8574466568770385,0.9500875189396403,0.0,1.0,6.999999999999983,140,1.4690678375107902,22.0,2.740166976942436,12.216865539550781,13.526426315307617,20.273969650268555,0.07999999821186066,-7.972496546309266,0.0,-3.0,-7.46351752986882,5.811204632507649,66.02819100596957,171.50809324588755,-0.2188177052232021,-459.1259265753654,430.00000000000017,-2.6943976837461756,0.0
239,-3942.7422423183707,-78.85484484636748,0.951973166346433,0.0,1.0,23.6500000000002,473,1.4406919862452823,22.0,3.583049288634974,1.6644401550292969,1.746994137763977,19.692459106445312,0.07999999821186066,-18.840145113509955,0.0,-18.0,-29.565681459247855,18.15775446899719,172.68827328106735,423.7749805842949,-112.18658250752756,-4632.429718806946,263.49999999999795,-9.841122765501408,0.0
240,199.23905605753401,3.9847811211506787,0.9504286695908106,0.0,1.0,7.049999999999983,141,1.5016381780729227,22.0,2.602080933096476,1.9295284748077393,1.6123698949813843,23.072895050048828,0.07999999821186066,-7.0204973234538945,0.0,-3.0,-7.4840385605527695,5.882012011425735,66.1515084351661,171.6086620696424,-0.23622290813179347,-453.46337367227477,429.50000000000017,-2.698993994287132,0.0
241,-96.46698623444775,-1.929339724688953,0.9530681573640001,0.0,1.0,12.400000000000041,248,1.357279920049252,22.0,3.5152802011507203,5.89806604385376,6.436933994293213,22.888654708862305,0.07999999821186066,-10.247632142133078,0.0,-6.0,-18.847651747375306,7.189896553162469,97.49268689099397,264.3217869188085,-41.23089715257282,-758.8201238319127,375.9999999999996,-6.325051723418768,0.0
242,194.18362531675524,3.8836725063351043,0.9500852218765874,0.0,1.0,6.999999999999983,140,1.6241823590227535,22.0,2.7401412703654513,6.765568733215332,7.122535228729248,21.824678421020508,0.07999999821186066,-6.905280937853911,0.0,-3.0,-7.464734928494215,5.8101133147622965,66.006037153987,171.50128129766435,-0.2159739377238168,-458.8528733029677,430.00000000000017,-2.694943342618852,0.0
243,-3356.5206319572458,-67.13041263914498,0.9520839870703706,0.0,1.0,17.95000000000012,359,1.4670679584187054,22.0,3.480080548858744,28.963579177856445,29.97191047668457,24.382421493530273,0.07999999821186066,-12.980767398535804,0.0,-12.0,-18.608765989558037,15.444906094961292,121.883737016618,318.6494673702944,-65.45526653227901,-4017.316395566226,320.4999999999988,-6.6375469525193544,0.0
244,-742.4404182023911,-14.84880836404783,0.9557247506561071,0.0,1.0,17.700000000000117,354,1.4986749890833924,22.0,3.0733689243681552,1.1768256425857544,1.0045013427734375,22.911344528198242,0.07999999821186066,-16.943348274770624,0.0,-12.0,-27.135116092349786,10.604100845017047,141.2798627154345,378.2758702924796,-91.66462896639118,-1438.999209144318,322.99999999999886,-8.857949577491464,0.0
245,-80.03568043622198,-1.6007136087244387,0.9515676518196978,0.0,1.0,12.400000000000041,248,1.5435604747504956,22.0,3.5025787532536707,4.575708389282227,5.276798725128174,21.41722869873047,0.07999999821186066,-10.025597698494824,0.0,-6.0,-18.673262592539007,7.380744910564279,95.96181860455626,270.146588672639,-43.93973837559699,-744.6566064126323,375.9999999999996,-6.2296275447178635,0.0
246,-985.6058800258984,-19.712117600517974,0.9513662323971555,0.0,1.0,11.60000000000003,232,1.5209485180675983,22.0,2.9580001956655235,13.184941291809082,13.36589241027832,19.552940368652344,0.07999999821186066,-11.017314646601317,0.0,-9.0,-15.380797802170466,8.17370762237361,102.6476098988342,263.98033014366024,-41.21529258318773,-1662.600976469994,383.9999999999997,-5.193146188813193,0.0
247,-8204.657493401493,-164.0931498680301,0.9509758109699551,0.0,1.0,25.350000000000225,507,1.4102769181338053,22.0,6.942066616566462,0.4225560426712036,0.3442957103252411,20.27182388305664,0.07999999821186066,-24.18467789815181,0.0,-21.0,-18.945704250618082,26.726437695708672,141.0779644158405,359.20198464180316,-83.56726162987155,-8823.549455224067,246.49999999999775,-6.916781152145669,0.0
248,-3028.0406828698874,-60.56081365739776,0.9588663540350011,0.0,1.0,11.050000000000022,221,1.4625235773049867,22.0,2.365750301395415,0.414050817489624,0.3610307574272156,21.953819274902344,0.07999999821186066,-10.428156972298176,0.0,-7.5,-11.24955611849678,9.270971303628349,99.6690765155037,241.27610390365635,-30.524515634380478,-3703.850091519315,389.4999999999998,-4.204514348185827,0.0
249,194.2975038625517,3.8859500772510307,0.950105841239252,0.0,1.0,6.999999999999983,140,1.6144841066428592,22.0,2.7400730384142036,0.9175326228141785,1.2863430976867676,23.41767120361328,0.07999999821186066,-6.603289617722474,0.0,-3.0,-7.463998740722008,5.810671531007454,66.01586572476961,171.50654607448107,-0.21666428951805372,-459.0569625852478,430.00000000000017,-2.694664234496273,0.0
250,193.6233926897581,3.872467853795161,0.9501372845771467,0.0,1.0,6.999999999999983,140,1.6136592809643064,22.0,2.739969813574438,1.9962408542633057,2.1035311222076416,23.82523536682129,0.07999999821186066,-6.989304687748958,0.0,-3.0,-7.462839831877543,5.811543704802699,66.03113388030235,171.51461551188433,-0.21773523911015502,-459.369792500896,430.00000000000017,-2.6942281475986487,0.0
251,195.75829669617,3.9151659339234,0.9501090201708449,0.0,1.0,6.999999999999983,140,1.5159197362405914,22.0,2.7400624596895846,26.61781883239746,27.877037048339844,21.86673355102539,0.07999999821186066,-5.113484599456167,0.0,-3.0,-7.4638875399050475,5.810756374889135,66.01736671640387,171.5073573424224,-0.21677053852014794,-459.0884192471088,430.00000000000017,-2.694621812555434,0.0
252,-2702.3202497664734,-54.04640499532949,0.9502604447905816,0.0,1.0,11.300000000000026,226,1.5218058459262933,22.0,2.347444777464462,0.5564366579055786,0.4259377121925354,20.145347595214844,0.07999999821186066,-10.179808607837767,0.0,-9.0,-12.765492937897038,9.088038254487131,98.95528879600081,253.08758258998006,-36.46253445674464,-3377.547342531705,386.9999999999998,-4.495980872756432,0.0
253,-459.6012584379773,-9.19202516875955,0.9542651248875578,0.0,1.0,11.850000000000033,237,1.5984218876321608,22.0,3.4110409653318894,0.43449661135673523,0.28891903162002563,20.837677001953125,0.07999999821186066,-12.149332392874083,0.0,-4.5,-16.887753345430127,7.670592106044185,105.63133268156507,275.4125683470908,-46.06437594103572,-1144.5695859463592,381.49999999999966,-5.644703946977903,0.0
254,193.5226313389762,3.870452626779528,0.9501853758804202,0.0,1.0,6.999999999999983,140,1.6591330045035908,22.0,2.7398102854450976,0.5102378129959106,0.5232870578765869,20.264606475830078,0.07999999821186066,-6.652728014412567,0.0,-3.0,-7.461113856122554,5.812844834392159,66.0539199374237,171.526842415717,-0.21932211432947213,-459.8442342808882,430.00000000000017,-2.6935775828039197,0.0
255,193.14218632202355,3.862843726440472,0.9501805684167042,0.0,1.0,6.999999999999983,140,1.6707022735050747,22.0,2.7398260825063523,58.27836227416992,56.71146774291992,20.840774536132812,0.07999999821186066,-7.076985852157247,0.0,-3.0,-7.461294981492193,5.812710308065086,66.05159371243094,171.5256162544735,-0.21916175087410394,-459.796646522455,430.00000000000017,-2.6936448459674565,0.0
256,-99.70348225471776,-1.9940696450943571,0.9517175569694916,0.0,1.0,12.35000000000004,247,1.6328483769285533,22.0,3.5456690113220115,12.200614929199219,12.48361587524414,23.148853302001953,0.07999999821186066,-7.866381463073925,0.0,-6.0,-18.5829184239467,7.3628269364975045,96.84652577484425,270.5372555505794,-44.101375687142564,-768.2008284107243,376.4999999999996,-6.198586531751246,0.0
257,-294.1918788617467,-5.8838375772349405,0.9521406356366249,0.0,1.0,12.000000000000036,240,1.4591021213680506,22.0,3.583625946914674,11.022734642028809,11.529963493347168,23.391742706298828,0.07999999821186066,-10.33504217291265,0.0,-6.0,-17.798169258840677,7.314391592226375,104.13341547850779,273.40290969855045,-45.341153459536855,-973.625426535854,379.99999999999966,-5.942804203886814,0.0
258,196.439747974422,3.9287949594884397,0.950127357915802,0.0,1.0,6.999999999999983,140,1.5828682586550713,22.0,2.7400021791560256,2.8572707176208496,2.962535858154297,21.96665382385254,0.07999999821186066,-4.264287829473395,0.0,-3.0,-7.463207427100612,5.811266119368456,66.02625393158011,171.51205493638986,-0.21739133846468306,-459.2705734775622,430.00000000000017,-2.694366940315773,0.0
259,194.65439134170694,3.893087826834136,0.9501088640296134,0.0,1.0,6.999999999999983,140,1.714564250409603,22.0,2.740062931739917,0.34613853693008423,0.33880501985549927,22.068498611450195,0.07999999821186066,-6.218795681775082,0.0,-3.0,-7.463896622424265,5.810750480283832,66.01727808086565,171.5073175575201,-0.21676534763981792,-459.0868723652654,430.00000000000017,-2.6946247598580824,0.0
260,-315.8242974899789,-6.316485949799586,0.952962698948943,0.0,1.0,18.100000000000122,362,1.5580778009983716,22.0,3.558897748569992,11.034340858459473,11.633832931518555,20.716936111450195,0.07999999821186066,-19.439355019332037,0.0,-9.0,-31.06976888010725,7.446479688046895,101.1667527919094,302.96901720037897,-58.41588061758624,-917.7247824973109,318.99999999999875,-10.756760155976542,0.0
261,-2076.2082184864826,-41.524164369729625,0.95444344610385,0.0,1.0,18.00000000000012,360,1.405523826761378,22.0,3.565568106293957,1.4773389101028442,1.1225330829620361,21.492525100708008,0.07999999821186066,-15.295802177183432,0.0,-12.0,-22.846526608882158,13.457588640429227,136.62291174008556,359.4704009054402,-83.40914693633218,-2764.5364383702527,319.9999999999988,-7.6712056797853805,0.0
262,-3126.304456313329,-62.52608912626656,0.9508718214359522,0.0,1.0,17.800000000000118,356,1.4179490807183672,22.0,3.3932120276820243,6.028728008270264,6.195968151092529,22.55991554260254,0.07999999821186066,-17.1151516888018,0.0,-12.0,-20.057292736032643,14.522776012283744,128.12006919354695,327.60780256625856,-69.53372209234982,-3792.870325574374,321.9999999999988,-6.978611993858127,0.0
263,-2546.648896714657,-50.932977934293135,0.9511653436094509,0.0,1.0,12.800000000000047,256,1.513925799750723,22.0,3.406490898692923,9.253443717956543,9.653056144714355,22.67207145690918,0.07999999821186066,-10.366144774417766,0.0,-9.0,-11.916499038964103,11.753570529525263,98.6249486337009,237.13330823167533,-29.29935394754401,-3201.2155116133936,371.99999999999955,-4.363214735237366,0.0
264,194.85715732424063,3.8971431464848116,0.9501506766603249,0.0,1.0,6.999999999999983,140,1.6414852365851402,22.0,2.7399344988992245,0.37592798471450806,0.2789948582649231,20.99993133544922,0.07999999821186066,-5.618385883168158,0.0,-3.0,-7.462227968828882,5.812024563734207,66.04007445893731,171.51855332403747,-0.21841401119068848,-459.5204794411479,430.00000000000017,-2.693987718132896,0.0
265,-1664.2940209246917,-33.28588041849384,0.9623855566736996,0.0,1.0,11.500000000000028,230,1.4288009332573932,22.0,2.6961286544098364,15.48129653930664,15.329174995422363,21.925212860107422,0.07999999821186066,-9.168399418946143,0.0,-9.0,-14.364685326643817,8.56809138593678,104.4657379281082,263.1431650237297,-39.96167325442836,-2348.0603029554154,384.9999999999997,-4.915954307031612,0.0
266,-5325.994363866112,-106.5198872773223,0.9773703975659953,0.0,1.0,17.30000000000011,346,1.422136959485236,22.0,2.320771314480699,0.579731822013855,0.2922617197036743,24.284475326538086,0.07999999821186066,-13.802097587803802,0.0,-15.0,-18.029338285623172,15.062316817099916,132.34670500832655,334.2168038615257,-70.35116991095396,-6011.128742177234,326.99999999999886,-6.308841591450034,0.0
267,194.45975937908665,3.8891951875817314,0.9501249229882667,0.0,1.0,6.999999999999983,140,1.5889659853918212,22.0,2.7400099264877102,0.5353620052337646,0.574299156665802,25.174699783325195,0.07999999821186066,-6.266998919779869,0.0,-3.0,-7.463310294064914,5.811191188613065,66.02497835796264,171.51141608540757,-0.21730219889755986,-459.245810434461,430.00000000000017,-2.6944044056934677,0.0
268,194.37982294512437,3.8875964589024825,0.9501618427447369,0.0,1.0,6.999999999999983,140,1.5241240727049963,22.0,2.739899083512275,0.8221907615661621,0.6016935706138611,23.106943130493164,0.07999999821186066,-5.985656043712645,0.0,-3.0,-7.4617796912244865,5.8123687109888635,66.04621469069508,171.52164379046013,-0.21889426507003762,-459.6402586025071,430.00000000000017,-2.693815644505568,0.0
269,-1187.0874447693072,-23.74174889538613,0.9502938458707328,0.0,1.0,11.55000000000003,231,1.4871268420766441,22.0,2.8605883469964426,17.80052947998047,18.424043655395508,21.60988426208496,0.07999999821186066,-11.202922900533336,0.0,-9.0,-15.000765247107708,8.30933436558192,102.45461293462716,262.3182123598586,-40.562364490278526,-1863.8182189742452,384.4999999999997,-5.085332817209042,0.0
270,193.66170615539826,3.87323412310797,0.9501671755950425,0.0,1.0,6.999999999999983,140,1.649090353505952,22.0,2.7398705283421068,0.7578719854354858,0.7380564212799072,23.250967025756836,0.07999999821186066,-6.679333606014843,0.0,-3.0,-7.4617736212393435,5.812348821993087,66.04525214798933,171.52220986077216,-0.2187192238509006,-459.6644526352478,430.00000000000017,-2.693825589003456,0.0
271,192.2261713910652,3.8445234278213,0.9501018559689127,0.0,1.0,6.999999999999983,140,1.555133251632963,22.0,2.740146845362149,9.41874885559082,9.917366027832031,21.137147903442383,0.07999999821186066,-8.501796156959132,0.0,-3.0,-7.462841806404037,5.811730128440303,66.03837812908473,171.5119899494488,-0.21940261113085668,-459.25775130563505,430.00000000000017,-2.6941349357798505,0.0
272,192.9090247685571,3.8581804953711396,0.9501475638265506,0.0,1.0,6.999999999999983,140,1.510717574613435,22.0,2.739935446248271,17.22431755065918,18.119245529174805,21.376436233520508,0.07999999821186066,-7.610417210265877,0.0,-3.0,-7.462486817038122,5.811813501820655,66.03591263750774,171.51722057827112,-0.21807070644086934,-459.4708539662079,430.00000000000017,-2.6940932490896725,0.0
273,192.20719559079632,3.8441439118159266,0.9501698527284959,0.0,1.0,6.999999999999983,140,1.615337511045592,22.0,2.7398614988944012,8.671472549438477,9.445806503295898,22.061899185180664,0.07999999821186066,-8.109743226060232,0.0,-3.0,-7.461681859983829,5.812418373658437,66.04647366387177,171.52288194578185,-0.2188037576233981,-459.6905587356774,430.00000000000017,-2.6937908131707813,0.0
274,-2826.6509074848145,-56.53301814969629,0.9613710132138833,0.0,1.0,11.200000000000024,224,1.4447608523602997,22.0,2.8327658794914243,0.8121148943901062,0.622076690196991,20.979869842529297,0.07999999821186066,-8.032802933157951,0.0,-9.0,-11.71160336253002,9.323860474110601,100.84369892136542,246.58723602497335,-32.68464606509977,-3505.6785807815304,387.9999999999998,-4.2980697629447,0.0
275,-3644.822302627106,-72.89644605254217,0.951443225632274,0.0,1.0,11.250000000000025,225,1.4661708556281197,22.0,2.5747391692609534,0.37197673320770264,0.31565216183662415,23.50861358642578,0.07999999821186066,-9.158313076923957,0.0,-6.0,-8.143985698503165,11.589928424482904,80.05877348667033,206.80675949403957,-15.798657280102368,-4288.471772189013,387.4999999999998,-3.205035787758549,0.0
276,200.61633217930233,4.0123266435860465,0.9501188351857326,0.0,1.0,7.049999999999983,141,1.5881836602451107,22.0,2.603017172950992,8.294424057006836,8.631682395935059,20.76013946533203,0.07999999821186066,-6.565105217430975,0.0,-3.0,-7.488303295261469,5.879978954336738,66.12895501199662,171.5752191607496,-0.24614614547454394,-452.468255766782,429.50000000000017,-2.700010522831631,0.0
277,-7546.218417110505,-150.92436834221013,0.9503661969066353,0.0,1.0,23.950000000000205,479,1.4777835233599756,22.0,4.045720956999282,2.11759877204895,2.350356101989746,21.125944137573242,0.07999999821186066,-23.684850104812014,0.0,-18.0,-21.066185081033023,23.470518250430914,138.76623383370494,366.71092173212975,-86.95333612841577,-8178.536978737722,260.49999999999795,-7.424740874784527,0.0
278,-5327.512641343323,-106.55025282686641,0.9517411413052554,0.0,1.0,17.600000000000115,352,1.4614658962765879,22.0,3.980368829225793,7.559828758239746,8.245718002319336,22.29391098022461,0.07999999821186066,-15.739302959780574,0.0,-15.0,-16.764727269501943,16.032350881437008,126.0606788289054,310.70486347664576,-61.95175912964429,-5988.7909206120985,323.99999999999886,-6.0638245592815,0.0
279,194.3444999873678,3.8868899997473605,0.9500930598861215,0.0,1.0,6.999999999999983,140,1.5461575041924205,22.0,2.7401153262480324,8.311375617980957,8.197322845458984,21.709857940673828,0.07999999821186066,-6.6729105902427515,0.0,-3.0,-7.46445458081548,5.810325694954855,66.00977270344828,171.5032823398574,-0.21623624904687944,-458.93044217826497,430.00000000000017,-2.694837152522573,0.0
280,193.26601543892724,3.865320308778543,0.9501801823603517,0.0,1.0,6.999999999999983,140,1.6170329830476216,22.0,2.739827441766674,1.0865429639816284,1.1170352697372437,20.226783752441406,0.07999999821186066,-6.956700425511665,0.0,-3.0,-7.46130262911138,5.812702816247111,66.05143601452812,171.52551797132034,-0.21914895398088774,-459.7928407626882,430.00000000000017,-2.693648591876445,0.0
281,-733.5185094510896,-14.67037018902179,0.9551937877639793,0.0,1.0,11.700000000000031,234,1.537687123968051,22.0,3.19488623600582,0.3234497904777527,0.3529958724975586,23.74597930908203,0.07999999821186066,-9.73774001192571,0.0,-9.0,-16.338793492499054,7.725215299484512,109.26968027550136,272.13039260938893,-44.53133813861012,-1420.5385336421718,382.99999999999966,-5.49739235025774,0.0
282,194.67381145239244,3.893476229047849,0.9501315955082901,0.0,1.0,6.999999999999983,140,1.6264381544930595,22.0,2.7399879881282545,0.3366643488407135,0.3442709743976593,24.251937866210938,0.07999999821186066,-5.992175516419377,0.0,-3.0,-7.463059401776671,5.8113776585844485,66.02820402118691,171.5131177554034,-0.2175246950716314,-459.3118171988071,430.00000000000017,-2.694311170707776,0.0
283,197.99563672641244,3.959912734528248,0.951003921319886,0.0,1.0,7.049999999999983,141,1.6497584864602868,22.0,2.599408779107069,0.40655896067619324,0.6081774830818176,22.481246948242188,0.07999999821186066,-6.694088628343886,0.0,-1.5,-7.478321572735042,5.884069238133356,66.13397779695603,171.68485501430035,-0.2240663007648358,-456.61282344020026,429.50000000000017,-2.6979653809333204,0.0
284,194.13117479885508,3.8826234959771018,0.950100457775152,0.0,1.0,6.999999999999983,140,1.5746966061847552,22.0,2.74013185776938,0.6075693368911743,0.6305224895477295,22.134702682495117,0.07999999821186066,-6.7398857933743415,0.0,-3.0,-7.463541028447033,5.811103291026107,66.02569765181681,171.50782946661153,-0.21766536314851592,-459.09791507114284,430.00000000000017,-2.6944483544869464,0.0
285,-415.36769412701614,-8.307353882540312,0.9561283212725544,0.0,1.0,11.900000000000034,238,1.60244104015727,22.0,3.458685706674716,17.782968521118164,16.131248474121094,22.543075561523438,0.07999999821186066,-10.949227603292531,0.0,-6.0,-17.044414799429084,7.656336564560159,105.7750920617484,276.85999576274344,-46.5586213038594,-1100.4150230917664,380.99999999999966,-5.691831717719915,0.0
286,-13081.387563340011,-261.62775126680015,1.0,1.0,0.0,22.500000000000185,450,1.6907222160365847,22.0,1.3374402356112727,0.7547850608825684,0.631810188293457,19.99875259399414,0.07999999821186066,-16.642791579542187,-1000.0,-18.0,-13.608011746857262,26.11035847665998,114.692136717938,304.61566886290956,-55.38474171684867,-12418.225361592586,0.0,-4.944820761669933,0.0
287,-4260.789637245848,-85.21579274491697,0.9519285677761147,0.0,1.0,17.85000000000012,357,1.4785920300570523,22.0,3.0892299584517273,0.8556826114654541,0.6584510803222656,22.201799392700195,0.07999999821186066,-17.931791736207817,0.0,-12.0,-16.07694089148806,16.92504839768645,114.77974475743233,315.3564732587778,-64.00414713736757,-4913.520548093526,321.4999999999988,-5.817475801156784,0.0
288,-455.6617416737656,-9.113234833475321,0.9541841112305729,0.0,1.0,11.850000000000033,237,1.439971297476362,22.0,3.4224260539514004,0.9454427361488342,1.4777679443359375,23.20793342590332,0.07999999821186066,-10.178630238318256,0.0,-6.0,-17.033108635537577,7.571277303830189,107.4203966736576,276.64998226090785,-46.62081877306882,-1143.2764789171524,381.49999999999966,-5.694361348084905,0.0
289,193.57030879804117,3.8714061759608205,0.9501396533971227,0.0,1.0,6.999999999999983,140,1.6948961172785078,22.0,2.7399612473552386,0.35015153884887695,0.20637553930282593,23.93182373046875,0.07999999821186066,-7.022105790274162,0.0,-3.0,-7.462777403448775,5.81159305262083,66.0320209791841,171.51517519906878,-0.21779448337188256,-459.39159928204845,430.00000000000017,-2.694203473689586,0.0
290,-132.0373881481172,-2.640747762962345,0.9527670789596014,0.0,1.0,12.30000000000004,246,1.5471575868323566,22.0,3.5532073061218084,6.738492965698242,7.492062568664551,23.960948944091797,0.07999999821186066,-12.545566733638399,0.0,-6.0,-18.127938588430652,7.611098464418447,97.90622115169624,276.65424065431387,-46.73607397403802,-801.7649183546475,376.9999999999996,-6.034450767790774,0.0
291,192.88973540505998,3.8577947081012,0.9501734059183486,0.0,1.0,6.999999999999983,140,1.5532983803323337,22.0,2.739855412540309,7.431041240692139,7.752471446990967,23.79942512512207,0.07999999821186066,-7.327092869369661,0.0,-3.0,-7.4612382046918375,5.812799269433353,66.05385811338806,171.525603119518,-0.21972891298455366,-459.80086474495033,430.00000000000017,-2.693600365283322,0.0
292,192.8762267649703,3.8575245352994036,0.9501762924172508,0.0,1.0,6.999999999999983,140,1.6616961415324891,22.0,2.7398466192413076,0.33905380964279175,0.20259502530097961,22.128459930419922,0.07999999821186066,-7.375831429502341,0.0,-3.0,-7.461360009817443,5.812667720718926,66.05111199508099,171.5247685821049,-0.21912708755541743,-459.76233686641893,430.00000000000017,-2.693666139640538,0.0
293,-783.3521034336563,-15.667042068673117,0.9582630038238333,0.0,1.0,11.700000000000031,234,1.5696861330005858,22.0,3.135073929648173,0.4588342308998108,0.6373345255851746,24.219385147094727,0.07999999821186066,-9.477718254144113,0.0,-9.0,-15.83097337128929,8.0715237596465,103.82572494136163,267.94916453251636,-42.42747726410059,-1464.1381096574696,382.99999999999966,-5.324238120176746,0.0
294,-2255.8879173020337,-45.117758346040674,0.9513097786769364,0.0,1.0,12.950000000000049,259,1.4061171285894387,22.0,2.9488157470116736,0.7609014511108398,1.215265154838562,20.876630783081055,0.07999999821186066,-11.419801307037208,0.0,-7.5,-13.08287017130595,11.537887055941813,101.65767571847609,253.39545922626155,-36.51542180640568,-2919.8697895459345,370.49999999999955,-4.591056472029096,0.0
295,193.0989346753374,3.861978693506746,0.9500409675536889,0.0,1.0,6.999999999999983,140,1.5124199946011816,22.0,2.740390606804458,1.5933146476745605,2.125393867492676,22.736316680908203,0.07999999821186066,-8.149833403935482,0.0,-3.0,-7.464569950682934,5.810495251631463,66.01890202255622,171.49793827917836,-0.21802849756197062,-458.70121665166425,430.00000000000017,-2.6947523741842705,0.0
296,192.93986233484156,3.8587972466968274,0.9501534639839042,0.0,1.0,6.999999999999983,140,1.5423955059477261,22.0,2.7399158145311517,26.86241912841797,27.284894943237305,22.319658279418945,0.07999999821186066,-7.526618497689383,0.0,-3.0,-7.4622651498545824,5.81197603493814,66.03868381213857,171.51870046070147,-0.2182564193772052,-459.5283459234848,430.00000000000017,-2.6940119825309314,0.0
297,88.95500506640303,1.7791001013280656,0.9512972571061262,0.0,1.0,12.950000000000049,259,1.4514776216280507,22.0,2.5320062374312715,7.1122236251831055,8.192983627319336,19.353641510009766,0.07999999821186066,-13.111482830008393,0.0,-6.0,-19.683854708706274,7.464093894859314,88.6000336469109,260.0964396059898,-39.49463703417201,-552.7876344558991,370.49999999999955,-6.627953052570348,0.0
298,192.74909931315725,3.8549819862631436,0.9501374580614717,0.0,1.0,6.999999999999983,140,1.5633499151894024,22.0,2.7399753418282815,4.2322611808776855,3.153437614440918,22.685453414916992,0.07999999821186066,-7.847085522463821,0.0,-3.0,-7.462738594576758,5.811639520631253,66.03325669060439,171.51513631537637,-0.21795282858292353,-459.388976028147,430.00000000000017,-2.694180239684373,0.0
299,201.4667594548601,4.0293351890972025,0.9512067721058546,0.0,1.0,7.099999999999983,142,1.5368815398132298,22.0,2.4598175730755982,12.113276481628418,11.857625961303711,23.963350296020508,0.07999999821186066,-6.949750765705871,0.0,-3.0,-7.499705209784785,5.954443360630996,66.23845046802796,171.76910717499075,-0.24528364263863622,-451.097723610976,429.00000000000017,-2.702778319684502,0.0
300,-2757.053667594243,-55.141073351884884,0.9586307231681965,0.0,1.0,17.35000000000011,347,1.4467832481311447,22.0,2.3233848280736926,7.077449798583984,6.737449645996094,22.25462532043457,0.07999999821186066,-14.008794288307762,0.0,-10.5,-23.680756909061607,11.966793720257488,137.70323237301946,361.6098576809124,-84.02503444917207,-3454.722362582021,326.49999999999886,-7.896603139871251,0.0
